case_id,group,settlement,maturity,coupon_pct,yield_pct,frequency,basis,couppcd,coupncd,coupnum,coupdaybs,coupdays,coupdaysnc,price,accrued,accrint,yield_pct_from_price,duration,mduration,dv01,price_down_1bp,price_up_1bp,convexity_fd
99080CAE8,holdings,2026-09-30,2032-06-18,7.0,5.606,2,0,2026-06-18,2026-12-18,12,102,180,78,106.72659513009698,1.9833333333333334,1.9833333333333336,5.605999999999526,4.756664504370132,4.626970520675595,0.050299763430504484,106.77690922344026,106.67630969052466,26.358007368037242
99049XAE2,holdings,2026-09-30,2029-04-17,8.125,9.22,2,0,2026-04-17,2026-10-17,6,163,180,17,97.55569357525346,3.6788194444444446,3.6788194444444446,9.219999994716723,2.2645661735688156,2.164770264380858,0.021914946351411883,97.57761162496372,97.53378173156925,6.130346136293008
99039NAC0,holdings,2026-09-30,2030-06-03,5.125,5.509,2,0,2026-06-03,2026-12-03,8,117,180,63,98.73015953459898,1.665625,1.6656250000000001,5.509000000000004,3.339400730109219,3.2498827108391546,0.03262745244001262,98.76279343534341,98.69753852853458,12.843846069574422
99039NAG1,holdings,2026-09-30,2053-04-09,6.125,6.756,2,0,2026-04-09,2026-10-09,54,171,180,9,92.26070382246942,2.909375,2.909375,6.755999999999972,12.52195499149521,12.112785110463745,0.11527747137224688,92.37609219642542,92.14553708647516,232.88618067523504
99034IAD4,holdings,2026-09-30,2036-04-05,4.625,5.6,2,0,2026-04-05,2026-10-05,20,175,180,5,92.88313323779559,2.248263888888889,2.248263888888889,5.599999999990576,7.543366444427769,7.3379051015834325,0.06980651642966575,92.95297133880936,92.81335828520953,66.38021687384351
99034IAA0,holdings,2026-09-30,2038-09-17,4.625,5.96,2,0,2026-09-17,2027-03-17,24,13,180,167,88.69236952109092,0.16701388888888888,0.16701388888888888,5.959999999523383,9.109956457341582,8.846335654827715,0.07860799317257108,88.77102067372172,88.61380465290775,97.10223537668972
99126WAE0,holdings,2026-09-30,2029-07-16,4.125,4.516,2,0,2026-07-16,2027-01-16,6,74,180,106,98.97865339273322,0.8479166666666667,0.8479166666666667,4.516000000000002,2.645941111397759,2.587515022196561,0.025830274964305466,99.00448776215984,98.95282721122653,8.202144892205297
99140KAG3,holdings,2026-09-30,2055-04-21,6.5,6.142,2,0,2026-04-21,2026-10-21,58,159,180,21,104.78787150727857,2.870833333333333,2.870833333333333,6.141999997324934,13.290765490231314,12.894767189831585,0.1388233934878485,104.92683681635873,104.64918980137377,263.4280022184685
99127XAB3,holdings,2026-09-30,2029-06-26,5.25,4.59,2,0,2026-06-26,2026-12-26,6,94,180,86,101.67319476239454,1.3708333333333333,1.3708333333333333,4.5900000000000105,2.5554492197110585,2.4981174248116313,0.025741608210871715,101.69894036606445,101.64745714867878,7.753922546806044
99033HAF2,holdings,2026-09-30,2050-02-26,7.0,6.393,2,0,2026-08-26,2027-02-26,47,34,180,146,107.30958576954093,0.6611111111111111,0.6611111111111112,6.392999994182672,12.146351544787533,11.770119669550356,0.12708280230900218,107.43678035917303,107.18261460250496,206.92891921286906
99120QAE9,holdings,2026-09-30,2029-04-13,4.375,4.829,2,0,2026-04-13,2026-10-13,6,167,180,13,98.92667619064328,2.029513888888889,2.029513888888889,4.82899999914036,2.3788925131475516,2.3228083065850553,0.023450187691791705,98.95012980288573,98.90322942671983,6.783456267558719
99120QAC3,holdings,2026-09-30,2031-07-18,4.0,4.731,2,0,2026-07-18,2027-01-18,10,72,180,108,96.88807641702697,0.8,0.8,4.731000000000001,4.3726566390283965,4.271611665090677,0.04172855267632418,96.92981546004644,96.84635835078988,21.47322699354402
99120QAA7,holdings,2026-09-30,2034-06-08,6.875,5.29,2,0,2026-06-08,2026-12-08,16,112,180,68,109.89659875661062,2.138888888888889,2.1388888888888893,5.289999999994633,6.0679515394955486,5.911589984407957,0.06623078666633962,109.96285393983476,109.83039235328881,43.53968849882326
99120QAD1,holdings,2026-09-30,2036-02-16,5.125,5.375,2,0,2026-08-16,2027-02-16,19,44,180,136,98.17098940441396,0.6263888888888889,0.6263888888888889,5.3749999999999885,7.4952724084335545,7.299108857878081,0.07211328190357784,98.24313476205973,98.0989081774902,64.91136010176662
99044SAB4,holdings,2026-09-30,2030-02-02,6.25,4.488,2,0,2026-08-02,2027-02-02,7,58,180,122,105.39995205477037,1.0069444444444444,1.0069444444444444,4.487999999999992,3.0459950124896715,2.979143042613426,0.03170013653917227,105.4316579721404,105.36825769745052,10.864004649327148
99103ZAC4,holdings,2026-09-30,2028-04-15,5.75,6.028,2,0,2026-04-15,2026-10-15,4,165,180,15,99.59322803188094,2.6354166666666665,2.6354166666666665,6.028000000000009,1.4591350804708254,1.4164434741596534,0.014480109665544362,99.60770956201009,99.57874934244656,2.778765928327575
99141LAA3,holdings,2026-09-30,2032-11-01,6.375,6.61,2,0,2026-05-01,2026-11-01,13,149,180,31,98.83056280444467,2.638541666666667,2.6385416666666663,6.609999999999997,4.9999391794774715,4.839977909566305,0.04911082241436545,98.87968836386983,98.78146671250653,29.040846648147074
99009JAA9,holdings,2026-09-30,2034-12-06,9.5,18.734,2,0,2026-06-06,2026-12-06,17,114,180,66,62.04503206584584,3.0083333333333333,3.0083333333333333,18.7339999999441,4.936014305158287,4.513257477263057,0.029360258780897125,62.07440214283006,62.01568162022122,30.177315940386915
99009JAC5,holdings,2026-09-30,2050-06-22,9.25,9.765,2,0,2026-06-22,2026-12-22,48,98,180,82,95.24781497611389,2.5180555555555557,2.5180555555555553,9.764999999999995,9.45938009457057,9.019026143132143,0.0881752942231199,95.3360578958276,95.15970722242952,138.25482103620953
99075XAG4,holdings,2026-09-30,2029-11-24,5.875,5.93,2,0,2026-05-24,2026-11-24,7,126,180,54,99.8350317503994,2.05625,2.05625,5.929999999999994,2.8639233954225305,2.781453304931317,0.028340584236833638,99.86337722772929,99.80669605795812,9.603263841983136
99075XAH2,holdings,2026-09-30,2031-12-28,5.75,6.764,2,0,2026-06-28,2026-12-28,11,92,180,88,95.57296236439393,1.4694444444444446,1.4694444444444443,6.763999999999985,4.516613142765612,4.368858353258413,0.042396452960709465,95.61537005418108,95.53057714384151,23.15403697106855
99075XAE9,holdings,2026-09-30,2035-11-12,7.375,7.395,2,0,2026-05-12,2026-11-12,19,138,180,42,99.85703625367863,2.8270833333333334,2.8270833333333334,7.395000000000004,6.60823876223964,6.372611453737689,0.06543659965971631,99.92250006218838,99.79162684613753,52.97895026954696
99112IAB3,holdings,2026-09-30,2035-08-21,7.0,6.705,2,0,2026-08-21,2027-02-21,18,39,180,141,101.94229362997565,0.7583333333333333,0.7583333333333334,6.704999999999783,6.741649776404415,6.5229672977474324,0.06699128311398228,102.0093124742621,101.87532989132488,53.65657183467513
99112IAA5,holdings,2026-09-30,2036-01-01,4.75,6.42,2,0,2026-07-01,2027-01-01,19,89,180,91,88.47429898684067,1.1743055555555555,1.1743055555555557,6.419999999849496,7.371828542103942,7.14255260353061,0.06403198737771781,88.53835902046592,88.4102950278363,62.54935162953296
99112IAC1,holdings,2026-09-30,2042-02-13,6.375,6.673,2,0,2026-08-13,2027-02-13,31,47,180,133,97.1525384729406,0.8322916666666667,0.8322916666666668,6.672999999986774,9.850049746693468,9.532014096368144,0.09339927821209747,97.2459983126786,97.05919969767666,123.55430310714183
99071TAB8,holdings,2026-09-30,2028-04-11,5.0,4.566,2,0,2026-04-11,2026-10-11,4,169,180,11,100.63298952630137,2.3472222222222223,2.3472222222222223,4.565999999999978,1.4589026182557747,1.4263392922145175,0.01468847223374903,100.64767944404275,100.61830249933789,2.8071197791630773
99071TAG7,holdings,2026-09-30,2031-03-03,4.0,4.602,2,0,2026-09-03,2027-03-03,9,27,180,153,97.61163014930354,0.3,0.3,4.602,4.082665631114393,3.9908364836261554,0.03907493057711512,97.65071423935706,97.5725643750082,18.7064173633694
99071TAC6,holdings,2026-09-30,2052-11-17,4.75,5.335,2,0,2026-05-17,2026-11-17,53,133,180,47,91.79889474965397,1.7548611111111112,1.7548611111111112,5.334999993058057,14.462592544308853,14.086826448787448,0.13178755224428293,91.93081803001094,91.66724271361693,289.9341853493734
99068QAE3,holdings,2026-09-30,2041-06-09,5.5,5.231,2,0,2026-06-09,2026-12-09,30,111,180,69,102.72581597153207,1.6958333333333333,1.6958333333333333,5.230999999997664,10.16495240047529,9.905864514108776,0.10343867103537778,102.82932166021449,102.62244425439046,128.2986255215523
99097TAB8,holdings,2026-09-30,2038-02-20,4.25,5.874,2,0,2026-08-20,2027-02-20,23,40,180,140,86.64628865421902,0.4722222222222222,0.4722222222222222,5.873999999380027,8.897149930133512,8.643296317294572,0.07529911042265318,86.72162767674021,86.57102942523454,91.59194287232302
99097TAH5,holdings,2026-09-30,2049-05-11,5.625,5.528,2,0,2026-05-11,2026-11-11,46,139,180,41,101.23665942853498,2.171875,2.171875,5.527999999997843,12.85178696592927,12.506117868056197,0.12932393201262057,101.36610010576608,101.1074520824797,225.6401535039145
99016QAE6,holdings,2026-09-30,2049-06-05,7.25,6.809,2,0,2026-06-05,2026-12-05,46,115,180,65,105.04419861090321,2.3159722222222223,2.315972222222222,6.808999998107177,11.465065513101056,11.087588560556895,0.11903654019887956,105.16333597157843,104.92526275871964,187.6938999881799
99067PAC0,holdings,2026-09-30,2034-09-26,3.5,4.905,2,0,2026-09-26,2027-03-26,16,4,180,176,90.80487851788357,0.03888888888888889,0.038888888888888896,4.90499999999673,6.9769438745785095,6.809930333157815,0.061863972724171296,90.86676695934001,90.74303899991347,53.85453263039839
99058GAC1,holdings,2026-09-30,2049-07-12,5.5,5.189,2,0,2026-07-12,2027-01-12,46,78,180,102,104.1193290711484,1.1916666666666667,1.1916666666666667,5.188999999862446,13.303861563996469,12.967421805259022,0.1365612102464083,104.25601560481492,103.98289301119112,237.84193423929585
99002CAC7,holdings,2026-09-30,2028-10-28,5.25,5.4,2,0,2026-04-28,2026-10-28,5,152,180,28,99.70427190489822,2.216666666666667,2.216666666666667,5.400000000000004,1.95286153633878,1.9015204832899515,0.019380475236996753,99.72365477855594,99.68489382760615,4.705966896715766
99002CAA1,holdings,2026-09-30,2034-12-12,5.875,6.375,2,0,2026-06-12,2026-12-12,17,108,180,72,96.83398432284754,1.7625,1.7625,6.374999999999879,6.4774573795705646,6.277366327869717,0.06189262507345776,96.89590107405832,96.77211581013326,48.92516889096358
99002CAB9,holdings,2026-09-30,2047-06-05,5.25,6.195,2,0,2026-06-05,2026-12-05,42,115,180,65,89.0560074219356,1.6770833333333333,1.6770833333333333,6.1950000000000145,12.128564175055793,11.764169039070582,0.10673994170823159,89.16283690864383,88.949356912212,197.25657213293653
99023XAB8,holdings,2026-09-30,2033-08-16,4.0,4.687,2,0,2026-08-16,2027-02-16,14,44,180,136,95.9962042883521,0.4888888888888889,0.4888888888888889,4.686999999999998,6.030769345829825,5.8926745184890335,0.05685552499795681,96.05307942799058,95.93936836815162,40.64818376437083
99023XAD4,holdings,2026-09-30,2037-07-13,5.5,4.965,2,0,2026-07-13,2027-01-13,22,77,180,103,104.41830714697294,1.176388888888889,1.176388888888889,4.964999999998584,8.248430896347461,8.04862381025781,0.08498919847511735,104.50333892690482,104.33336049886087,80.62130297428018
99030EAE5,holdings,2026-09-30,2031-07-10,4.125,4.299,2,0,2026-07-10,2027-01-10,10,80,180,100,99.2502539984492,0.9166666666666666,0.9166666666666666,4.299000000000013,4.34469918932034,4.253275042286394,0.04260374637276186,99.29286842864529,99.20766093193157,21.32807751608509
99030EAB1,holdings,2026-09-30,2035-12-20,5.875,4.509,2,0,2026-06-20,2026-12-20,19,100,180,80,110.20596518679905,1.6319444444444444,1.6319444444444444,4.508999999994664,7.253497427256676,7.093572827852736,0.07933303568840386,110.28533294624803,110.12666685269807,62.07675755488533
99123TAD2,holdings,2026-09-30,2030-07-13,4.75,5.149,2,0,2026-07-13,2027-01-13,8,77,180,103,98.63583824760767,1.0159722222222223,1.0159722222222223,5.148999999999976,3.4732670227452824,3.3860920820918285,0.033743020639800655,98.66958813415769,98.60210209077073,13.777685547682436
99123TAH3,holdings,2026-09-30,2038-04-04,5.125,5.897,2,0,2026-04-04,2026-10-04,24,176,180,4,93.61350146716508,2.5055555555555555,2.5055555555555555,5.8969999999691876,8.502732790746323,8.259209984357542,0.07938674754490863,93.6929301010921,93.53415657376857,87.12167297669811
99101XAB3,holdings,2026-09-30,2038-08-08,4.25,5.937,2,0,2026-08-08,2027-02-08,24,52,180,128,85.7794073417377,0.6138888888888889,0.6138888888888888,5.936999998856557,9.138765502577732,8.875302158016998,0.0766766608473882,85.85612604165607,85.7027726865347,97.28152419927709
99041PAA5,holdings,2026-09-30,2030-05-22,4.75,4.606,2,0,2026-05-22,2026-11-22,8,128,180,52,100.47251707548541,1.6888888888888889,1.6888888888888889,4.606000000000006,3.3352679008139434,3.260185821348292,0.03330651672140599,100.50583017206772,100.43921713665854,12.879379750652742
99070SAF2,holdings,2026-09-30,2033-05-21,4.375,5.003,2,0,2026-05-21,2026-11-21,14,129,180,51,96.48260918994198,1.5677083333333333,1.5677083333333333,5.002999999999983,5.725752303639779,5.58601806182327,0.05477108446525226,96.53739849566112,96.42785631788455,37.15812720005815
99070SAE5,holdings,2026-09-30,2049-12-17,6.25,5.922,2,0,2026-06-17,2026-12-17,47,103,180,77,104.09848297313692,1.7881944444444444,1.7881944444444444,5.921999999618769,12.546542344846149,12.18572308431945,0.12903057293293085,104.2276295391051,103.96956823383097,218.93846127157653
99098UAA6,holdings,2026-09-30,2030-09-08,6.625,6.362,2,0,2026-09-08,2027-03-08,8,22,180,158,100.89820020645993,0.4048611111111111,0.4048611111111111,6.3619999999999735,3.519944497372916,3.4114270043640946,0.03455879990035136,100.93276616356361,100.86364856152265,14.128068997550283
99098UAC2,holdings,2026-09-30,2038-11-07,8.625,8.124,2,0,2026-05-07,2026-11-07,25,143,180,37,103.8004917224211,3.426041666666667,3.4260416666666664,8.123999999941756,7.5810272768656795,7.285106260561664,0.07811566896911676,103.87864727554879,103.72241590698611,74.36377004370536
99089LAA7,holdings,2026-09-30,2029-12-16,3.375,5.476,2,0,2026-06-16,2026-12-16,7,104,180,76,93.8839302649665,0.975,0.9749999999999999,5.475999999999998,3.0344263119029833,2.953557896691568,0.028017134255580656,93.91195237951646,93.85591810965532,10.498999706009466
99089LAE9,holdings,2026-09-30,2030-08-02,5.625,4.903,2,0,2026-08-02,2027-02-02,8,58,180,122,102.4913053800774,0.90625,0.9062500000000001,4.9029999999999925,3.481678922216661,3.3983679323549785,0.0351382936487553,102.52645088624176,102.45617429670884,13.948875018263465
99089LAF6,holdings,2026-09-30,2038-05-08,5.375,5.74,2,0,2026-05-08,2026-11-08,24,142,180,38,96.93196824561402,2.120138888888889,2.120138888888889,5.739999999999039,8.544989373179035,8.306590233478211,0.08227852657288992,97.0142903882377,96.84973330132071,88.03278686855091
99089LAC3,holdings,2026-09-30,2049-05-06,6.625,6.468,2,0,2026-05-06,2026-11-06,46,144,180,36,101.8429813232153,2.65,2.6500000000000004,6.467999999972412,11.810062508939623,11.440089998391636,0.11954091105378395,101.96262538933584,101.72354343030692,197.30819196333215
99040OAC5,holdings,2026-09-30,2030-11-07,4.375,5.256,2,0,2026-05-07,2026-11-07,9,143,180,37,96.78164245385662,1.7378472222222223,1.737847222222222,5.256000000000006,3.7280997397382674,3.6326341151910464,0.03578852592085361,96.81743879273509,96.74586173833862,15.858141896411466
99014OAA1,holdings,2026-09-30,2034-06-28,9.0,7.713,2,0,2026-06-28,2026-12-28,16,92,180,88,107.37911439257914,2.3,2.3,7.7129999999629995,5.700281721832298,5.488613348064202,0.06019862512589705,107.4393344874595,107.31893722580445,39.13972674635777
99014OAC7,holdings,2026-09-30,2038-05-21,8.5,7.861,2,0,2026-05-21,2026-11-21,24,129,180,51,104.7992970276098,3.0458333333333334,3.0458333333333334,7.86099999990937,7.497977935781568,7.214415340810993,0.07780395629077494,104.87713970807447,104.7215317666078,71.7876295357176
99133DAD5,holdings,2026-09-30,2027-12-22,5.0,5.229,2,0,2026-06-22,2026-12-22,3,98,180,82,99.72305899047956,1.3611111111111112,1.361111111111111,5.229000000000016,1.191424989853239,1.1610688449032436,0.011736568061785687,99.73479653985507,99.71132340358994,1.9414374124889007
99133DAB9,holdings,2026-09-30,2030-10-02,6.75,5.898,2,0,2026-04-02,2026-10-02,9,178,180,2,102.99998789615736,3.3375,3.3375000000000004,5.897999999999993,3.471023995995725,3.3715956405557366,0.03585270106183326,103.03584814443542,102.9641427399134,14.192580987751821
99133DAC7,holdings,2026-09-30,2033-07-13,5.75,5.962,2,0,2026-07-13,2027-01-13,14,77,180,103,98.82053846492643,1.229861111111111,1.229861111111111,5.961999993346111,5.638110918478473,5.474904029363158,0.05477663357782419,98.87533332012222,98.76578004406566,36.4159815437697
99021VAC2,holdings,2026-09-30,2037-06-01,6.0,5.201,2,0,2026-06-01,2026-12-01,22,119,180,61,106.47114248554438,1.9833333333333334,1.9833333333333334,5.200999999992625,7.978452355031926,7.776231456018174,0.08433671064087192,106.55552069876808,106.38684724761781,76.50702888973446
99021VAA6,holdings,2026-09-30,2037-12-05,4.125,5.117,2,0,2026-06-05,2026-12-05,23,115,180,65,91.62701795823743,1.3177083333333333,1.3177083333333333,5.116999999975825,8.829431967806794,8.609166444328647,0.08001766187667014,91.70707773243468,91.54704237665158,90.58352718846757
99100WAE0,holdings,2026-09-30,2034-08-17,4.375,5.519,2,0,2026-08-17,2027-02-17,16,43,180,137,92.76323166486355,0.5225694444444444,0.5225694444444444,5.518999999997922,6.660995197311746,6.48212106648217,0.06046898565743112,92.82372394696185,92.7027859626072,49.93240275310161
99100WAF7,holdings,2026-09-30,2051-04-16,5.125,5.488,2,0,2026-04-16,2026-10-16,50,164,180,16,95.13412958862914,2.334722222222222,2.334722222222222,5.48799999933454,13.629373170548938,13.265371379884897,0.12929605172419098,95.26355116262185,95.00495887456361,257.374456090868
99119PAE4,holdings,2026-09-30,2032-09-10,4.25,4.471,2,0,2026-09-10,2027-03-10,12,20,180,160,98.85515975246665,0.2361111111111111,0.2361111111111111,4.470999999999996,5.298708983684208,5.182846451266154,0.051357484154674726,98.90653280456087,98.80381782934084,31.414440605318426
99119PAC8,holdings,2026-09-30,2033-09-22,4.75,4.632,2,0,2026-09-22,2027-03-22,14,8,180,172,100.69560400871319,0.10555555555555556,0.10555555555555556,4.631999999999992,6.0182533058214975,5.8820255930856336,0.05929150003697374,100.75491608772845,100.6363330772361,40.82050083721026
99069RAC4,holdings,2026-09-30,2028-08-08,10.75,19.304,2,0,2026-08-08,2027-02-08,4,52,180,128,87.11605245041865,1.5527777777777778,1.5527777777777776,19.30399999999833,1.6950078911805955,1.5458066347906063,0.01370648660658679,87.12976037006898,87.1023473966103,3.2320737566806117
99069RAD2,holdings,2026-09-30,2040-11-21,8.875,10.601,2,0,2026-05-21,2026-11-21,29,129,180,51,87.47337627125988,3.1802083333333333,3.1802083333333333,10.601000000000006,7.636385622164753,7.251993696292756,0.0657419224098852,87.53915433373602,87.40767045825861,79.69842029275077
99011LAC6,holdings,2026-09-30,2036-12-06,3.625,5.345,2,0,2026-06-06,2026-12-06,21,114,180,66,86.62091035313207,1.1479166666666667,1.1479166666666665,5.34499999985575,8.351841159760829,8.134448035998762,0.07139509625731169,86.69234027638585,86.5495500593938,79.33285412636737
99011LAD4,holdings,2026-09-30,2039-07-12,4.125,5.311,2,0,2026-07-12,2027-01-12,26,78,180,102,89.08858434081844,0.89375,0.89375,5.310999999750766,9.771807360874663,9.519029531661394,0.08565444979180799,89.17428930044719,89.00298035773783,112.21819135902489
99043RAD3,holdings,2026-09-30,2045-10-22,4.75,4.921,2,0,2026-04-22,2026-10-22,39,158,180,22,97.8976361059426,2.084722222222222,2.084722222222222,4.920999999998087,12.406375679754776,12.108447333123278,0.12106311200580433,98.01879806219114,97.77667171922805,197.60439469971288
99088KAB8,holdings,2026-09-30,2027-10-27,7.0,7.199,2,0,2026-04-27,2026-10-27,3,153,180,27,99.78970311398376,2.975,2.975,7.198999999999985,1.0247712273609801,0.9891661903397025,0.010165136988064987,99.79986901799707,99.77953874391885,1.4926802158964303
99088KAA0,holdings,2026-09-30,2028-02-27,6.5,7.751,2,0,2026-08-27,2027-02-27,3,33,180,147,98.35158771632577,0.5958333333333333,0.5958333333333333,7.750999999999982,1.3611651107818044,1.3103812841158928,0.012965884865500822,98.36455477994129,98.33862301002904,2.382395369688006
99088KAH5,holdings,2026-09-30,2038-06-17,9.25,11.193,2,0,2026-06-17,2026-12-17,24,103,180,77,87.45704477370026,2.6465277777777776,2.6465277777777776,11.19300000000003,6.870049927360526,6.505944730517134,0.05862088630420568,87.51569345647712,87.39845166373188,61.67658719651586
99107DAC9,holdings,2026-09-30,2036-11-13,4.25,5.093,2,0,2026-05-13,2026-11-13,21,137,180,43,93.39311820113608,1.617361111111111,1.617361111111111,5.092999999995679,8.1144372423673,7.91293436866914,0.0751811687133609,93.46833558886652,93.31797322620376,76.2155908182392
99037LAH5,holdings,2026-09-30,2030-07-17,5.0,4.57,2,0,2026-07-17,2027-01-17,8,73,180,107,101.47671757161001,1.0138888888888888,1.0138888888888888,4.56999999999999,3.4749243697476184,3.397296152659352,0.034819094301197666,101.51154378165147,101.441905590855,13.88350302624772
99037LAB8,holdings,2026-09-30,2033-09-12,6.875,5.391,2,0,2026-09-12,2027-03-12,14,18,180,162,108.50372460419159,0.34375,0.34375000000000006,5.390999999998489,5.684258534853009,5.535060966500975,0.0602477407983867,108.56399268772599,108.44349719601138,37.369129920012604
99037LAF9,holdings,2026-09-30,2036-12-15,7.25,5.116,2,0,2026-06-15,2026-12-15,21,105,180,75,116.79523249724278,2.1145833333333335,2.114583333333333,5.115999999846481,7.489540696491552,7.302736691912433,0.0868367075094498,116.88210980066249,116.70843635772363,68.25668680734375
99116MAE4,holdings,2026-09-30,2038-05-08,6.5,5.81,2,0,2026-05-08,2026-11-08,24,142,180,38,105.75876464823638,2.563888888888889,2.5638888888888887,5.809999999982547,8.228882629151133,7.996581924251624,0.0866210973261947,105.84543091787553,105.67218868856772,83.37126864934277
99078AAB2,holdings,2026-09-30,2031-12-10,4.5,5.12,2,0,2026-06-10,2026-12-10,11,110,180,70,97.19649113060619,1.375,1.375,5.120000000000013,4.617168923678322,4.501919777377458,0.044376094540646276,97.24087910879193,97.15212691501236,24.10696198426975
99078AAE6,holdings,2026-09-30,2035-12-21,7.125,5.369,2,0,2026-06-21,2026-12-21,19,99,180,81,112.6329805337289,1.959375,1.9593749999999999,5.368999999956574,6.949862084443306,6.7681705461323824,0.0775580605535314,112.71057184927041,112.5554557071969,58.022203303567814
99078AAD8,holdings,2026-09-30,2036-03-11,5.125,5.458,2,0,2026-09-11,2027-03-11,19,19,180,161,97.56401977639821,0.2704861111111111,0.2704861111111111,5.457999999999943,7.557821274731933,7.357047449826176,0.07197731020447044,97.63602928676106,97.49207464538759,65.80434134780317
99035JAC3,holdings,2026-09-30,2035-01-10,4.125,4.798,2,0,2026-07-10,2027-01-10,17,80,180,100,95.44063736680607,0.9166666666666666,0.9166666666666666,4.797999999999872,6.996575092401342,6.832659588864483,0.06583766573614379,95.50650172546723,95.37482637832227,55.38778598672643
99064MAC0,holdings,2026-09-30,2036-09-22,7.625,5.898,2,0,2026-09-22,2027-03-22,20,8,180,172,112.88397800020684,0.16944444444444445,0.16944444444444445,5.897999999869185,7.337755836006385,7.127563974401291,0.08057955009992668,112.96459408392622,112.80343495927409,64.60908926504698
99004EAA5,holdings,2026-09-30,2037-08-16,6.5,6.938,2,0,2026-08-16,2027-02-16,22,44,180,136,96.68305215288636,0.7944444444444444,0.7944444444444444,6.9379999999967055,7.844788800585545,7.581776957915459,0.07390526376169253,96.75699351045552,96.60918295694245,74.0290095248225
99004EAB3,holdings,2026-09-30,2053-06-08,7.625,8.757,2,0,2026-06-08,2026-12-08,54,112,180,68,88.3663887153239,2.3722222222222222,2.3722222222222222,8.756999999999952,10.665181565655425,10.21779539431533,0.09271485609242293,88.45918420563791,88.27375437891571,177.60235048411747
99052AAA4,holdings,2026-09-30,2032-01-15,3.875,4.617,2,0,2026-07-15,2027-01-15,11,75,180,105,96.54607749260325,0.8072916666666666,0.8072916666666667,4.617000000000007,4.786566246267969,4.678561650564683,0.04554737395018268,96.59163735618425,96.50054260324535,25.653167744024408
99012MAC3,holdings,2026-09-30,2050-04-27,5.125,5.664,2,0,2026-04-27,2026-10-27,48,153,180,27,93.02963127542053,2.178125,2.178125,5.663999997116894,13.262541040070708,12.897289793129287,0.12279220232377219,93.15253870383697,92.90695413567636,241.88015901149356
99045TAE5,holdings,2026-09-30,2030-09-24,6.875,5.926,2,0,2026-09-24,2027-03-24,8,6,180,174,103.32209326528785,0.11458333333333333,0.11458333333333334,5.926000000000007,3.556139208270611,3.4538030246502247,0.03572499064960849,103.35782573487207,103.28637575120757,14.45860831998501
99045TAA3,holdings,2026-09-30,2055-12-21,6.25,6.754,2,0,2026-06-21,2026-12-21,59,99,180,81,93.59590872118869,1.71875,1.7187500000000002,6.754000000000006,13.057762853386675,12.631206993225451,0.12039391837959758,93.71642524571119,93.47563721043872,257.05780813686874
99027BAE6,holdings,2026-09-30,2030-10-27,4.25,5.023,2,0,2026-04-27,2026-10-27,9,153,180,27,97.17986469313612,1.80625,1.80625,5.0230000000000175,3.7112358644537458,3.6203117352236047,0.035836059264775046,97.21570854575022,97.14403642468184,15.743783735762463
99027BAA4,holdings,2026-09-30,2039-05-17,7.75,5.707,2,0,2026-05-17,2026-11-17,26,133,180,47,118.2005484565964,2.8631944444444444,2.863194444444445,5.706999998266187,8.450798638666825,8.216345227597335,0.09947015062200378,118.30007339431917,118.1011330482909,90.47251858946494
99027BAC0,holdings,2026-09-30,2052-03-25,5.5,5.462,2,0,2026-09-25,2027-03-25,51,5,180,175,100.5185302380433,0.0763888888888889,0.07638888888888888,5.4619999999999,14.014743763014398,13.642175938143694,0.1372333585212945,100.65589936756372,100.38143244566226,269.73244946180927
99013NAC0,holdings,2026-09-30,2034-03-28,4.125,5.17,2,0,2026-09-28,2027-03-28,15,2,180,178,93.57461857747073,0.022916666666666665,0.02291666666666667,5.16999999999929,6.480754825948129,6.3174487751114965,0.059129763438153085,93.63377025189378,93.5155107132281,46.80698086837479
99099VAA3,holdings,2026-09-30,2028-03-08,4.75,4.635,2,0,2026-09-08,2027-03-08,3,22,180,158,100.1553974957703,0.2902777777777778,0.29027777777777775,4.635000000000004,1.4043905300525892,1.3725809661617898,0.013786982201374002,100.16918577439212,100.14161180978414,2.5811321990537164
99025ZAC9,holdings,2026-09-30,2037-02-07,5.25,5.311,2,0,2026-08-07,2027-02-07,21,53,180,127,99.51184863088757,0.7729166666666667,0.7729166666666667,5.3109999967301516,8.049512600303137,7.8412872182232185,0.07863616483102273,99.59052284035432,99.43325048389055,75.84648526124803
99087JAC0,holdings,2026-09-30,2032-08-26,7.875,6.108,2,0,2026-08-26,2027-02-26,12,34,180,146,108.64213567313816,0.74375,0.74375,6.107999999998153,4.853536380845886,4.709702079342757,0.0515174933205528,108.6936681153835,108.59063312229594,27.326563154407015
99087JAG1,holdings,2026-09-30,2033-05-09,6.625,6.181,2,0,2026-05-09,2026-11-09,14,141,180,39,102.3705596579355,2.5947916666666666,2.5947916666666666,6.180999999999946,5.339639723314361,5.179565258985417,0.05436748871181084,102.42494466638327,102.31620968063262,33.3740081212532
99087JAD8,holdings,2026-09-30,2034-05-27,4.75,5.898,2,0,2026-05-27,2026-11-27,16,123,180,57,92.99949004422335,1.6229166666666666,1.6229166666666668,5.8979999999977135,6.348258821051548,6.166411350330307,0.05834806827376028,93.05785988950286,92.94116374111083,46.0167612572172
99114KAG5,holdings,2026-09-30,2030-03-08,7.25,7.298,2,0,2026-09-08,2027-03-08,7,22,180,158,99.84937259797194,0.44305555555555554,0.4430555555555555,7.297999999999963,3.0919620392336697,2.9831084132347345,0.029918318620852802,99.87929640249669,99.81945976371682,10.938283022958315
99114KAB6,holdings,2026-09-30,2032-06-09,8.625,7.474,2,0,2026-06-09,2026-12-09,12,111,180,69,105.23885526804459,2.659375,2.6593750000000003,7.4739999999981706,4.535344205986237,4.371963914501324,0.04717271691704454,105.28604106278253,105.19169562353261,24.23601009261572
99059HAD6,holdings,2026-09-30,2052-10-04,5.25,5.954,2,0,2026-04-04,2026-10-04,53,176,180,4,90.74550313512722,2.566666666666667,2.5666666666666664,5.954000000000011,13.507307625996699,13.116819897643841,0.12239589255484909,90.86802082289037,90.62322885178116,260.84959508300136
99031FAF8,holdings,2026-09-30,2036-02-28,8.125,8.066,2,0,2026-08-28,2027-02-28,19,32,180,150,100.37224387493441,0.7222222222222222,0.7447916666666666,8.065999999999974,6.714577863517362,6.454276877065317,0.06524916749301418,100.4375204922477,100.30702214008582,54.288297682677765
99076YAD8,holdings,2026-09-30,2029-09-04,5.5,5.259,2,0,2026-09-04,2027-03-04,6,26,180,154,100.64173665950698,0.3972222222222222,0.3972222222222222,5.258999999999982,2.734822095914422,2.664752430747906,0.026924381128032557,100.6686654380595,100.61481667469408,8.703315752464546
99076YAC0,holdings,2026-09-30,2035-06-27,8.0,6.589,2,0,2026-06-27,2026-12-27,18,93,180,87,109.24787065146347,2.066666666666667,2.066666666666667,6.5889999999504925,6.445306019542594,6.239737855880607,0.06945735324137713,109.3173559156183,109.17844119253557,50.132919070202526
99144OAF3,holdings,2026-09-30,2037-09-28,5.75,5.172,2,0,2026-09-28,2027-03-28,22,2,180,178,104.80053759951115,0.03194444444444444,0.03194444444444445,5.17199999999788,8.368021009288665,8.157078947701114,0.08551268323160052,104.88609360918004,104.71506821065735,82.6278395854202
99077ZAB8,holdings,2026-09-30,2055-12-21,6.125,7.314,2,0,2026-06-21,2026-12-21,59,99,180,81,85.72187347152405,1.684375,1.6843750000000002,7.313999999999861,12.582882722921518,12.138960922003838,0.10610210345347883,85.8280815203592,85.61587714377733,242.22649080787085
99084GAC9,holdings,2026-09-30,2036-11-01,7.0,5.441,2,0,2026-05-01,2026-11-01,21,149,180,31,111.97296959158719,2.897222222222222,2.8972222222222226,5.440999999936639,7.377445647057625,7.182057765545948,0.08250043531461224,112.05550819735248,111.89050730075715,66.43580379860629
99055DAD9,holdings,2026-09-30,2029-10-24,8.125,6.042,2,0,2026-04-24,2026-10-24,7,156,180,24,105.74527844189411,3.5208333333333335,3.5208333333333335,6.04199999999998,2.696280684231324,2.617214630251428,0.02859728663288131,105.77388051407571,105.71668593957206,8.758305194131163
99055DAC1,holdings,2026-09-30,2037-07-13,3.875,6.265,2,0,2026-07-13,2027-01-13,22,77,180,103,81.4554915253288,0.8288194444444444,0.8288194444444444,6.264999996952242,8.584928951702123,8.324174195042419,0.06849489380314322,81.5240211482279,81.38703133515888,84.38149189403441
99094QAD3,holdings,2026-09-30,2035-09-15,6.5,5.438,2,0,2026-09-15,2027-03-15,18,15,180,165,107.44939220851268,0.2708333333333333,0.2708333333333333,5.437999999995175,6.994914568821485,6.809757268685915,0.07335485888680719,107.52277793702969,107.37606820021105,57.29677513067159
99066OAB6,holdings,2026-09-30,2037-03-13,11.0,11.564,2,0,2026-09-13,2027-03-13,21,17,180,163,96.6156904909567,0.5194444444444445,0.5194444444444444,11.563999999873179,6.355158657642281,6.007788336051768,0.05835673306857176,96.67407207176385,96.55735858943103,51.14450247237328
99066OAD2,holdings,2026-09-30,2037-12-21,10.625,11.579,2,0,2026-06-21,2026-12-21,23,99,180,81,94.05276507669583,2.921875,2.9218750000000004,11.578999998214625,6.474457066190624,6.120132022734414,0.05934976001265303,94.11214154331041,93.99344200482622,55.06052397859365
99026AAD1,holdings,2026-09-30,2027-10-24,5.125,4.898,2,0,2026-04-24,2026-10-24,3,156,180,24,100.22955437600977,2.220833333333333,2.220833333333333,4.8979999999999615,1.02956733429319,1.0049559627650733,0.010295812801609794,100.23985097191368,100.21925934620542,1.5286418886463216
99054CAF7,holdings,2026-09-30,2031-03-03,4.625,5.362,2,0,2026-09-03,2027-03-03,9,27,180,153,97.12684441741693,0.346875,0.346875,5.361999999999982,4.031925358038974,3.926651822673108,0.03827453580131273,97.16512785377712,97.08857877908811,18.259312839934378
99054CAB6,holdings,2026-09-30,2032-10-04,6.25,5.445,2,0,2026-04-04,2026-10-04,13,176,180,4,104.07914947545189,3.0555555555555554,3.0555555555555554,5.444999999999993,4.977703984997666,4.845777687456658,0.051915096319150644,104.13108011978788,104.02724992027757,29.018758820858906
99054CAC4,holdings,2026-09-30,2034-12-07,6.25,5.684,2,0,2026-06-07,2026-12-07,17,113,180,67,103.65386181562651,1.9618055555555556,1.9618055555555556,5.683999999999581,6.445299105728391,6.267185688462292,0.06619129990260661,103.72007891787662,103.58769630332576,48.84687152467339
99054CAD2,holdings,2026-09-30,2034-12-14,6.125,5.785,2,0,2026-06-14,2026-12-14,17,106,180,74,102.18586610264678,1.8034722222222221,1.8034722222222224,5.784999999999911,6.479010159837967,6.296873105268086,0.06548076677324915,102.25137245909953,102.12041091089851,49.201875208930346
99054CAG5,holdings,2026-09-30,2048-01-06,3.875,6.08,2,0,2026-07-06,2027-01-06,43,84,180,96,73.87298881296576,0.9041666666666667,0.9041666666666667,6.0799999999999255,13.290506941419284,12.898395711781138,0.09645053415776823,73.9695251653124,73.77662398365052,229.37891968704102
99054CAH3,holdings,2026-09-30,2051-11-24,5.25,5.931,2,0,2026-05-24,2026-11-24,51,126,180,54,91.15001440241078,1.8375,1.8375,5.931000000000013,13.441723426061639,13.054589572295225,0.12139138358713637,91.27152386204683,91.02874091929998,253.7722690805912
99008IAA2,holdings,2026-09-30,2034-11-22,4.625,5.422,2,0,2026-05-22,2026-11-22,17,128,180,52,94.80187406733255,1.6444444444444444,1.6444444444444446,5.42199999999949,6.721631260771234,6.5442175237036295,0.06311656877014728,94.86501561022729,94.7387824583218,51.77375845589078
99005FAA1,holdings,2026-09-30,2033-04-01,6.5,5.795,2,0,2026-04-01,2026-10-01,14,179,180,1,103.77458910221682,3.2319444444444443,3.2319444444444443,5.79499999999992,5.265301723905024,5.117035616905196,0.054755624339982635,103.82936219742142,103.71985094052519,32.64614953131476
99143NAA7,holdings,2026-09-30,2029-03-01,5.625,4.127,2,0,2026-09-01,2027-03-01,5,29,180,151,103.411985381378,0.453125,0.45312500000000006,4.12699999999999,2.28901631070005,2.2427374239567035,0.023294217009571037,103.43528287118609,103.38869443644255,6.301319672364766
99143NAC3,holdings,2026-09-30,2029-04-14,3.25,4.089,2,0,2026-04-14,2026-10-14,6,166,180,14,97.99490481673641,1.4986111111111111,1.4986111111111111,4.088999999513727,2.41980461437522,2.3713229173304,0.0235931254445482,98.01850141635039,97.97131516466266,6.982907528647333
99143NAD1,holdings,2026-09-30,2036-02-22,7.25,4.706,2,0,2026-08-22,2027-02-22,19,38,180,142,119.13065163795117,0.7652777777777777,0.7652777777777777,4.705999999927976,7.158608182150963,6.994038457251827,0.08385567412015589,119.21454399844158,119.04683262662425,61.177359279640534
99131BAB5,holdings,2026-09-30,2029-06-14,4.375,5.067,2,0,2026-06-14,2026-12-14,6,106,180,74,98.2641433075666,1.2881944444444444,1.2881944444444444,5.067000000000014,2.5477169460987845,2.4847654143268145,0.02473642057615787,98.2888835315904,98.23941068952927,7.64018870873064
99003DAG5,holdings,2026-09-30,2027-10-28,5.125,4.68,2,0,2026-04-28,2026-10-28,3,152,180,28,100.45855777252915,2.1638888888888888,2.1638888888888888,4.680000000000034,1.0407414918470197,1.0169449793306817,0.010436138189895975,100.4689947108549,100.4481224343671,1.5592726069003024
99003DAA8,holdings,2026-09-30,2034-08-24,5.25,5.69,2,0,2026-08-24,2027-02-24,16,36,180,144,97.22542488592899,0.525,0.525,5.689999999999975,6.510766553673021,6.330659296682406,0.06188246360587616,97.28733098862429,97.16356604823214,48.35272941089897
99003DAE0,holdings,2026-09-30,2035-06-11,5.125,5.747,2,0,2026-06-11,2026-12-11,18,109,180,71,95.78033699596129,1.5517361111111112,1.551736111111111,5.74699999999954,6.9734725230379775,6.7786869534311345,0.06597836541213171,95.84634277607482,95.71438602865322,56.31525531450431
99003DAC4,holdings,2026-09-30,2038-02-14,5.75,5.503,2,0,2026-08-14,2027-02-14,23,46,180,134,102.06012522121898,0.7347222222222223,0.7347222222222222,5.502999999999706,8.476092307789372,8.24911783067826,0.08479668089475424,102.14496596080946,101.97537256553761,85.6890314018631
99015PAE9,holdings,2026-09-30,2034-12-03,7.25,7.183,2,0,2026-06-03,2026-12-03,17,117,180,63,100.39431779094731,2.35625,2.3562499999999997,7.182999999999982,6.170548252453607,5.956616375333504,0.061204571467837206,100.45554567273848,100.33313651669216,45.359881710269796
99015PAD1,holdings,2026-09-30,2035-01-08,5.875,6.708,2,0,2026-07-08,2027-01-08,17,82,180,98,94.76471676563196,1.3381944444444445,1.3381944444444445,6.707999999997459,6.527324899231115,6.315502930927797,0.060693821741793136,94.82543436221314,94.70404670507878,49.46367119141965
99038MAH2,holdings,2026-09-30,2029-10-17,11.0,10.991,2,0,2026-04-17,2026-10-17,7,163,180,17,100.01010935953168,4.980555555555555,4.980555555555555,10.991000000000033,2.545061173318067,2.4124831611946167,0.02532882111902744,100.035442244663,99.98478460140987,7.740697259907448
99038MAE9,holdings,2026-09-30,2035-01-20,10.875,12.989,2,0,2026-07-20,2027-01-20,17,70,180,110,89.4067460897328,2.1145833333333335,2.1145833333333335,12.988999992150116,5.3859803175724545,5.057519700615951,0.04628709265837193,89.45304953300867,89.36047533890549,35.72112506251871
99145PAA0,holdings,2026-09-30,2033-04-12,7.25,8.867,2,0,2026-04-12,2026-10-12,14,168,180,12,92.10461121751074,3.3833333333333333,3.383333333333333,8.866999999963738,5.072058080458094,4.856734745515657,0.046375961807795685,92.1510016315744,92.05824970127706,30.263328138412437
99106CAH1,holdings,2026-09-30,2029-07-05,4.125,4.463,2,0,2026-07-05,2027-01-05,6,85,180,95,99.12453926858983,0.9739583333333334,0.9739583333333333,4.463000000000002,2.6155165174542545,2.55842525782587,0.02560945245351825,99.15015274471895,99.0989338388322,8.038453820843014
99106CAF5,holdings,2026-09-30,2031-12-01,5.375,4.598,2,0,2026-06-01,2026-12-01,11,119,180,61,103.53221851716431,1.776736111111111,1.776736111111111,4.597999999999994,4.517932664876416,4.416399637216801,0.04650864290159962,103.57873952486088,103.48572223419033,23.478271782218393
99001BAA4,holdings,2026-09-30,2034-01-14,4.875,5.059,2,0,2026-07-14,2027-01-14,15,76,180,104,98.88247176275694,1.0291666666666666,1.0291666666666666,5.058999991851639,6.15192134751828,6.000147613631471,0.05994845788963164,98.9424417462007,98.82254481914839,43.077899527954834
99001BAF3,holdings,2026-09-30,2045-02-05,5.25,5.984,2,0,2026-08-05,2027-02-05,37,55,180,125,91.88379096033972,0.8020833333333334,0.8020833333333334,5.983999998301818,11.593598809125972,11.25679548812138,0.10433459315616042,91.98820579513884,91.7795365169787,173.04841684134442
99092OAD0,holdings,2026-09-30,2037-01-17,6.5,6.399,2,0,2026-07-17,2027-01-17,21,73,180,107,100.74090776149119,1.3180555555555555,1.3180555555555555,6.398999999999989,7.5787861302923245,7.343820590499299,0.07495027162527405,100.81589319658617,100.66599262907297,68.88437282184486
99065NAB9,holdings,2026-09-30,2028-12-25,5.75,4.277,2,0,2026-06-25,2026-12-25,5,95,180,85,103.10203289708862,1.5173611111111112,1.5173611111111112,4.2769999999999975,2.1028929264141203,2.0588641172663786,0.02153971162936356,103.12357544560142,103.0804960217485,5.4226778391036055
99146QAF6,holdings,2026-09-30,2033-03-07,3.75,4.631,2,0,2026-09-07,2027-03-07,13,23,180,157,95.14243795749408,0.23958333333333334,0.23958333333333331,4.630999999999977,5.743583325348,5.6136004079030055,0.053543655362480194,95.19599908029993,95.0889117612753,36.61757906765935
99146QAE9,holdings,2026-09-30,2034-01-10,5.125,4.719,2,0,2026-07-10,2027-01-10,15,80,180,100,102.46904103383358,1.1388888888888888,1.1388888888888888,4.718999999999983,6.115637564316167,5.974665335719856,0.06190227074149819,102.53096549963354,102.40716094653416,42.83311188668883
99079BAC7,holdings,2026-09-30,2036-06-08,3.75,4.877,2,0,2026-06-08,2026-12-08,20,112,180,68,91.3745160197722,1.1666666666666667,1.1666666666666667,4.876999999992774,8.028354311965638,7.837243138044424,0.07252677489958084,91.44707671926732,91.30202314659405,73.29311662276638
99046UAF8,holdings,2026-09-30,2033-08-21,7.625,7.528,2,0,2026-08-21,2027-02-21,14,39,180,141,100.5023002980077,0.8260416666666667,0.8260416666666667,7.527999999999987,5.4474561740490675,5.249851754027474,0.053195877379594136,100.55551362266475,100.44912185942519,34.42874311620386
99046UAA9,holdings,2026-09-30,2035-08-07,9.5,8.014,2,0,2026-08-07,2027-02-07,18,53,180,127,109.27480598357074,1.398611111111111,1.3986111111111112,8.01399999977785,6.230045263210541,5.990024962945322,0.06629365311316038,109.34112582419075,109.20853850250309,47.30996272164301
99117NAC5,holdings,2026-09-30,2047-05-02,6.0,6.295,2,0,2026-05-02,2026-11-02,42,148,180,32,96.61498069833473,2.466666666666667,2.466666666666667,6.294999999874627,11.63570433744864,11.280646004458315,0.11177049894631509,96.72684295383465,96.50330184183409,185.098859522782
99117NAA9,holdings,2026-09-30,2053-03-09,7.875,6.506,2,0,2026-09-09,2027-03-09,53,21,180,159,117.1642346719406,0.459375,0.45937500000000003,6.505999999999973,12.457471120423167,12.064996775321944,0.14191284713936905,117.30628037532554,117.02245448481709,225.73381496123477
99095RAA6,holdings,2026-09-30,2036-12-22,3.5,4.796,2,0,2026-06-22,2026-12-22,21,98,180,82,89.61443200343479,0.9527777777777777,0.9527777777777778,4.795999999979027,8.489346495464252,8.290539361573716,0.07508510175590467,89.68955410109025,89.53938387136377,81.66927591903278
99053BAG8,holdings,2026-09-30,2038-04-19,4.25,4.978,2,0,2026-04-19,2026-10-19,24,161,180,19,93.6597059016307,1.9006944444444445,1.9006944444444445,4.977999999991913,8.973861204429776,8.755926201279918,0.08367198131949978,93.74342315979017,93.57607916172022,94.72359748791098
99053BAA1,holdings,2026-09-30,2049-09-18,5.75,5.011,2,0,2026-09-18,2027-03-18,46,12,180,168,110.01310981272837,0.19166666666666668,0.19166666666666665,5.01099999694338,13.478936084800148,13.149475964509366,0.14491350594899322,110.1581569834558,109.86832978581725,242.40674935894768
99053BAB9,holdings,2026-09-30,2055-09-03,3.625,5.173,2,0,2026-09-03,2027-03-03,58,27,180,153,76.90306225379112,0.271875,0.271875,5.172999999999884,16.457412029900937,16.042473454012892,0.12380768822090545,77.02701259603934,76.77939697169029,369.36881006812104
99109FAC2,holdings,2026-09-30,2029-10-18,7.25,6.191,2,0,2026-04-18,2026-10-18,7,162,180,18,102.89771662402535,3.2625,3.2624999999999997,6.190999999999995,2.7099131602317965,2.6285465032244826,0.02790470661886354,102.92562599126116,102.86981657682152,8.77921341398994
99109FAA6,holdings,2026-09-30,2049-03-25,7.0,7.308,2,0,2026-09-25,2027-03-25,45,5,180,175,96.62285105184114,0.09722222222222222,0.09722222222222222,7.30799999937644,11.445294100427587,11.041825786199844,0.10679661991206912,96.72973678122571,96.51614342570281,184.1430017708126
99124UAE6,holdings,2026-09-30,2056-03-15,8.0,7.374,2,0,2026-09-15,2027-03-15,59,15,180,165,107.47813191444031,0.3333333333333333,0.3333333333333333,7.374000000000001,12.199308325658434,11.765513830719796,0.12684572854828474,107.60509997796208,107.3514083292797,226.7647143149925
99010KAH8,holdings,2026-09-30,2033-11-19,4.25,5.111,2,0,2026-05-19,2026-11-19,15,131,180,49,94.90003273080283,1.5465277777777777,1.5465277777777777,5.110999999999871,6.10256314300418,5.950498162462452,0.05739050810821327,94.9574435862812,94.8426625595673,42.183197222157524
99010KAF2,holdings,2026-09-30,2040-10-19,4.375,5.539,2,0,2026-04-19,2026-10-19,29,161,180,19,88.7340235603339,1.9565972222222223,1.9565972222222223,5.538999999236021,10.172338883346015,9.898208012441449,0.08976746292831861,88.82384799059881,88.64431301214043,125.57204974808042
99096SAB1,holdings,2026-09-30,2037-06-17,5.875,5.493,2,0,2026-06-17,2026-12-17,22,103,180,77,103.05310034594129,1.6809027777777779,1.6809027777777776,5.492999999999166,8.01641966619256,7.802134054388771,0.08171487324240284,103.13485552412943,102.97142574856787,76.9385417412542
99096SAD7,holdings,2026-09-30,2038-06-16,5.625,5.803,2,0,2026-06-16,2026-12-16,24,104,180,76,98.49252653042421,1.625,1.6249999999999998,5.802999999999989,8.56782353193321,8.326237743796941,0.08336023282132098,98.57593109791488,98.40921059776142,88.53078072052841
99113JAA2,holdings,2026-09-30,2036-03-24,5.25,7.759,2,0,2026-09-24,2027-03-24,19,6,180,174,83.37185108001637,0.0875,0.0875,7.7589999958279,7.366331485279568,7.091227321347878,0.05918292306005767,83.43106001484409,83.31269415199552,62.31393629967222
99051ZAA0,holdings,2026-09-30,2035-04-09,4.75,5.199,2,0,2026-04-09,2026-10-09,18,171,180,9,96.93797978416953,2.25625,2.25625,5.198999999999932,6.920994390753874,6.745641441482536,0.06691287071880352,97.00492021706151,96.87109445912816,55.55550028804391
99028CAB9,holdings,2026-09-30,2033-12-11,5.0,5.674,2,0,2026-06-11,2026-12-11,15,109,180,71,96.0541048929862,1.5138888888888888,1.5138888888888888,5.673999999999916,6.0134182802876675,5.847524023734325,0.05705311875870758,96.11117816364725,95.99707191573148,41.297770679705906
99028CAC7,holdings,2026-09-30,2034-06-15,6.375,6.511,2,0,2026-06-15,2026-12-15,16,105,180,75,99.17347169530662,1.859375,1.8593750000000002,6.510999999450884,6.0891601142025396,5.897177500668284,0.05958086303600302,99.23307445324974,99.1139127153514,43.330450783133024
99050YAE6,holdings,2026-09-30,2033-11-20,4.875,4.971,2,0,2026-05-20,2026-11-20,15,130,180,50,99.42295083886573,1.7604166666666667,1.7604166666666667,4.970999998864283,6.0056611005959235,5.860010538657589,0.059293559991928375,99.48226531891207,99.36367818815805,41.340132941742525
99050YAA4,holdings,2026-09-30,2035-06-01,5.125,5.076,2,0,2026-06-01,2026-12-01,18,119,180,61,100.33303166696344,1.6940972222222221,1.6940972222222221,5.076,6.994015264247672,6.820900801895562,0.06959169252553483,100.40265234575757,100.26346894313396,56.80348480957273
99007HAA5,holdings,2026-09-30,2036-06-21,5.75,5.158,2,0,2026-06-21,2026-12-21,20,99,180,81,104.47380809730603,1.58125,1.58125,5.157999999998862,7.52515284785066,7.335958478685365,0.07780155026564012,104.55164514637816,104.39604202220455,66.92181582295935
99093PAA2,holdings,2026-09-30,2027-12-26,4.375,4.97,2,0,2026-06-26,2026-12-26,3,94,180,86,99.28687166260293,1.1423611111111112,1.1423611111111112,4.9699999999999935,1.2068585540762466,1.1775953106076467,0.011826499356224944,99.29869915917878,99.27504616032152,1.9857708427793934
99093PAB0,holdings,2026-09-30,2030-06-01,6.375,6.048,2,0,2026-06-01,2026-12-01,8,119,180,61,101.05116497897663,2.107291666666667,2.107291666666667,6.0479999999999885,3.265441752841693,3.16959325287476,0.032697034816100444,101.08386841013369,101.01847433860155,12.399159876896455
99085HAA0,holdings,2026-09-30,2035-10-14,6.125,6.211,2,0,2026-04-14,2026-10-14,19,166,180,14,99.40856915927257,2.8243055555555556,2.8243055555555556,6.211000000000011,6.871725764331528,6.664751894255426,0.06813567454108285,99.47673365704641,99.34046229009465,56.369926071077295
99105BAB7,holdings,2026-09-30,2029-07-22,6.25,5.557,2,0,2026-07-22,2027-01-22,6,68,180,112,101.77075496677925,1.1805555555555556,1.1805555555555556,5.556999999999987,2.595209524120746,2.5250509825700376,0.025995730779129457,101.79675478479712,101.7447633222407,7.939169749182917
99091NAD3,holdings,2026-09-30,2033-08-03,5.75,4.975,2,0,2026-08-03,2027-02-03,14,57,180,123,104.4402586117823,0.9104166666666667,0.9104166666666667,4.974999999999904,5.731654375540729,5.592539944423202,0.05891778596666837,104.49919626878318,104.38136068702167,37.71427202381741
99091NAA9,holdings,2026-09-30,2035-09-03,4.125,5.217,2,0,2026-09-03,2027-03-03,18,27,180,153,92.28346406512723,0.309375,0.309375,5.216999999995367,7.463800501186412,7.2740567313491695,0.06735255642764192,92.3508457125551,92.21614058151826,62.81675719111267
99091NAC5,holdings,2026-09-30,2038-04-16,5.0,5.058,2,0,2026-04-16,2026-10-16,24,164,180,16,99.49494939379659,2.2777777777777777,2.2777777777777777,5.058000000000005,8.701893999600355,8.487251411405898,0.08637707223295718,99.58137261622207,99.40861843590507,90.65742516661624
99063LAE9,holdings,2026-09-30,2028-08-16,6.0,4.577,2,0,2026-08-16,2027-02-16,4,44,180,136,102.52656474016257,0.7333333333333333,0.7333333333333333,4.576999999999985,1.7933672811373675,1.7532442856600374,0.01810398262351946,102.54467079782758,102.50846283219406,4.018691268937461
99063LAC3,holdings,2026-09-30,2033-01-12,5.125,5.192,2,0,2026-07-12,2027-01-12,13,78,180,102,99.63661541470177,1.1104166666666666,1.1104166666666666,5.192000000000009,5.390891396829773,5.254484967084266,0.05293737655499067,99.68956943717048,99.58369467638099,33.03734835518644
99063LAD1,holdings,2026-09-30,2045-08-11,5.125,5.509,2,0,2026-08-11,2027-02-11,38,49,180,131,95.52327242637463,0.6975694444444445,0.6975694444444444,5.5089999999103005,12.055701583893063,11.732529070642224,0.11289138244510531,95.6362535402264,95.41047066947581,186.40135492719028
99024YAC3,holdings,2026-09-30,2029-11-26,7.375,5.461,2,0,2026-05-26,2026-11-26,7,124,180,56,105.46907442436131,2.540277777777778,2.540277777777778,5.460999999999965,2.8154070397562294,2.7405756223869537,0.0296007797634989,105.49868030438415,105.43947874350387,9.44285395649386
99024YAE9,holdings,2026-09-30,2035-12-06,7.625,6.207,2,0,2026-06-06,2026-12-06,19,114,180,66,109.79977275123773,2.4145833333333333,2.4145833333333333,6.206999999949112,6.746775703970355,6.543692216045387,0.0734296208439153,109.87323334089491,109.72637407992111,55.178626637383296
99006GAC4,holdings,2026-09-30,2027-10-02,7.25,5.851,2,0,2026-04-02,2026-10-02,3,178,180,2,101.34657175861044,3.584722222222222,3.584722222222222,5.8509999944097935,0.9542433406094065,0.9271204323606944,0.009728394664367672,101.35630086054154,101.33684407112123,1.347969555392325
99006GAA8,holdings,2026-09-30,2032-01-06,6.625,6.665,2,0,2026-07-06,2027-01-06,11,84,180,96,99.81125229126232,1.5458333333333334,1.5458333333333334,6.665000000000028,4.463678966542807,4.319724158945934,0.043783465145291744,99.8550473390742,99.7674804042259,22.850672281279845
99057FAC4,holdings,2026-09-30,2035-04-04,5.875,6.469,2,0,2026-04-04,2026-10-04,18,176,180,4,96.15768698918019,2.8722222222222222,2.8722222222222222,6.468999999999012,6.581567968244979,6.37535704463622,0.06313510293205997,96.22084748530185,96.09457726447975,51.26877486295175
99057FAE0,holdings,2026-09-30,2037-12-12,7.375,6.038,2,0,2026-06-12,2026-12-12,23,108,180,72,110.75652488957437,2.2125,2.2125,6.037999999804729,7.846580369260044,7.616634183267208,0.08604437366242962,110.8426122447662,110.67052346570244,76.06626683707393
99042QAA2,holdings,2026-09-30,2029-06-27,4.875,4.46,2,0,2026-06-27,2026-12-27,6,93,180,87,101.05319615922339,1.259375,1.2593750000000001,4.460000000000015,2.5699392593872634,2.5138797411594087,0.02572014999031021,101.07892031264569,101.02748001169722,7.8249388691730495
99019TAA5,holdings,2026-09-30,2031-03-13,7.5,6.794,2,0,2026-09-13,2027-03-13,9,17,180,163,102.66866666872009,0.3541666666666667,0.35416666666666663,6.794000000000014,3.863512362178832,3.736580715280745,0.03849531322745884,102.7071707614847,102.63018013201933,17.040944501399935
99074WAB8,holdings,2026-09-30,2036-08-01,10.625,9.662,2,0,2026-08-01,2027-02-01,20,59,180,121,105.99948377609404,1.7413194444444444,1.7413194444444444,9.661999999644276,6.339514077264442,6.047365833832017,0.06515480523055028,106.06466578622089,105.93435615857088,50.484683667667035
99074WAD4,holdings,2026-09-30,2056-02-23,6.75,7.904,2,0,2026-08-23,2027-02-23,59,37,180,143,86.88429398122521,0.69375,0.69375,7.903999999999842,12.014824191783031,11.558050053662297,0.10122314159368391,86.98561468975474,86.78316825340589,222.63652091484508
99122SAB9,holdings,2026-09-30,2029-04-06,4.25,4.667,2,0,2026-04-06,2026-10-06,6,174,180,6,99.01977254238923,2.0541666666666667,2.0541666666666667,4.666999999887178,2.3638155271093644,2.3099136911269174,0.023347207599512795,99.04312314251746,98.99642872654687,6.7122009011617605
99118OAF5,holdings,2026-09-30,2031-01-22,5.625,5.743,2,0,2026-07-22,2027-01-22,9,68,180,112,99.54563080587982,1.0625,1.0625,5.743000000000027,3.84759732212743,3.740197549493718,0.037629428429929515,99.58326872137047,99.50800986164248,16.868669725104322
99118OAC2,holdings,2026-09-30,2054-04-14,6.625,6.389,2,0,2026-04-14,2026-10-14,56,166,180,14,103.03650473000788,3.0548611111111112,3.0548611111111112,6.388999999520683,12.824456491553937,12.42746124217273,0.13184463371196742,103.16847954133371,102.90479007190135,245.21620325896785
99111HAA8,holdings,2026-09-30,2028-01-03,5.375,4.513,2,0,2026-07-03,2027-01-03,3,87,180,93,101.03557762665044,1.2989583333333334,1.2989583333333334,4.512999999999971,1.2196784657824038,1.1927637517247351,0.012206092504264007,101.04778476067716,101.02337257551584,2.0353755356556316
99111HAB6,holdings,2026-09-30,2056-08-23,5.75,5.555,2,0,2026-08-23,2027-02-23,60,37,180,143,102.82173472407736,0.5909722222222222,0.5909722222222222,5.554999999762465,14.724130630411238,14.326219873426808,0.14815131774189397,102.97004815631992,102.6737452445325,313.26198420333657
99108EAE2,holdings,2026-09-30,2036-07-27,4.625,5.472,2,0,2026-07-27,2027-01-27,20,63,180,117,93.62135698833707,0.809375,0.809375,5.471999999995055,7.866251223256495,7.6567622092124425,0.07230336600765679,93.69369402410925,93.54908726934347,71.28693927471322
99036KAA3,holdings,2026-09-30,2036-01-24,10.625,9.793,2,0,2026-07-24,2027-01-24,19,66,180,114,104.98017122792349,1.9479166666666667,1.9479166666666665,9.792999999844728,6.107689882277615,5.822586914032037,0.06225980853175081,105.042455925145,104.91793629304776,46.53814237364519
99135FAF3,holdings,2026-09-30,2031-06-12,3.5,4.923,2,0,2026-06-12,2026-12-12,10,108,180,72,94.08850883126611,1.05,1.05,4.922999999999987,4.315320311097731,4.2116505332224605,0.040069015144919166,94.12858775882678,94.04844972490785,20.834047808820635
99104AAD6,holdings,2026-09-30,2030-04-05,4.375,4.964,2,0,2026-04-05,2026-10-05,8,175,180,5,98.12129171151145,2.126736111111111,2.126736111111111,4.964000000000012,3.222952769954817,3.144896440306412,0.03152696658471039,98.1528247172837,98.08977078236087,12.0467424137683
99129ZAB6,holdings,2026-09-30,2037-04-23,8.25,8.038,2,0,2026-04-23,2026-10-23,22,157,180,23,101.4811810463647,3.597916666666667,3.597916666666667,8.037999999999254,7.0280251152645485,6.756482099678471,0.07099650427484613,101.5522102993194,101.41021726822567,62.31002844100466
99062KAB8,holdings,2026-09-30,2028-04-12,6.25,4.197,2,0,2026-04-12,2026-10-12,4,168,180,12,103.01620080599604,2.9166666666666665,2.9166666666666665,4.197000000000011,1.4461610921308292,1.4164371583625903,0.015004724978017924,103.03120700923515,103.00119755903592,2.790709872229863
99062KAE2,holdings,2026-09-30,2036-08-19,4.75,5.014,2,0,2026-08-19,2027-02-19,20,41,180,139,97.95657928784706,0.5409722222222222,0.5409722222222222,5.013999999999964,7.936847040609741,7.74273663321504,0.07626406003589989,98.0328791318514,97.88035098742134,72.63488026081745
99062KAA0,holdings,2026-09-30,2036-11-12,4.125,5.303,2,0,2026-05-12,2026-11-12,21,138,180,42,90.86306734860405,1.58125,1.58125,5.302999999975573,8.128560880636622,7.918599222258439,0.07320294994588683,90.93630555746527,90.78989963302183,76.25485378383317
99138IAD9,holdings,2026-09-30,2031-09-13,7.25,4.803,2,0,2026-09-13,2027-03-13,10,17,180,163,110.66902639332501,0.3423611111111111,0.34236111111111106,4.802999999999797,4.276853059293466,4.176553135738701,0.04636449585843568,110.71540261710489,110.62267362096115,21.125234572659743
99138IAF4,holdings,2026-09-30,2036-08-16,5.0,5.854,2,0,2026-08-16,2027-02-16,20,44,180,136,93.65556531927345,0.6111111111111112,0.611111111111111,5.853999999991304,7.78674690717783,7.565310275416393,0.07131566558281406,93.72691407702115,93.58428272350625,70.18596921421276
edge_coupon_date_3y,edge,2026-09-30,2029-09-30,5.0,5.5,2,0,2026-09-30,2027-03-31,6,0,180,180,98.63440830555128,0.0,,5.500000000000011,2.82146275760274,2.7459491558177516,0.02708450702212119,98.66149733052917,98.60732831532485,9.159837436450294
edge_coupon_date_5y,edge,2026-09-30,2031-09-30,6.25,6.0,2,0,2026-09-30,2027-03-31,10,0,180,180,101.06627535459698,0.0,,6.000000000000016,4.374435305641703,4.247024568584178,0.0429230954486267,101.10920938700667,101.02336319196236,21.639043268684095
edge_coupon_date_10y,edge,2026-09-30,2036-09-30,4.5,5.25,2,0,2026-09-30,2027-03-31,20,0,180,180,94.22250270427435,0.0,,5.249999999996558,8.09467001111861,7.887619986473676,0.07431912955058043,94.2968571062433,94.14821882288592,74.84473294362677
edge_coupon_date_30y,edge,2026-09-30,2056-09-30,7.0,6.5,2,0,2026-09-30,2027-03-31,60,0,180,180,106.56341404793122,0.0,,6.499999999999984,13.379221302787611,12.958083586234975,0.13808576264676592,106.70164192076541,106.42547016205292,266.4957372242744
edge_coupon_date_mid_month_par,edge,2026-09-15,2033-03-15,5.5,5.5,2,0,2026-09-15,2027-03-15,13,0,180,180,99.99999999999994,0.0,,5.500000000000011,5.552101829086363,5.403505429767749,0.05403505429767746,100.05405246792824,99.94598235109648,34.81902484736567
edge_settle_day_after_coupon,edge,2026-09-16,2031-03-15,6.0,6.4,2,0,2026-09-15,2027-03-15,9,1,180,179,98.45776510480539,0.016666666666666666,0.016666666666666666,6.400000000000013,4.002484536899762,3.8783764892439554,0.03819209209741352,98.49596607845241,98.41958189116782,18.035147942955074
edge_settle_day_before_coupon,edge,2027-03-14,2031-03-15,6.0,6.4,2,0,2026-09-15,2027-03-15,9,179,180,1,98.60671901850718,2.9833333333333334,2.9833333333333334,6.399999999999986,3.5080400924553192,3.3992636554799605,0.034533137271791796,98.64125942885524,98.57219315200304,14.316208704436677
edge_settle_31_oct_mat_15,edge,2026-10-31,2032-04-15,5.75,6.1,2,0,2026-10-15,2027-04-15,11,16,180,164,98.39280798274356,0.25555555555555554,0.2555555555555556,6.099999999999996,4.741046501537986,4.6007244071208016,0.04538539338531786,98.43820587370874,98.3474350818455,25.332470019299627
edge_settle_31_oct_mat_30_jul,edge,2026-10-31,2031-07-30,4.875,5.2,2,0,2026-07-30,2027-01-30,10,90,180,90,98.63974312779253,1.21875,1.21875,5.199999994709175,4.242852969792824,4.135334278550511,0.0412948249635761,98.68104815380622,98.598458500135,20.427262135918838
edge_settle_31_dec_mat_30_jun_eom,edge,2026-12-31,2031-06-30,6.5,6.0,2,0,2026-12-31,2027-06-30,9,0,180,180,101.9465272304698,0.0,,5.9999999999999885,3.979138644123513,3.863241402061663,0.039384404479315765,101.98592079290462,101.90715198075664,17.963065699154008
edge_settle_31_jan_mat_15,edge,2027-01-31,2034-07-15,7.25,7.9,2,0,2027-01-15,2027-07-15,15,16,180,164,96.38407490915067,0.32222222222222224,0.3222222222222222,7.899999999998765,5.835812069201684,5.614056824628844,0.054291464739496885,96.43838540944324,96.32980247009317,39.3575560257237
edge_settle_31_mar_after_feb_end,edge,2027-03-31,2031-08-31,5.125,5.6,2,0,2027-02-28,2027-08-31,9,31,180,149,98.15994083510834,0.44131944444444443,0.44131944444444443,5.599999999999987,3.9845704792776924,3.8760413222545647,0.03821825592699243,98.19816792083651,98.12173140593544,17.90702797085214
edge_settle_1_mar_after_feb_end,edge,2027-03-01,2031-08-31,5.125,5.6,2,0,2027-02-28,2027-08-31,9,1,180,179,98.13425187087944,0.01423611111111111,0.01423611111111111,5.600000000000013,4.067903812611025,3.9571048760807637,0.03883838603734891,98.17309937721457,98.0954226019452,18.581438460566186
edge_settle_feb_27_nonleap,edge,2027-02-27,2036-02-28,8.125,8.0,2,0,2026-08-28,2027-02-28,19,179,180,3,100.7909311213326,4.039930555555555,4.0625,7.999999999999988,6.312783412114806,6.06998405011039,0.06363216583380397,100.85458912741159,100.72732478015347,49.284055302345315
edge_settle_feb_28_nonleap_mat_15,edge,2027-02-28,2032-05-15,6.0,5.5,2,0,2026-11-15,2027-05-15,11,103,180,77,102.23002003952593,1.7166666666666666,1.7166666666666666,5.4999999999999885,4.489112017742902,4.368965467389685,0.04541394846689299,102.27544603459086,102.18461813291528,23.1738548202106
edge_settle_feb_28_nonleap_coupon_date,edge,2027-02-28,2031-08-31,6.0,5.5,2,0,2027-02-28,2027-08-31,9,0,180,180,101.96941956447043,0.0,,5.499999999999999,4.015530907263615,3.9080592771422045,0.03985025361137345,102.00927913785115,101.92957862736941,18.276341867031782
edge_settle_feb_28_leap_not_month_end,edge,2028-02-28,2033-08-31,4.25,4.9,2,0,2027-08-31,2028-02-29,12,178,180,2,96.89616909728035,2.1013888888888888,2.1013888888888888,4.899999999999991,4.850920942877615,4.73491551281368,0.04687450730393846,96.94305685632948,96.84930783621425,26.766299676836073
edge_settle_feb_29_leap_mat_15,edge,2028-02-29,2033-05-15,4.25,4.9,2,0,2027-11-15,2028-05-15,11,104,180,76,97.03605676107429,1.2277777777777779,1.2277777777777776,4.8999999999999995,4.66273540385768,4.55123026242819,0.04472213374554599,97.08079094155083,96.99134666927456,24.514285365255876
edge_settle_feb_29_leap_coupon_date,edge,2028-02-29,2033-08-31,4.25,4.9,2,0,2028-02-29,2028-08-31,11,0,180,180,96.89918606750888,0.0,,4.8999999999999755,4.951624292746569,4.83321063225629,0.04683341763584645,96.9460327137252,96.85236587296042,27.29813213440281
edge_settle_oct_30_mat_feb_28_leap,edge,2026-10-30,2036-02-28,8.125,7.9,2,0,2026-08-28,2027-02-28,19,62,180,120,101.44780529799105,1.3993055555555556,1.421875,7.899999999999427,6.647677015182446,6.395071683677196,0.06577146463675256,101.51360427383908,101.38206132745843,53.482606313802975
edge_mat_feb_28_nonleap_month_end,edge,2026-09-30,2031-02-28,5.0,5.3,2,0,2026-08-31,2027-02-28,9,30,180,150,98.82780068024178,0.4166666666666667,0.41666666666666663,5.299999997563284,3.998732303146722,3.8955015130508737,0.03866069727118099,98.8664703360231,98.78914893838169,18.050297115093578
edge_mat_feb_29_leap_month_end,edge,2026-09-30,2032-02-29,5.0,5.3,2,0,2026-08-31,2027-02-28,11,30,180,150,98.59882859708362,0.4166666666666667,0.41666666666666663,5.300000000000009,4.787295127919483,4.6637068951967695,0.046177924799287534,98.64501928878289,98.55266343397538,25.78242015758683
edge_mat_feb_28_leap_not_month_end,edge,2026-09-30,2032-02-28,5.0,5.3,2,0,2026-08-28,2027-02-28,11,32,180,150,98.59982995717814,0.4444444444444444,0.4583333333333333,5.29999999999998,4.781739572363927,4.65829476119233,0.04613774245711741,98.64598044394805,98.55370495383848,25.729332062362545
edge_mat_jan_31,edge,2026-09-30,2031-01-31,6.375,6.0,2,0,2026-07-31,2027-01-31,9,60,180,120,101.40201417807671,1.0625,1.0625,5.999999999999985,3.8200383785743144,3.7087751248294314,0.03800178413613835,101.44002452212442,101.36402095095782,16.705226135756554
edge_mat_mar_31,edge,2026-10-15,2035-03-31,4.0,4.6,2,0,2026-09-30,2027-03-31,17,15,180,165,95.83310652506312,0.16666666666666666,0.16666666666666666,4.599999999999895,7.2152695503820885,7.053049413863235,0.06770911440409333,95.9008437021224,95.7654254564958,58.44648389239229
edge_mat_apr_30,edge,2026-09-30,2031-04-30,5.5,5.1,2,0,2026-04-30,2026-10-31,10,150,180,30,101.61178313189014,2.2916666666666665,2.291666666666667,5.100000000000012,4.027983419453227,3.927823909754487,0.04081144544247464,101.65260432200317,101.57098142764785,18.753824622186777
edge_mat_may_31,edge,2026-09-30,2031-05-31,7.5,8.2,2,0,2026-05-31,2026-11-30,10,120,180,60,97.31356272399293,2.5,2.5,8.199999999999982,3.9144268171619,3.7602563085128726,0.03753245789080397,97.35110401094482,97.27603909204474,17.687980706163664
edge_mat_jun_30,edge,2026-11-15,2033-06-30,3.875,4.4,2,0,2026-06-30,2026-12-31,14,135,180,45,97.00720186895349,1.453125,1.453125,4.3999999999999915,5.806836330298633,5.6818359396268425,0.05594354238314264,97.06316413842441,96.95127704453395,38.03059829375542
edge_mat_jul_31,edge,2026-09-30,2036-07-31,6.0,6.75,2,0,2026-07-31,2027-01-31,20,60,180,120,94.66216389691931,1.0,1.0,6.74999999998943,7.418564050968418,7.176361838905362,0.0686506302416962,94.73084560590806,94.59354432478335,64.95447129669078
edge_mat_aug_31,edge,2026-09-30,2031-08-31,5.125,5.6,2,0,2026-08-31,2027-02-28,10,30,180,150,97.97802895463379,0.4270833333333333,0.4270833333333333,5.5999999999999845,4.383757958748229,4.264355991000223,0.041963443013024224,98.02000303743998,97.93607614741033,21.620403889842116
edge_mat_sep_30,edge,2026-12-15,2030-09-30,4.625,4.3,2,0,2026-09-30,2027-03-31,8,75,180,105,101.11999873086778,0.9635416666666666,0.9635416666666667,4.299999999999993,3.4912798075436453,3.41779716842256,0.03489008353132433,101.15489595959859,101.08511579033015,13.996569001428085
edge_mat_oct_31,edge,2026-12-01,2032-10-31,5.875,6.2,2,0,2026-10-31,2027-04-30,12,31,180,149,98.40487392412552,0.5059027777777778,0.5059027777777778,6.199999999999989,5.047893005801063,4.896113487682894,0.048427838788737965,98.45331603465262,98.35646035086798,28.8515270980023
edge_mat_nov_30,edge,2026-09-30,2034-11-30,6.75,7.3,2,0,2026-05-31,2026-11-30,17,120,180,60,96.64737214544257,2.25,2.25,7.299999999999487,6.231875603385716,6.012422193329201,0.0594612755149196,96.70685614138311,96.58793357755947,45.934544515823376
edge_mat_dec_31,edge,2026-09-30,2031-12-31,4.5,4.8,2,0,2026-06-30,2026-12-31,11,90,180,90,98.61558999559944,1.125,1.125,4.799999999790246,4.678102717279712,4.568459684843469,0.045566086433739786,98.66116842074518,98.57003624294859,24.736664284141714
edge_mat_29_aug,edge,2026-09-30,2031-08-29,5.25,5.8,2,0,2026-08-29,2027-02-28,10,31,180,150,97.67201012814388,0.45208333333333334,0.4666666666666666,5.799999999999969,4.368120628803901,4.245015188341983,0.041653826708625906,97.71367449001588,97.63036683264205,21.4691106018546
edge_mat_30_aug,edge,2026-11-15,2031-08-30,5.25,5.8,2,0,2026-08-30,2027-02-28,10,75,180,105,97.71844046927141,1.09375,1.09375,5.799999999999999,4.245898406581678,4.126237518543905,0.04077225676038142,97.75922281516897,97.67767829793542,20.41707756296373
edge_mat_29_aug_leap_feb_coupon,edge,2027-10-15,2032-08-29,6.625,6.1,2,0,2027-08-29,2028-02-29,10,46,180,135,102.17491139328901,0.8465277777777778,0.8649305555555556,6.09999999999997,4.217814344794125,4.092978500528021,0.042166453562063166,102.2170883214021,102.13275541039518,20.330932503596106
edge_mat_30_mar,edge,2026-10-15,2031-03-30,3.5,4.2,2,0,2026-09-30,2027-03-30,9,15,180,165,97.17937943431984,0.14583333333333334,0.14583333333333334,4.1999999999999895,4.155562965064747,4.07009105295274,0.03961224777123469,97.21900107826255,97.1397765794111,19.30541270142149
edge_mat_29_mar,edge,2026-09-30,2033-03-29,7.0,6.6,2,0,2026-09-29,2027-03-29,13,1,180,179,102.08572328271748,0.019444444444444445,0.019444444444444448,6.599999999999957,5.343014571641031,5.172327755702837,0.05281213930358932,102.13855210017616,102.032927813784,32.66095726123218
edge_final_period,edge,2026-09-30,2027-02-15,5.0,6.0,2,0,2026-08-15,2027-02-15,1,45,180,135,99.61949877750611,0.625,0.625,5.999999999999958,0.375,0.3640776699029126,0.0036496783535499796,99.62317536095455,99.61582246372382,0.26900842310790657
edge_final_period_month_end,edge,2026-12-15,2027-02-28,6.5,5.0,2,0,2026-08-31,2027-02-28,1,105,180,75,100.28973367697594,1.8958333333333333,1.8958333333333335,5.136986301369866,0.20833333333333337,0.20325203252032525,0.002076942418908726,100.2918406393259,100.28762680150925,0.08502498348465176
edge_final_period_one_day_left,edge,2027-02-14,2027-02-15,4.0,4.5,2,0,2026-08-15,2027-02-15,1,179,180,1,99.99836270466191,1.988888888888889,1.988888888888889,4.500000000003366,0.0027777777777777683,0.0027166530834012406,2.770639815092379e-05,99.9983910309211,99.99833437841845,1.5410950946742934e-05
edge_final_period_one_day_in,edge,2026-08-16,2027-02-15,7.0,7.5,2,0,2026-08-15,2027-02-15,1,1,180,179,99.75962765838744,0.019444444444444445,0.019444444444444448,7.499999999999994,0.49722222222222223,0.4792503346720214,0.004781915369854593,99.76441076345063,99.7548450118553,0.4595462853207694
edge_final_period_31_oct_mat_31_mar,edge,2026-10-31,2027-03-31,5.5,5.0,2,0,2026-09-30,2027-03-31,1,30,180,150,100.19472789115648,0.4583333333333333,0.4583333333333333,5.0,0.4166666666666667,0.40650406504065045,0.004091587854654057,100.19883634706179,100.19061977062161,0.33319446623235305
edge_zero_coupon_10y,edge,2026-09-30,2036-03-15,0.0,5.0,2,0,2026-09-15,2027-03-15,19,15,180,165,62.68162011083967,0.0,,4.999999992581734,9.458333333333334,9.227642276422765,0.05784035676894555,62.73948857441361,62.62380784176352,89.65067862370125
edge_zero_coupon_final_period,edge,2026-12-01,2027-03-15,0.0,4.0,2,0,2026-09-15,2027-03-15,1,76,180,104,98.85764499121265,0.0,,3.9999999999999902,0.28888888888888886,0.28322440087145967,0.002799889727419966,98.86046833499199,98.85482180869175,0.1631218721437714
edge_low_yield,edge,2026-09-30,2031-06-15,1.0,0.5,2,0,2026-06-15,2026-12-15,10,105,180,75,102.32365110736905,0.2916666666666667,0.2916666666666667,0.4999999999234891,4.599539712611628,4.588069538764717,0.047080621368971495,102.37074387575095,102.27658262841882,23.670376124461747
edge_high_yield,edge,2026-09-30,2033-04-01,8.0,20.0,2,0,2026-04-01,2026-10-01,14,179,180,1,57.36959291082378,3.977777777777778,3.977777777777778,19.999999999968338,4.389280652537185,3.9902551386701677,0.024479166113409598,57.3940790290373,57.34512069382137,22.65983195181508
edge_high_coupon,edge,2026-09-30,2034-12-01,15.0,12.0,2,0,2026-06-01,2026-12-01,17,119,180,61,115.3021616189338,4.958333333333333,4.958333333333333,11.99999999999999,4.9859443476623575,4.703721082700337,0.056567182552295626,115.35874808483702,115.24561370963018,32.06090214480065
edge_deep_discount_30y,edge,2026-09-30,2056-05-15,2.0,9.0,2,0,2026-05-15,2026-11-15,60,135,180,45,27.94888154364574,0.75,0.75,8.999999999855671,14.245683331601942,13.6322328532076,0.039122983582960076,27.9880482384717,27.909802195409384,304.3553786904182
freq1_coupon_date,frequency,2026-09-30,2031-09-30,5.0,5.4,1,0,2026-09-30,2027-09-30,5,0,360,360,98.28719198079605,0.0,,5.399999999999959,4.541450681050779,4.308776737239827,0.04234975663754789,98.32955339878174,98.24485388043072,23.723966359056607
freq1_mid_period,frequency,2026-09-30,2033-06-15,6.25,5.9,1,0,2026-06-15,2027-06-15,7,105,360,255,101.85697720663708,1.8229166666666667,1.8229166666666667,5.899999999998368,5.599578013557917,5.287609077958373,0.054821874804624166,101.9118178849233,101.80217412531259,36.26253876171505
freq1_mat_feb_29_month_end,frequency,2026-09-30,2032-02-29,4.75,5.1,1,0,2026-02-28,2027-02-28,6,210,360,150,98.35033540916781,2.7708333333333335,2.7708333333333335,5.099999999999986,4.769578498336712,4.538133680624846,0.04589013816944928,98.39623906326334,98.30445878067955,26.725964111006068
freq1_final_period,frequency,2026-09-30,2027-06-15,5.5,6.0,1,0,2026-06-15,2027-06-15,1,105,360,255,99.59487410071942,1.6041666666666667,1.6041666666666667,6.000000000000003,0.7083333333333334,0.6682389937106918,0.006762514516688536,99.60175060189273,99.58799853393919,0.9233220493642315
freq1_30y,frequency,2026-09-30,2056-03-01,6.0,6.3,1,0,2026-03-01,2027-03-01,30,209,360,151,95.98259296091936,3.4833333333333334,3.4833333333333334,6.299999998206126,13.719079508883032,12.906001419457228,0.12837073859412532,96.1110977871614,95.85435608684955,269.3909182973711
freq1_settle_feb_28_nonleap,frequency,2027-02-28,2035-08-31,7.0,7.6,1,0,2026-08-31,2027-08-31,9,178,360,182,96.2752489579095,3.4611111111111112,3.4611111111111117,7.599999999998492,6.432377257344906,5.978045778201585,0.059622852624380177,96.33489586218346,96.2156501419868,48.21546648625223
freq1_settle_feb_29_leap,frequency,2028-02-29,2034-11-30,3.25,3.9,1,0,2027-11-30,2028-11-30,7,89,360,271,96.19384873092288,0.8034722222222223,0.8034722222222223,3.8999999999999098,6.110325444261445,5.880967703812749,0.057043811188180596,96.25091315599616,96.13682552222998,42.49228737695655
freq4_coupon_date_month_end,frequency,2026-09-30,2031-12-31,5.0,5.4,4,0,2026-09-30,2026-12-31,21,0,90,90,98.18202125821207,0.0,,5.399999999953464,4.64294878707596,4.581103884633408,0.04497820389871552,98.22701115879862,98.13705474667168,23.822127345508406
freq4_mat_30_aug,frequency,2026-09-30,2031-08-30,6.0,5.7,4,0,2026-08-30,2026-11-30,20,30,90,60,101.27611270906132,0.5,0.5,5.699999996469281,4.278294693063518,4.218185548990404,0.04293105278617811,101.31905419506317,101.23319208586386,20.498723935506295
freq4_settle_31_oct_mat_may_31,frequency,2026-10-31,2033-05-31,4.5,5.0,4,0,2026-08-31,2026-11-30,27,60,90,30,97.20837244446975,0.75,0.75,5.000000000000022,5.675753427398769,5.605682397430884,0.05491235240929426,97.26330244267518,97.15347772982955,36.018937798602444
freq4_final_period,frequency,2026-09-30,2026-12-15,5.25,5.5,4,0,2026-09-15,2026-12-15,1,15,90,75,99.94602857878476,0.21875,0.21875,5.499999999999999,0.20833333333333337,0.20550760378133995,0.0020584623629014546,99.94809174751282,99.94396549504644,0.0848499074552265
freq4_settle_feb_28_mat_29_nov,frequency,2027-02-28,2036-11-29,6.875,6.2,4,0,2027-02-28,2027-05-29,39,0,90,89,104.91131263235994,0.0,,6.1999999999987,7.254302076911218,7.143576639006615,0.0749442002088046,104.98628989649056,104.83640147505139,63.01210082172308
freq4_settle_feb_29_mat_aug_31,frequency,2028-02-29,2030-08-31,4.0,4.4,4,0,2028-02-29,2028-05-31,10,0,90,90,99.05793031399757,0.0,,4.399999999999984,2.390863798539851,2.364850443659596,0.023425719045105847,99.08135917156616,99.03450773285974,6.336121432185998
freq4_20y,frequency,2026-11-15,2046-02-15,5.75,6.1,4,0,2026-11-15,2027-02-15,77,0,90,90,96.05132395987133,0.0,,6.099999999891515,11.599187775699619,11.424957178724076,0.10973822632012839,96.1611484744431,95.94167192098386,179.566170666164
freq4_mat_feb_28_month_end,frequency,2026-09-30,2031-02-28,5.0,5.3,4,0,2026-08-31,2026-11-30,18,30,90,60,98.82371966362906,0.4166666666666667,0.41666666666666663,5.299999999999967,3.970823452860279,3.918898053649424,0.03889129568332128,98.86261960522329,98.78483701110962,17.421410189527073
freq4_zero_coupon,frequency,2026-09-30,2031-11-15,0.0,4.5,4,0,2026-08-15,2026-11-15,21,45,90,45,79.50602488307364,0.0,,4.499999999999975,5.125000000000001,5.067985166872683,0.04029353547844276,79.54632912895572,79.46574205402804,26.93737552675906
act_coupon_date_5y,basis1,2026-09-30,2031-09-30,6.25,6.0,2,1,2026-09-30,2027-03-31,10,0,181,182,101.06627535459698,0.0,,6.000000000000016,4.374435305641703,4.247024568584178,0.0429230954486267,101.10920938700667,101.02336319196236,21.639043268684095
act_mid_period,basis1,2026-09-30,2033-03-15,5.5,5.8,2,1,2026-09-15,2027-03-15,13,15,181,166,98.39999118032406,0.22790055248618785,0.22790055248618785,5.799999999999963,5.5014098151535284,5.34636522366718,0.05273007304439086,98.45273811805787,98.347277964048,34.19058963268374
act_period_over_feb_29,basis1,2027-09-30,2032-03-15,4.5,4.9,2,1,2027-09-15,2028-03-15,9,15,182,167,98.41311779633578,0.18543956043956045,0.18543956043956045,4.900000000000013,4.078688366933948,3.9811501873440194,0.03925356650927762,98.45238058231351,98.37387344606977,18.697749964771095
act_settle_in_leap_period,basis1,2028-01-15,2033-07-15,6.0,6.4,2,1,2028-01-15,2028-07-15,11,0,182,182,98.16980742482015,0.0,,6.400000000000003,4.756928654624964,4.609426990915663,0.04525065600369589,98.21507058433761,98.12456926721444,25.468025666378573
act_settle_feb_28_nonleap,basis1,2027-02-28,2032-05-15,6.0,5.5,2,1,2026-11-15,2027-05-15,11,105,181,76,102.22860201829855,1.7403314917127073,1.740331491712707,5.500000000000024,4.485167880235228,4.365126890739881,0.04538375874660969,102.27399780781676,102.18323028559087,23.13846042181032
act_settle_feb_29_leap,basis1,2028-02-29,2033-05-15,4.25,4.9,2,1,2027-11-15,2028-05-15,11,106,182,76,97.03723331849342,1.2376373626373627,1.2376373626373627,4.899999999999981,4.66041550153778,4.54896583849466,0.04470490295109444,97.08195025885688,96.99254044817495,24.4925735538243
act_settle_31_mar_after_feb_end,basis1,2027-03-31,2031-08-31,5.125,5.6,2,1,2027-02-28,2027-08-31,9,31,181,153,98.15934086710932,0.43172554347826086,0.43172554347826086,5.600000000000002,3.9864424599540214,3.877862315130371,0.03823225810421333,98.19758196150067,98.12111744224188,17.92203346271703
act_mat_feb_28_nonleap_month_end,basis1,2026-09-30,2031-02-28,5.0,5.3,2,1,2026-08-31,2027-02-28,9,30,181,151,98.82771255541121,0.4143646408839779,0.4143646408839779,5.2999999991799145,3.999192708303259,3.895950032443506,0.03866421738726672,98.86638573293578,98.78905729506138,18.054010205080125
act_mat_feb_28_leap_not_month_end,basis1,2026-09-30,2036-02-28,8.125,8.066,2,1,2026-08-28,2027-02-28,19,33,181,151,100.372141341492,0.7286005434782609,0.7395789544799423,8.065999999999962,6.713792839362774,6.453522285585126,0.06524558908438452,100.4374143769915,100.30692318165022,54.27819489889337
act_mat_mar_31,basis1,2026-10-15,2031-03-31,4.0,4.6,2,1,2026-09-30,2027-03-31,9,15,181,167,97.60424433087243,0.16483516483516483,0.16483516483516483,4.599999999999959,4.1164738032141015,4.023923561304107,0.03934153025497921,97.64359514483914,97.5649120810714,18.987767659169158
act_mat_apr_30,basis1,2026-09-30,2031-04-30,5.5,5.1,2,1,2026-04-30,2026-10-31,10,153,183,31,101.61202541411566,2.286684782608696,2.286684782608696,5.100000000000001,4.028889216554675,3.9287071833785223,0.040818760909363434,101.65285392308078,101.57121639778991,18.761194740911147
act_mat_30_may_settle_coupon_date,basis1,2026-05-30,2031-05-30,6.5,6.9,2,1,2026-05-30,2026-11-30,10,0,182,184,98.33247918498567,0.0,,6.900000000000002,4.341492747378251,4.196706377359354,0.041267254249718534,98.37375688112739,98.29122236869094,21.233927126083515
act_mat_30_may_mid_period,basis1,2026-06-15,2031-05-30,6.5,6.9,2,1,2026-05-30,2026-11-30,10,16,183,168,98.34032143310445,0.2826086956521739,0.28425058548009363,6.899999999999988,4.298014486508686,4.1546780923235245,0.040974652720669885,98.38130637541455,98.29935706612085,20.862619333103297
act_mat_aug_31_late_in_period,basis1,2027-08-29,2031-08-31,5.0,5.2,2,1,2027-02-28,2027-08-31,9,182,184,2,99.28481360419755,2.472826086956522,2.4728260869565215,5.199999993917684,3.5885032869188906,3.49756655645116,0.03559041174471876,99.32041160521219,99.24923077929104,14.913974191379173
act_mat_29_aug,basis1,2026-09-30,2031-08-29,5.25,5.8,2,1,2026-08-29,2027-02-28,10,32,181,151,97.67248613010226,0.45901639344262296,0.46361548162382893,5.799999999999979,4.36680004592594,4.24373182305728,0.04164437801035931,97.71414103841867,97.63085227844408,21.45759283589408
act_mat_dec_31,basis1,2026-09-30,2031-12-31,4.5,4.8,2,1,2026-06-30,2026-12-31,11,92,183,92,98.61558999559944,1.125,1.125,4.799999999992019,4.678102717279712,4.568459684843469,0.045566086433739786,98.66116842074518,98.57003624294859,24.736664284141714
act_final_period,basis1,2026-09-30,2027-02-15,5.0,6.0,2,1,2026-08-15,2027-02-15,1,46,184,138,99.61949877750611,0.625,0.625,5.999999999999958,0.375,0.3640776699029126,0.0036496783535499796,99.62317536095455,99.61582246372382,0.26900842310790657
act_final_period_month_end,basis1,2026-12-15,2027-02-28,6.5,5.0,2,1,2026-08-31,2027-02-28,1,106,181,75,100.28807264268153,1.9033149171270718,1.9033149171270716,4.9999999999999964,0.20718232044198892,0.20212909311413554,0.0020655852491539266,100.29016820282753,100.28597716847608,0.08409763664655058
act_zero_coupon,basis1,2026-09-30,2036-03-15,0.0,5.0,2,1,2026-09-15,2027-03-15,19,15,181,166,62.680907512237475,0.0,,4.999999992967394,9.458563535911603,9.227866864304003,0.057841106945668005,62.738776727002644,62.62309449399798,89.65493306791014
act_high_yield,basis1,2026-09-30,2033-04-01,8.0,20.0,2,1,2026-04-01,2026-10-01,14,182,183,1,57.369761130706124,3.978142076502732,3.978142076502732,19.99999999996874,4.389235115196565,3.9902137410877865,0.024479124636432828,57.394247207395864,57.345288955133924,22.659482743320943
act_30y,basis1,2026-09-30,2056-05-15,7.0,6.5,2,1,2026-05-15,2026-11-15,60,138,184,46,106.52548532681546,2.625,2.6250000000000004,6.5000000000000115,13.004221302787615,12.594887460326987,0.1374738078931313,106.66309952865397,106.38815168440976,257.03910703596506
act_freq1_mid_period,basis1,2026-09-30,2033-06-15,6.25,5.9,1,1,2026-06-15,2027-06-15,7,107,365,258,101.85652266614815,1.832191780821918,1.832191780821918,5.89999999999836,5.598093995293078,5.286207738709233,0.0548120084726385,101.91135347133098,101.80172944438948,36.24639803853914
act_freq1_over_feb_29,basis1,2027-06-30,2031-03-15,4.0,4.3,1,1,2027-03-15,2028-03-15,4,107,366,259,98.97432921204746,1.169398907103825,1.169398907103825,4.299999999999995,3.4813570930768103,3.3378303864590704,0.03342627787293988,99.00776289411017,98.94091033568833,14.784454139524117
act_freq1_final_period,basis1,2026-09-30,2027-06-15,5.5,6.0,1,1,2026-06-15,2027-06-15,1,107,365,258,99.59535626231322,1.6123287671232878,1.6123287671232878,5.999999999999977,0.706849315068493,0.6668389764797104,0.006748922909691035,99.60221952804602,99.58849392730083,0.9196143589165924
act_freq4_mid_period,basis1,2026-10-31,2033-05-31,4.5,5.0,4,1,2026-08-31,2026-11-30,27,61,92,30,97.20870913871025,0.7541208791208791,0.7541208791208791,4.999999999999985,5.674837676483019,5.604777952081994,0.05490599098074961,97.26363277121271,97.15382078122711,36.00857522842203
act_freq4_mat_aug_31,basis1,2026-10-15,2031-08-31,5.0,5.2,4,1,2026-08-31,2026-11-30,20,45,92,46,99.1414183899971,0.6181318681318682,0.6181318681318682,5.199999999999966,4.328211489542328,4.272666820871005,0.042623932045292114,99.18405269335724,99.0988048256692,20.78901938075431
act_freq4_settle_feb_29,basis1,2028-02-29,2030-08-31,4.0,4.4,4,1,2028-02-29,2028-05-31,10,0,90,92,99.05793031399757,0.0,,4.399999999999939,2.390863798539851,2.364850443659596,0.023425719045105847,99.08135917156616,99.03450773285974,6.336121432185998
act_freq4_final_period,basis1,2026-09-30,2026-12-15,5.25,5.5,4,1,2026-09-15,2026-12-15,1,15,91,76,99.9459385981773,0.21634615384615385,0.21634615384615385,5.500000000000024,0.20879120879120883,0.20595926884459564,0.0020629350933330944,99.94800619847574,99.94387108323623,0.08521905919941518
99001BZA7,week2,2026-11-30,2031-09-30,5.25,5.4,2,0,2026-09-30,2027-03-31,10,60,180,120,99.36155142589135,0.875,0.875,5.399999999999975,4.293247884617173,4.180377687066382,0.04190266430092781,99.40346456111178,99.31965922862149,20.88853844490705
99002CZA4,week2,2026-11-30,2033-09-30,6.125,6.125,2,0,2026-09-30,2027-03-31,14,60,180,120,99.98975275440465,1.0208333333333333,1.0208333333333333,6.124999999999982,5.629618966784446,5.462334958675024,0.05517536555833042,100.0449465027053,99.93459576258111,36.388737581604346
99003DZA1,week2,2026-11-30,2029-09-30,4.75,4.6,2,0,2026-09-30,2027-03-31,6,60,180,120,100.3882474198748,0.7916666666666666,0.7916666666666666,4.59999999999999,2.6650453959634204,2.6051274642848687,0.026358657302083265,100.41461029211324,100.36189297646601,8.330536457555075
99004EZA8,week2,2026-11-30,2036-09-30,7.5,7.7,2,0,2026-09-30,2027-03-31,20,60,180,120,98.62249081640672,1.25,1.25,7.699999999999958,7.0200171117320895,6.759766116256225,0.06751146793668572,98.69003202977945,98.55500907447416,59.54736851639378
99005FZA4,week2,2026-11-30,2030-09-30,5.625,5.8,2,0,2026-09-30,2027-03-31,8,60,180,120,99.39724166099995,0.9375,0.9375,5.800000000000001,3.469260052816741,3.371486931794695,0.033827727031505814,99.43107628916943,99.36342083297971,13.754108516042624
99007HZA8,week2,2026-11-30,2028-09-30,4.375,4.3,2,0,2026-09-30,2027-03-31,4,60,180,120,100.12570834105745,0.7291666666666666,0.7291666666666666,4.300000000000031,1.7700762738035805,1.732820630253138,0.017476340807498596,100.14318665783891,100.10823397586037,3.9180896346274823
99008IZA5,week2,2026-11-30,2032-09-30,5.0,5.35,2,0,2026-09-30,2027-03-31,12,60,180,120,98.25856468999082,0.8333333333333334,0.8333333333333333,5.350000000000021,5.082342140652154,4.949931473729879,0.04904981048172838,98.30762895842754,98.2095293311955,29.174576304898814
99009JZA2,week2,2026-11-30,2034-09-30,8.25,8.6,2,0,2026-09-30,2027-03-31,16,60,180,120,98.0153196112818,1.375,1.375,8.59999999999992,5.821226633892031,5.581233589541736,0.05547205902897747,98.07081162917332,97.95986750043483,40.15184244737835
trade_99005FZA4,week2_trades,2027-02-28,2030-09-30,5.625,5.8,2,0,2026-09-30,2027-03-31,8,148,180,32,99.43437410124594,2.3125,2.3125,5.800000000000004,3.2248156083722965,3.133931592198539,0.031886774315334196,99.46626702873041,99.40249347829726,12.093281400152117
trade_99007HZA8,week2_trades,2027-03-01,2028-09-30,4.375,4.3,2,0,2026-09-30,2027-03-31,4,151,180,29,100.11027680460371,1.8350694444444444,1.8350694444444444,4.300000000000021,1.5172984960258025,1.4853631874946671,0.015142586445473368,100.12542092066427,100.09513574751676,3.0006015012335068
trade_99008IZA5,week2_trades,2026-12-31,2032-09-30,5.0,5.35,2,0,2026-09-30,2027-03-31,12,90,180,90,98.27883767667191,1.25,1.25,5.350000000000013,4.999008807318821,4.868769230405474,0.048458294241820125,98.32731007624838,98.23039348172138,28.33814460907508
trade_99009JZA2,week2_trades,2027-01-15,2034-09-30,8.25,8.6,2,0,2026-09-30,2027-03-31,16,105,180,75,98.03570663232037,2.40625,2.40625,8.59999999999994,5.696226633892032,5.461386993185075,0.05485523955218138,98.09058134817494,97.98087085878572,38.770969048951564
