case_id,function,amount,rate_pct,coupon_pct,price,years,frequency,excel_formula,excel_value
tvm_fv_01,FV,100,5,,,3,2,"=FV(5/100/2,2*3,0,-100)",115.96934182128902
tvm_fv_02,FV,100,5,,,3,1,"=FV(5/100/1,1*3,0,-100)",115.76250000000002
tvm_fv_03,FV,100,5,,,3,4,"=FV(5/100/4,4*3,0,-100)",116.07545177229986
tvm_fv_04,FV,1000000,4.25,,,10,2,"=FV(4.25/100/2,2*10,0,-1000000)",1522794.8199233576
tvm_fv_05,FV,250000,6.5,,,2.5,2,"=FV(6.5/100/2,2*2.5,0,-250000)",293352.8489573486
tvm_fv_06,FV,100,7.125,,,30,2,"=FV(7.125/100/2,2*30,0,-100)",816.8673651388357
tvm_fv_07,FV,100,0.5,,,1,4,"=FV(0.5/100/4,4*1,0,-100)",100.50093828149413
tvm_fv_08,FV,5000000,3.8,,,0.5,2,"=FV(3.8/100/2,2*0.5,0,-5000000)",5094999.999999999
tvm_fv_09,FV,100,5.4,,,5,2,"=FV(5.4/100/2,2*5,0,-100)",130.52822611608937
tvm_fv_10,FV,100,6.125,,,7,2,"=FV(6.125/100/2,2*7,0,-100)",152.54901994103253
tvm_fv_11,FV,100,4.6,,,3,2,"=FV(4.6/100/2,2*3,0,-100)",114.61825763810933
tvm_fv_12,FV,100,7.7,,,10,2,"=FV(7.7/100/2,2*10,0,-100)",212.87762554956413
tvm_fv_13,FV,100,5.8,,,4,2,"=FV(5.8/100/2,2*4,0,-100)",125.69644590878958
tvm_fv_14,FV,100,4.3,,,2,2,"=FV(4.3/100/2,2*2,0,-100)",108.88134671750629
tvm_fv_15,FV,100,5.35,,,6,2,"=FV(5.35/100/2,2*6,0,-100)",137.27028593081062
tvm_fv_16,FV,100,8.6,,,8,2,"=FV(8.6/100/2,2*8,0,-100)",196.13221581332238
tvm_fv_17,FV,100,5.4,,,5,1,"=FV(5.4/100/1,1*5,0,-100)",130.0777614445024
tvm_fv_18,FV,100,5.4,,,5,4,"=FV(5.4/100/4,4*5,0,-100)",130.76004476313543
tvm_pv_01,PV,100,5,,,3,2,"=PV(5/100/2,2*3,0,100)",-86.22968659605046
tvm_pv_02,PV,100,5,,,3,1,"=PV(5/100/1,1*3,0,100)",-86.3837598531476
tvm_pv_03,PV,100,5,,,3,4,"=PV(5/100/4,4*3,0,100)",-86.1508600424538
tvm_pv_04,PV,1000000,4.25,,,10,2,"=PV(4.25/100/2,2*10,0,1000000)",-656687.2876874707
tvm_pv_05,PV,250000,6.5,,,2.5,2,"=PV(6.5/100/2,2*2.5,0,250000)",-213054.0072207959
tvm_pv_06,PV,100,7.125,,,30,2,"=PV(7.125/100/2,2*30,0,100)",-12.241889475288794
tvm_pv_07,PV,100,0.5,,,1,4,"=PV(0.5/100/4,4*1,0,100)",-99.50155860227787
tvm_pv_08,PV,5000000,3.8,,,0.5,2,"=PV(3.8/100/2,2*0.5,0,5000000)",-4906771.344455349
tvm_pv_09,PV,100,5.4,,,5,2,"=PV(5.4/100/2,2*5,0,100)",-76.61178196895273
tvm_pv_10,PV,100,6.125,,,7,2,"=PV(6.125/100/2,2*7,0,100)",-65.55269908561507
tvm_pv_11,PV,100,4.6,,,3,2,"=PV(4.6/100/2,2*3,0,100)",-87.2461351800824
tvm_pv_12,PV,100,7.7,,,10,2,"=PV(7.7/100/2,2*10,0,100)",-46.97534545579431
tvm_pv_13,PV,100,5.8,,,4,2,"=PV(5.8/100/2,2*4,0,100)",-79.55674424761702
tvm_pv_14,PV,100,4.3,,,2,2,"=PV(4.3/100/2,2*2,0,100)",-91.84309619116944
tvm_pv_15,PV,100,5.35,,,6,2,"=PV(5.35/100/2,2*6,0,100)",-72.84897770986196
tvm_pv_16,PV,100,8.6,,,8,2,"=PV(8.6/100/2,2*8,0,100)",-50.986014503185686
tvm_pv_17,PV,100,5.4,,,5,1,"=PV(5.4/100/1,1*5,0,100)",-76.87709174074688
tvm_pv_18,PV,100,5.4,,,5,4,"=PV(5.4/100/4,4*5,0,100)",-76.47596036017306
tvm_rate_01,RATE,,,5,98.25,3,2,"=RATE(2*3,5/2,-98.25,100)*2",0.056422661816688924
tvm_rate_02,RATE,,,6.25,101.5,5,2,"=RATE(2*5,6.25/2,-101.5,100)*2",0.05899212362936983
tvm_rate_03,RATE,,,4.5,94.875,10,2,"=RATE(2*10,4.5/2,-94.875,100)*2",0.05162567101198719
tvm_rate_04,RATE,,,7,104,30,2,"=RATE(2*30,7/2,-104,100)*2",0.06689266235791767
tvm_rate_05,RATE,,,5.5,100,7,2,"=RATE(2*7,5.5/2,-100,100)*2",0.055000000000008646
tvm_rate_06,RATE,,,8,97,4,1,"=RATE(1*4,8/1,-97,100)*1",0.08924471296848836
tvm_rate_07,RATE,,,3.75,99.5,2,4,"=RATE(4*2,3.75/4,-99.5,100)*4",0.04011413428892181
tvm_rate_08,RATE,,,0,78.5,5,2,"=RATE(2*5,0/2,-78.5,100)*2",0.049005055758587816
tvm_rate_09,RATE,,,9.25,88,6,2,"=RATE(2*6,9.25/2,-88,100)*2",0.12122249355740027
tvm_rate_10,RATE,,,2,70,20,2,"=RATE(2*20,2/2,-70,100)*2",0.04239709700099318
tvm_effect_01,EFFECT,,5,,,,2,"=EFFECT(5/100,2)",0.05062499999999992
tvm_effect_02,EFFECT,,5,,,,4,"=EFFECT(5/100,4)",0.050945336914062445
tvm_effect_03,EFFECT,,6.25,,,,2,"=EFFECT(6.25/100,2)",0.0634765625
tvm_effect_04,EFFECT,,4.5,,,,1,"=EFFECT(4.5/100,1)",0.04499999999999993
tvm_effect_05,EFFECT,,7.1,,,,2,"=EFFECT(7.1/100,2)",0.07226025000000025
tvm_effect_06,EFFECT,,3,,,,4,"=EFFECT(3/100,4)",0.030339190664062876
tvm_effect_07,EFFECT,,10,,,,2,"=EFFECT(10/100,2)",0.10250000000000004
tvm_effect_08,EFFECT,,0.5,,,,2,"=EFFECT(0.5/100,2)",0.005006249999999879
tvm_nominal_01,NOMINAL,,5.0625,,,,2,"=NOMINAL(5.0625/100,2)",0.04999999999999982
tvm_nominal_02,NOMINAL,,5.0945,,,,4,"=NOMINAL(5.0945/100,4)",0.049999675410777655
tvm_nominal_03,NOMINAL,,6.25,,,,2,"=NOMINAL(6.25/100,2)",0.06155281280883029
tvm_nominal_04,NOMINAL,,7.2,,,,4,"=NOMINAL(7.2/100,4)",0.07013381292277998
tvm_nominal_05,NOMINAL,,4,,,,1,"=NOMINAL(4/100,1)",0.040000000000000036
tvm_nominal_06,NOMINAL,,10.25,,,,2,"=NOMINAL(10.25/100,2)",0.10000000000000009
tvm_pv_bond_01,PV_BOND,,5.5,5,,3,2,"=-PV(5.5/100/2,2*3,5/2,100)",98.6344083055513
tvm_pv_bond_02,PV_BOND,,6,6.25,,5,2,"=-PV(6/100/2,2*5,6.25/2,100)",101.06627535459698
tvm_pv_bond_03,PV_BOND,,5.25,4.5,,10,2,"=-PV(5.25/100/2,2*10,4.5/2,100)",94.2225027042745
tvm_pv_bond_04,PV_BOND,,6.5,7,,30,2,"=-PV(6.5/100/2,2*30,7/2,100)",106.56341404793116
tvm_pv_bond_05,PV_BOND,,5.5,5.5,,7,2,"=-PV(5.5/100/2,2*7,5.5/2,100)",100.0
tvm_pv_bond_06,PV_BOND,,7.75,8,,4,1,"=-PV(7.75/100/1,1*4,8/1,100)",100.83266047273996
tvm_pv_bond_07,PV_BOND,,4,3.75,,2,4,"=-PV(4/100/4,4*2,3.75/4,100)",99.52177014051445
tvm_pv_bond_08,PV_BOND,,5,0,,5,2,"=-PV(5/100/2,2*5,0/2,100)",78.11984017257271
tvm_pv_bond_09,PV_BOND,,11,9.25,,6,2,"=-PV(11/100/2,2*6,9.25/2,100)",92.45879688235634
tvm_pv_bond_10,PV_BOND,,6,2,,20,2,"=-PV(6/100/2,2*20,2/2,100)",53.770456051587125
tvm_pv_bond_11,PV_BOND,,6,5,,1,2,"=-PV(6/100/2,2*1,5/2,100)",99.04326515222924
tvm_pv_bond_12,PV_BOND,,6,6,,10,4,"=-PV(6/100/4,4*10,6/4,100)",99.99999999999999
tvm_pv_bond_13,PV_BOND,,5.4,5.25,,5,2,"=-PV(5.4/100/2,2*5,5.25/2,100)",99.35032727691537
tvm_pv_bond_14,PV_BOND,,6.125,6.125,,7,2,"=-PV(6.125/100/2,2*7,6.125/2,100)",99.99999999999999
tvm_pv_bond_15,PV_BOND,,4.6,4.75,,3,2,"=-PV(4.6/100/2,2*3,4.75/2,100)",100.41588689630166
tvm_pv_bond_16,PV_BOND,,7.7,7.5,,10,2,"=-PV(7.7/100/2,2*10,7.5/2,100)",98.62273624560504
tvm_pv_bond_17,PV_BOND,,5.8,5.625,,4,2,"=-PV(5.8/100/2,2*4,5.625/2,100)",99.38317762816085
tvm_pv_bond_18,PV_BOND,,4.3,4.375,,2,2,"=-PV(4.3/100/2,2*2,4.375/2,100)",100.142271578061
tvm_pv_bond_19,PV_BOND,,5.35,5,,6,2,"=-PV(5.35/100/2,2*6,5/2,100)",98.22376489690686
tvm_pv_bond_20,PV_BOND,,8.6,8.25,,8,2,"=-PV(8.6/100/2,2*8,8.25/2,100)",98.00524477629244
tvm_effect_09,EFFECT,,5.4,,,,2,"=EFFECT(5.4/100,2)",0.054728999999999806
tvm_effect_10,EFFECT,,6.125,,,,2,"=EFFECT(6.125/100,2)",0.06218789062499974
tvm_effect_11,EFFECT,,4.6,,,,2,"=EFFECT(4.6/100,2)",0.04652899999999982
tvm_effect_12,EFFECT,,7.7,,,,2,"=EFFECT(7.7/100,2)",0.07848224999999998
tvm_effect_13,EFFECT,,5.8,,,,2,"=EFFECT(5.8/100,2)",0.05884099999999992
tvm_effect_14,EFFECT,,4.3,,,,2,"=EFFECT(4.3/100,2)",0.04346225000000015
tvm_effect_15,EFFECT,,5.35,,,,2,"=EFFECT(5.35/100,2)",0.054215562500000036
tvm_effect_16,EFFECT,,8.6,,,,2,"=EFFECT(8.6/100,2)",0.08784899999999984
tvm_price_01,PRICE,,2.4,5.25,,5,2,"=PRICE(DATE(2026,9,30),DATE(2031,9,30),5.25/100,2.4/100,100,2,0)",113.35294081346204
tvm_price_02,PRICE,,3.4,5.25,,5,2,"=PRICE(DATE(2026,9,30),DATE(2031,9,30),5.25/100,3.4/100,100,2,0)",108.44083550608394
tvm_price_03,PRICE,,4.4,5.25,,5,2,"=PRICE(DATE(2026,9,30),DATE(2031,9,30),5.25/100,4.4/100,100,2,0)",103.7779572198685
tvm_price_04,PRICE,,5.4,5.25,,5,2,"=PRICE(DATE(2026,9,30),DATE(2031,9,30),5.25/100,5.4/100,100,2,0)",99.35032727691544
tvm_price_05,PRICE,,6.4,5.25,,5,2,"=PRICE(DATE(2026,9,30),DATE(2031,9,30),5.25/100,6.4/100,100,2,0)",95.14481862944135
tvm_price_06,PRICE,,7.4,5.25,,5,2,"=PRICE(DATE(2026,9,30),DATE(2031,9,30),5.25/100,7.4/100,100,2,0)",91.14910003910235
tvm_price_07,PRICE,,8.4,5.25,,5,2,"=PRICE(DATE(2026,9,30),DATE(2031,9,30),5.25/100,8.4/100,100,2,0)",87.35158416647353
tvm_price_08,PRICE,,5.125,6.125,,7,2,"=PRICE(DATE(2026,9,30),DATE(2033,9,30),6.125/100,5.125/100,100,2,0)",105.8202309918687
tvm_price_09,PRICE,,7.125,6.125,,7,2,"=PRICE(DATE(2026,9,30),DATE(2033,9,30),6.125/100,7.125/100,100,2,0)",94.56256246079994
tvm_price_10,PRICE,,3.6,4.75,,3,2,"=PRICE(DATE(2026,9,30),DATE(2029,9,30),4.75/100,3.6/100,100,2,0)",103.24267499570712
tvm_price_11,PRICE,,5.6,4.75,,3,2,"=PRICE(DATE(2026,9,30),DATE(2029,9,30),4.75/100,5.6/100,100,2,0)",97.68235372406569
tvm_price_12,PRICE,,6.7,7.5,,10,2,"=PRICE(DATE(2026,9,30),DATE(2036,9,30),7.5/100,6.7/100,100,2,0)",105.76290076522847
tvm_price_13,PRICE,,8.7,7.5,,10,2,"=PRICE(DATE(2026,9,30),DATE(2036,9,30),7.5/100,8.7/100,100,2,0)",92.09279717691675
tvm_price_14,PRICE,,4.35,5,,6,2,"=PRICE(DATE(2026,9,30),DATE(2032,9,30),5/100,4.35/100,100,2,0)",103.40033544060972
tvm_price_15,PRICE,,6.35,5,,6,2,"=PRICE(DATE(2026,9,30),DATE(2032,9,30),5/100,6.35/100,100,2,0)",93.35069899487269
tvm_rate_11,RATE,,,5.25,99.125,5,2,"=RATE(2*5,5.25/2,-99.125,100)*2",0.05452296503527843
tvm_rate_12,RATE,,,6.125,100.5,7,2,"=RATE(2*7,6.125/2,-100.5,100)*2",0.06036363907056092
tvm_rate_13,RATE,,,4.75,100.875,3,2,"=RATE(2*3,4.75/2,-100.875,100)*2",0.04435281247240744
tvm_rate_14,RATE,,,7.5,97.75,10,2,"=RATE(2*10,7.5/2,-97.75,100)*2",0.0782861015946513
tvm_rate_15,RATE,,,5.625,99.5,4,2,"=RATE(2*4,5.625/2,-99.5,100)*2",0.05766756412039466
tvm_rate_16,RATE,,,4.375,100.25,2,2,"=RATE(2*2,4.375/2,-100.25,100)*2",0.04243300253469732
tvm_rate_17,RATE,,,5,98.375,6,2,"=RATE(2*6,5/2,-98.375,100)*2",0.053199095567824824
tvm_rate_18,RATE,,,8.25,97.625,8,2,"=RATE(2*8,8.25/2,-97.625,100)*2",0.08667748668219462
tvm_yield_01,YIELD,,,5.25,99.125,5,2,"=YIELD(DATE(2026,9,30),DATE(2031,9,30),5.25/100,99.125,100,2,0)",0.054522965032957
tvm_yield_02,YIELD,,,6.125,100.5,7,2,"=YIELD(DATE(2026,9,30),DATE(2033,9,30),6.125/100,100.5,100,2,0)",0.06036363907055726
tvm_yield_03,YIELD,,,4.75,100.875,3,2,"=YIELD(DATE(2026,9,30),DATE(2029,9,30),4.75/100,100.875,100,2,0)",0.04435281244397142
tvm_yield_04,YIELD,,,7.5,97.75,10,2,"=YIELD(DATE(2026,9,30),DATE(2036,9,30),7.5/100,97.75,100,2,0)",0.07828610159100527
tvm_yield_05,YIELD,,,5.625,99.5,4,2,"=YIELD(DATE(2026,9,30),DATE(2030,9,30),5.625/100,99.5,100,2,0)",0.057667564058919714
tvm_yield_06,YIELD,,,4.375,100.25,2,2,"=YIELD(DATE(2026,9,30),DATE(2028,9,30),4.375/100,100.25,100,2,0)",0.04243300253358766
tvm_yield_07,YIELD,,,5,98.375,6,2,"=YIELD(DATE(2026,9,30),DATE(2032,9,30),5/100,98.375,100,2,0)",0.05319909556782486
tvm_yield_08,YIELD,,,8.25,97.625,8,2,"=YIELD(DATE(2026,9,30),DATE(2034,9,30),8.25/100,97.625,100,2,0)",0.08667748668218445
