date,ig_spread_bp,hy_spread_bp
2015-01-02,90.3,253.0
2015-01-05,89.8,251.0
2015-01-06,90.7,251.3
2015-01-07,90.4,252.6
2015-01-08,90.7,251.0
2015-01-09,89.9,249.7
2015-01-12,87.8,240.7
2015-01-13,87.0,237.7
2015-01-14,86.9,236.3
2015-01-15,88.9,239.7
2015-01-16,88.1,235.7
2015-01-20,86.5,228.0
2015-01-21,87.0,231.7
2015-01-22,86.4,226.8
2015-01-23,85.6,227.6
2015-01-26,85.5,229.5
2015-01-27,83.6,223.7
2015-01-28,84.1,221.1
2015-01-29,83.0,216.3
2015-01-30,84.7,222.6
2015-02-02,84.8,223.6
2015-02-03,84.8,225.1
2015-02-04,85.0,225.3
2015-02-05,84.5,225.7
2015-02-06,84.8,228.9
2015-02-09,85.1,232.9
2015-02-10,84.0,227.0
2015-02-11,83.6,228.1
2015-02-12,84.9,232.1
2015-02-13,84.7,233.7
2015-02-17,84.7,235.8
2015-02-18,84.7,234.5
2015-02-19,86.2,239.0
2015-02-20,86.8,243.0
2015-02-23,87.4,242.9
2015-02-24,87.8,243.5
2015-02-25,88.8,244.8
2015-02-26,90.3,250.1
2015-02-27,90.1,249.7
2015-03-02,89.1,243.6
2015-03-03,88.5,245.5
2015-03-04,87.5,243.6
2015-03-05,87.2,244.3
2015-03-06,86.9,243.2
2015-03-09,85.7,239.6
2015-03-10,86.4,247.3
2015-03-11,86.5,244.4
2015-03-12,86.0,243.1
2015-03-13,85.6,240.4
2015-03-16,84.6,240.8
2015-03-17,83.9,235.7
2015-03-18,85.4,241.4
2015-03-19,84.8,239.8
2015-03-20,84.8,239.9
2015-03-23,84.7,240.5
2015-03-24,84.0,237.0
2015-03-25,84.7,239.0
2015-03-26,84.8,239.5
2015-03-27,85.2,239.8
2015-03-30,84.6,239.8
2015-03-31,84.2,241.3
2015-04-01,84.8,246.1
2015-04-02,86.0,251.1
2015-04-03,85.2,245.9
2015-04-06,85.7,247.2
2015-04-07,86.7,251.9
2015-04-08,87.0,252.4
2015-04-09,88.6,258.0
2015-04-10,87.6,256.7
2015-04-13,87.6,256.1
2015-04-14,87.5,257.1
2015-04-15,87.5,261.4
2015-04-16,88.2,267.2
2015-04-17,88.9,268.1
2015-04-20,88.4,265.9
2015-04-21,89.4,267.9
2015-04-22,88.9,267.0
2015-04-23,88.4,264.9
2015-04-24,88.8,267.0
2015-04-27,87.4,261.4
2015-04-28,89.0,268.0
2015-04-29,88.8,265.4
2015-04-30,90.5,266.7
2015-05-01,91.8,270.5
2015-05-04,91.9,270.4
2015-05-05,91.8,269.7
2015-05-06,91.3,266.4
2015-05-07,91.1,274.5
2015-05-08,91.0,276.7
2015-05-11,90.2,271.9
2015-05-12,90.6,273.4
2015-05-13,90.9,276.5
2015-05-14,89.3,269.7
2015-05-15,88.6,266.9
2015-05-18,88.7,263.5
2015-05-19,87.2,257.8
2015-05-20,86.3,258.4
2015-05-21,87.0,261.4
2015-05-22,86.3,259.2
2015-05-26,87.3,263.0
2015-05-27,88.5,268.0
2015-05-28,89.5,268.2
2015-05-29,89.1,269.8
2015-06-01,88.0,265.9
2015-06-02,87.3,264.9
2015-06-03,88.1,266.0
2015-06-04,88.2,262.3
2015-06-05,89.6,267.3
2015-06-08,89.4,263.2
2015-06-09,88.5,256.9
2015-06-10,88.1,252.7
2015-06-11,87.9,251.1
2015-06-12,88.4,250.0
2015-06-15,87.6,245.4
2015-06-16,86.5,240.2
2015-06-17,87.9,242.8
2015-06-18,89.2,246.4
2015-06-19,88.4,247.3
2015-06-22,87.1,244.9
2015-06-23,87.9,245.1
2015-06-24,86.6,241.7
2015-06-25,86.4,243.1
2015-06-26,85.4,236.9
2015-06-29,85.6,235.8
2015-06-30,85.9,232.6
2015-07-01,87.1,241.1
2015-07-02,86.9,239.5
2015-07-06,87.2,241.7
2015-07-07,86.6,238.4
2015-07-08,87.0,240.8
2015-07-09,85.8,234.2
2015-07-10,85.2,231.7
2015-07-13,85.8,231.7
2015-07-14,86.5,233.3
2015-07-15,87.3,236.0
2015-07-16,88.3,239.0
2015-07-17,87.2,236.1
2015-07-20,87.5,237.5
2015-07-21,87.5,238.9
2015-07-22,88.2,236.8
2015-07-23,88.5,238.6
2015-07-24,90.0,246.3
2015-07-27,90.3,247.5
2015-07-28,89.7,247.9
2015-07-29,87.9,242.9
2015-07-30,87.7,242.0
2015-07-31,87.9,242.3
2015-08-03,87.3,243.1
2015-08-04,88.2,247.9
2015-08-05,89.7,248.8
2015-08-06,89.1,250.2
2015-08-07,87.8,246.3
2015-08-10,88.1,246.1
2015-08-11,87.3,245.7
2015-08-12,87.2,244.1
2015-08-13,87.9,244.6
2015-08-14,87.0,240.9
2015-08-17,87.7,243.6
2015-08-18,87.0,239.5
2015-08-19,87.9,240.6
2015-08-20,87.7,237.9
2015-08-21,87.5,238.9
2015-08-24,86.4,232.7
2015-08-25,86.5,230.2
2015-08-26,86.8,232.5
2015-08-27,86.4,229.7
2015-08-28,86.1,224.8
2015-08-31,86.8,227.6
2015-09-01,86.5,226.5
2015-09-02,89.3,233.6
2015-09-03,89.8,236.8
2015-09-04,88.1,228.9
2015-09-08,87.2,227.0
2015-09-09,87.8,227.4
2015-09-10,88.1,229.7
2015-09-11,88.0,228.7
2015-09-14,89.6,237.9
2015-09-15,89.1,237.6
2015-09-16,89.1,232.1
2015-09-17,88.4,230.9
2015-09-18,91.1,237.0
2015-09-21,95.2,258.9
2015-09-22,92.2,240.6
2015-09-23,90.1,229.5
2015-09-24,87.6,224.4
2015-09-25,89.4,232.2
2015-09-28,85.5,220.1
2015-09-29,83.7,212.2
2015-09-30,84.7,219.4
2015-10-01,85.0,216.2
2015-10-02,82.4,206.9
2015-10-05,82.7,214.4
2015-10-06,82.7,207.7
2015-10-07,81.3,206.0
2015-10-08,84.3,218.1
2015-10-09,83.9,219.1
2015-10-13,84.4,224.5
2015-10-14,82.7,217.8
2015-10-15,82.5,215.8
2015-10-16,81.2,210.6
2015-10-19,81.2,210.4
2015-10-20,81.3,210.5
2015-10-21,80.5,207.4
2015-10-22,80.4,208.3
2015-10-23,81.0,208.1
2015-10-26,81.1,208.2
2015-10-27,81.4,210.1
2015-10-28,82.0,214.0
2015-10-29,82.1,212.7
2015-10-30,82.5,213.7
2015-11-02,81.8,210.8
2015-11-03,80.7,208.5
2015-11-04,80.7,209.0
2015-11-05,80.5,206.8
2015-11-06,80.7,211.0
2015-11-09,80.6,211.1
2015-11-10,80.8,213.1
2015-11-12,81.8,216.4
2015-11-13,81.9,218.1
2015-11-16,81.4,215.5
2015-11-17,81.0,214.1
2015-11-18,80.0,209.0
2015-11-19,80.4,209.1
2015-11-20,81.3,211.8
2015-11-23,79.6,205.9
2015-11-24,80.5,207.0
2015-11-25,80.6,203.8
2015-11-27,80.5,204.1
2015-11-30,80.1,201.1
2015-12-01,79.3,195.6
2015-12-02,78.1,192.3
2015-12-03,79.3,196.9
2015-12-04,79.6,197.9
2015-12-07,78.4,195.3
2015-12-08,77.2,192.9
2015-12-09,77.5,193.2
2015-12-10,77.0,190.6
2015-12-11,76.6,190.1
2015-12-14,77.5,194.8
2015-12-15,78.9,196.6
2015-12-16,79.2,198.2
2015-12-17,79.0,197.6
2015-12-18,79.8,200.6
2015-12-21,80.8,204.5
2015-12-22,80.5,201.4
2015-12-23,79.9,201.1
2015-12-24,79.1,198.1
2015-12-28,80.6,207.0
2015-12-29,80.8,207.5
2015-12-30,80.9,205.1
2015-12-31,80.6,203.6
2016-01-04,80.8,203.7
2016-01-05,80.5,202.8
2016-01-06,80.6,203.3
2016-01-07,81.2,204.8
2016-01-08,80.2,202.5
2016-01-11,81.9,209.2
2016-01-12,81.4,205.8
2016-01-13,80.7,204.0
2016-01-14,82.0,211.8
2016-01-15,83.1,217.9
2016-01-19,83.0,218.5
2016-01-20,82.3,217.5
2016-01-21,82.3,221.2
2016-01-22,82.0,216.9
2016-01-25,82.2,216.9
2016-01-26,81.6,212.5
2016-01-27,83.5,217.0
2016-01-28,83.5,215.5
2016-01-29,84.0,214.0
2016-02-01,83.6,210.2
2016-02-02,83.6,208.6
2016-02-03,84.9,212.0
2016-02-04,85.8,213.9
2016-02-05,86.3,214.7
2016-02-08,86.4,215.6
2016-02-09,86.6,217.3
2016-02-10,85.4,213.1
2016-02-11,84.4,209.5
2016-02-12,83.3,202.6
2016-02-16,83.6,202.7
2016-02-17,84.1,202.8
2016-02-18,84.5,206.4
2016-02-19,84.4,205.2
2016-02-22,85.1,208.3
2016-02-23,84.2,206.0
2016-02-24,84.3,206.9
2016-02-25,83.8,203.6
2016-02-26,82.4,198.5
2016-02-29,82.2,199.1
2016-03-01,82.2,200.0
2016-03-02,82.9,197.0
2016-03-03,81.3,197.3
2016-03-04,81.6,196.2
2016-03-07,81.6,195.1
2016-03-08,81.5,195.3
2016-03-09,81.1,198.3
2016-03-10,81.5,202.1
2016-03-11,82.3,205.7
2016-03-14,81.4,205.5
2016-03-15,82.5,210.4
2016-03-16,82.2,205.9
2016-03-17,82.1,208.0
2016-03-18,81.3,207.8
2016-03-21,81.3,210.3
2016-03-22,82.2,212.3
2016-03-23,82.9,216.6
2016-03-24,83.0,216.2
2016-03-28,83.5,216.7
2016-03-29,83.5,217.9
2016-03-30,83.8,218.3
2016-03-31,83.5,214.6
2016-04-01,83.1,212.2
2016-04-04,83.5,211.8
2016-04-05,84.1,213.9
2016-04-06,82.6,213.0
2016-04-07,82.3,214.5
2016-04-08,83.6,218.1
2016-04-11,84.4,221.1
2016-04-12,84.2,220.4
2016-04-13,84.2,221.2
2016-04-14,84.0,225.3
2016-04-15,83.6,224.4
2016-04-18,84.2,226.5
2016-04-19,83.3,220.9
2016-04-20,83.7,220.2
2016-04-21,82.7,216.6
2016-04-22,83.3,218.8
2016-04-25,83.0,220.0
2016-04-26,82.7,217.8
2016-04-27,82.1,217.2
2016-04-28,83.5,222.8
2016-04-29,82.8,221.8
2016-05-02,82.5,219.6
2016-05-03,83.3,224.5
2016-05-04,84.5,228.1
2016-05-05,86.8,234.4
2016-05-06,86.8,234.1
2016-05-09,87.3,237.7
2016-05-10,87.9,240.5
2016-05-11,88.5,243.7
2016-05-12,88.9,245.4
2016-05-13,89.3,243.7
2016-05-16,90.0,248.4
2016-05-17,90.0,249.9
2016-05-18,90.6,253.0
2016-05-19,89.4,251.7
2016-05-20,90.2,251.2
2016-05-23,92.1,257.7
2016-05-24,93.2,262.1
2016-05-25,93.3,264.8
2016-05-26,93.7,268.8
2016-05-27,93.3,273.0
2016-05-31,93.2,273.3
2016-06-01,92.4,267.2
2016-06-02,91.0,262.4
2016-06-03,92.0,264.3
2016-06-06,91.4,262.9
2016-06-07,91.7,262.7
2016-06-08,91.2,259.4
2016-06-09,92.1,262.2
2016-06-10,92.4,261.9
2016-06-13,92.8,265.1
2016-06-14,91.4,258.2
2016-06-15,91.1,262.7
2016-06-16,89.5,257.0
2016-06-17,90.5,262.8
2016-06-20,89.4,258.4
2016-06-21,87.1,251.5
2016-06-22,87.8,257.3
2016-06-23,87.1,254.0
2016-06-24,87.3,252.9
2016-06-27,87.4,251.4
2016-06-28,86.2,247.9
2016-06-29,85.3,245.4
2016-06-30,85.0,248.8
2016-07-01,85.4,253.3
2016-07-05,84.9,249.3
2016-07-06,85.6,250.9
2016-07-07,85.3,246.4
2016-07-08,86.5,246.7
2016-07-11,86.6,248.6
2016-07-12,86.3,246.7
2016-07-13,87.2,249.6
2016-07-14,85.9,240.8
2016-07-15,85.9,238.2
2016-07-18,87.5,242.4
2016-07-19,88.7,246.7
2016-07-20,89.4,251.7
2016-07-21,89.5,253.5
2016-07-22,89.8,251.7
2016-07-25,89.7,248.8
2016-07-26,89.8,252.2
2016-07-27,89.6,254.0
2016-07-28,88.9,251.4
2016-07-29,89.8,252.4
2016-08-01,88.4,248.8
2016-08-02,88.4,248.1
2016-08-03,87.5,243.7
2016-08-04,87.4,239.4
2016-08-05,87.3,238.4
2016-08-08,85.8,235.2
2016-08-09,85.2,232.3
2016-08-10,84.9,230.1
2016-08-11,85.3,231.2
2016-08-12,85.0,228.6
2016-08-15,86.1,233.8
2016-08-16,86.7,234.5
2016-08-17,87.2,236.3
2016-08-18,86.2,231.8
2016-08-19,86.4,233.9
2016-08-22,85.2,228.9
2016-08-23,85.3,230.3
2016-08-24,86.1,234.0
2016-08-25,87.2,240.4
2016-08-26,86.8,241.6
2016-08-29,86.1,237.3
2016-08-30,87.7,239.6
2016-08-31,86.8,236.2
2016-09-01,86.4,236.4
2016-09-02,85.9,232.1
2016-09-06,86.7,232.3
2016-09-07,87.3,236.6
2016-09-08,87.5,239.2
2016-09-09,86.9,236.7
2016-09-12,88.8,244.2
2016-09-13,89.0,244.5
2016-09-14,88.4,242.1
2016-09-15,88.7,243.5
2016-09-16,91.9,249.0
2016-09-19,89.8,239.4
2016-09-20,89.1,239.6
2016-09-21,91.3,246.5
2016-09-22,87.3,235.1
2016-09-23,89.8,238.6
2016-09-26,88.6,235.8
2016-09-27,89.2,236.5
2016-09-28,89.9,249.1
2016-09-29,92.0,262.9
2016-09-30,91.8,264.1
2016-10-03,89.9,262.7
2016-10-04,91.8,264.6
2016-10-05,89.5,259.5
2016-10-06,91.8,261.0
2016-10-07,92.4,271.2
2016-10-11,94.5,280.8
2016-10-12,95.0,279.2
2016-10-13,96.2,292.4
2016-10-14,91.5,274.4
2016-10-17,91.9,277.0
2016-10-18,92.0,277.9
2016-10-19,91.9,278.1
2016-10-20,90.1,273.4
2016-10-21,91.1,279.9
2016-10-24,90.6,277.7
2016-10-25,90.6,280.6
2016-10-26,91.4,287.1
2016-10-27,91.4,288.0
2016-10-28,90.5,283.5
2016-10-31,89.8,282.9
2016-11-01,89.6,281.1
2016-11-02,91.1,285.7
2016-11-03,89.8,282.2
2016-11-04,87.8,271.7
2016-11-07,86.7,263.5
2016-11-08,87.2,262.9
2016-11-09,85.7,259.1
2016-11-10,86.3,259.6
2016-11-14,86.5,262.7
2016-11-15,84.3,253.9
2016-11-16,83.4,248.6
2016-11-17,82.4,245.4
2016-11-18,83.0,244.5
2016-11-21,83.7,244.6
2016-11-22,84.8,246.3
2016-11-23,84.0,243.2
2016-11-25,82.9,237.9
2016-11-28,82.9,236.5
2016-11-29,83.5,239.1
2016-11-30,82.3,235.8
2016-12-01,82.4,235.2
2016-12-02,84.7,244.2
2016-12-05,85.0,248.8
2016-12-06,86.1,247.8
2016-12-07,87.0,247.3
2016-12-08,87.7,248.8
2016-12-09,86.8,247.6
2016-12-12,87.1,245.8
2016-12-13,87.6,251.0
2016-12-14,86.7,246.1
2016-12-15,86.4,242.8
2016-12-16,86.1,239.8
2016-12-19,85.3,239.3
2016-12-20,85.3,238.4
2016-12-21,86.7,247.4
2016-12-22,87.5,249.0
2016-12-23,85.9,245.2
2016-12-27,86.3,247.1
2016-12-28,85.6,243.3
2016-12-29,85.2,244.1
2016-12-30,82.7,230.9
2017-01-03,83.6,235.6
2017-01-04,84.0,238.9
2017-01-05,83.1,232.1
2017-01-06,83.5,233.9
2017-01-09,84.9,242.3
2017-01-10,85.5,248.5
2017-01-11,83.9,241.4
2017-01-12,84.4,246.4
2017-01-13,85.3,244.4
2017-01-17,85.4,243.4
2017-01-18,84.8,238.8
2017-01-19,83.5,235.0
2017-01-20,84.8,240.4
2017-01-23,84.4,243.2
2017-01-24,84.4,244.2
2017-01-25,84.6,246.1
2017-01-26,85.0,249.6
2017-01-27,84.1,244.8
2017-01-30,84.7,244.7
2017-01-31,83.4,240.6
2017-02-01,82.9,235.3
2017-02-02,83.3,237.6
2017-02-03,82.3,233.9
2017-02-06,83.0,236.8
2017-02-07,84.1,241.9
2017-02-08,83.2,237.1
2017-02-09,82.9,233.8
2017-02-10,83.3,234.6
2017-02-13,82.1,229.8
2017-02-14,82.3,230.7
2017-02-15,81.1,225.4
2017-02-16,81.9,230.0
2017-02-17,81.7,227.1
2017-02-21,80.1,220.5
2017-02-22,79.2,218.3
2017-02-23,78.6,216.6
2017-02-24,77.9,211.7
2017-02-27,77.6,208.9
2017-02-28,78.3,213.1
2017-03-01,78.7,213.7
2017-03-02,77.7,207.3
2017-03-03,76.9,203.6
2017-03-06,77.5,204.6
2017-03-07,77.9,203.6
2017-03-08,78.2,202.8
2017-03-09,79.6,206.7
2017-03-10,79.0,204.1
2017-03-13,79.1,203.6
2017-03-14,77.9,203.0
2017-03-15,76.6,199.7
2017-03-16,76.6,197.9
2017-03-17,76.1,195.4
2017-03-20,75.8,196.6
2017-03-21,75.6,196.1
2017-03-22,76.2,198.4
2017-03-23,76.6,200.3
2017-03-24,75.7,195.9
2017-03-27,75.6,195.1
2017-03-28,75.7,196.0
2017-03-29,74.8,191.6
2017-03-30,75.3,193.9
2017-03-31,75.2,193.4
2017-04-03,77.0,198.4
2017-04-04,77.2,201.0
2017-04-05,76.5,200.6
2017-04-06,78.6,208.1
2017-04-07,78.9,208.7
2017-04-10,78.1,206.6
2017-04-11,77.0,203.5
2017-04-12,76.5,204.7
2017-04-13,75.9,200.9
2017-04-17,76.7,204.9
2017-04-18,75.8,202.6
2017-04-19,76.1,204.7
2017-04-20,76.3,204.9
2017-04-21,77.3,208.7
2017-04-24,76.6,205.7
2017-04-25,76.7,203.9
2017-04-26,76.9,203.9
2017-04-27,76.4,203.6
2017-04-28,76.0,202.2
2017-05-01,75.6,201.8
2017-05-02,75.6,199.3
2017-05-03,76.2,203.9
2017-05-04,76.7,203.6
2017-05-05,75.9,201.8
2017-05-08,75.5,198.8
2017-05-09,75.4,198.1
2017-05-10,76.3,200.3
2017-05-11,75.6,198.3
2017-05-12,77.1,205.8
2017-05-15,76.9,205.0
2017-05-16,78.3,209.0
2017-05-17,78.4,210.3
2017-05-18,77.9,209.8
2017-05-19,77.7,211.5
2017-05-22,77.1,210.4
2017-05-23,76.7,208.3
2017-05-24,76.4,204.8
2017-05-25,77.2,207.7
2017-05-26,76.7,205.5
2017-05-30,77.2,206.7
2017-05-31,77.1,205.2
2017-06-01,76.9,203.3
2017-06-02,75.9,199.6
2017-06-05,77.2,205.9
2017-06-06,78.0,205.6
2017-06-07,78.2,207.6
2017-06-08,79.1,211.3
2017-06-09,77.6,205.1
2017-06-12,78.5,206.2
2017-06-13,78.3,203.5
2017-06-14,77.2,200.6
2017-06-15,77.8,199.6
2017-06-16,77.2,200.1
2017-06-19,79.1,205.3
2017-06-20,79.0,203.1
2017-06-21,79.2,204.8
2017-06-22,78.9,203.5
2017-06-23,80.0,206.4
2017-06-26,80.4,208.9
2017-06-27,80.0,207.3
2017-06-28,79.9,206.6
2017-06-29,78.4,200.5
2017-06-30,78.0,202.1
2017-07-03,77.2,198.0
2017-07-05,76.6,196.9
2017-07-06,76.9,199.5
2017-07-07,77.5,203.0
2017-07-10,76.7,202.1
2017-07-11,76.7,201.2
2017-07-12,77.1,200.1
2017-07-13,76.3,197.9
2017-07-14,76.0,197.8
2017-07-17,75.6,198.5
2017-07-18,75.8,201.1
2017-07-19,75.7,203.0
2017-07-20,75.1,200.9
2017-07-21,75.3,199.8
2017-07-24,75.3,198.9
2017-07-25,75.9,199.9
2017-07-26,76.9,204.2
2017-07-27,76.8,202.5
2017-07-28,78.2,210.0
2017-07-31,77.7,208.9
2017-08-01,76.5,205.1
2017-08-02,75.9,205.6
2017-08-03,77.3,211.3
2017-08-04,75.9,206.9
2017-08-07,77.1,211.0
2017-08-08,76.1,207.4
2017-08-09,75.5,207.1
2017-08-10,75.0,205.0
2017-08-11,75.2,204.7
2017-08-14,75.7,206.0
2017-08-15,75.3,206.7
2017-08-16,75.4,207.6
2017-08-17,76.9,214.1
2017-08-18,77.4,213.8
2017-08-21,76.2,209.3
2017-08-22,76.3,209.0
2017-08-23,75.2,207.7
2017-08-24,75.1,207.8
2017-08-25,75.8,211.5
2017-08-28,76.8,218.3
2017-08-29,76.5,216.3
2017-08-30,76.0,210.8
2017-08-31,76.7,217.4
2017-09-01,76.6,217.4
2017-09-05,77.0,219.1
2017-09-06,77.5,220.7
2017-09-07,78.9,224.2
2017-09-08,78.2,222.8
2017-09-11,78.6,224.7
2017-09-12,78.4,222.6
2017-09-13,78.0,220.2
2017-09-14,78.8,224.0
2017-09-15,77.4,218.7
2017-09-18,77.9,218.7
2017-09-19,78.5,224.2
2017-09-20,77.2,218.3
2017-09-21,77.6,219.6
2017-09-22,78.1,220.6
2017-09-25,77.9,218.3
2017-09-26,78.2,216.8
2017-09-27,77.5,215.1
2017-09-28,78.7,220.8
2017-09-29,78.0,216.9
2017-10-02,78.9,218.0
2017-10-03,78.0,215.6
2017-10-04,76.9,211.5
2017-10-05,77.7,216.0
2017-10-06,77.4,216.1
2017-10-10,78.8,220.8
2017-10-11,79.1,222.1
2017-10-12,77.9,216.7
2017-10-13,77.5,214.2
2017-10-16,77.1,212.7
2017-10-17,78.3,217.4
2017-10-18,78.1,216.4
2017-10-19,77.7,214.0
2017-10-20,77.1,212.6
2017-10-23,78.6,218.3
2017-10-24,79.2,220.3
2017-10-25,78.4,218.0
2017-10-26,78.6,224.7
2017-10-27,78.6,227.2
2017-10-30,78.5,228.6
2017-10-31,79.0,230.1
2017-11-01,80.3,236.4
2017-11-02,80.7,238.6
2017-11-03,82.5,247.1
2017-11-06,83.6,252.8
2017-11-07,84.2,257.7
2017-11-08,84.9,260.6
2017-11-09,84.1,255.5
2017-11-10,83.6,252.5
2017-11-13,83.8,255.8
2017-11-14,83.7,256.1
2017-11-15,83.8,254.5
2017-11-16,84.7,260.0
2017-11-17,85.1,258.6
2017-11-20,83.9,251.1
2017-11-21,83.9,247.2
2017-11-22,83.0,242.2
2017-11-24,82.6,241.7
2017-11-27,81.5,235.5
2017-11-28,80.3,230.4
2017-11-29,81.9,237.0
2017-11-30,81.0,235.9
2017-12-01,82.0,238.4
2017-12-04,81.4,235.6
2017-12-05,80.9,237.2
2017-12-06,81.7,241.9
2017-12-07,81.9,242.2
2017-12-08,80.8,237.5
2017-12-11,81.1,239.0
2017-12-12,80.5,235.5
2017-12-13,81.4,239.8
2017-12-14,82.5,244.2
2017-12-15,81.8,240.9
2017-12-18,81.0,237.8
2017-12-19,80.6,233.2
2017-12-20,80.1,230.2
2017-12-21,80.2,231.7
2017-12-22,80.4,233.2
2017-12-26,80.6,230.9
2017-12-27,81.3,232.5
2017-12-28,82.1,234.6
2017-12-29,82.9,238.3
2018-01-02,83.0,239.4
2018-01-03,84.1,243.0
2018-01-04,84.4,245.3
2018-01-05,83.6,242.7
2018-01-08,83.9,245.4
2018-01-09,84.2,245.7
2018-01-10,85.2,248.7
2018-01-11,84.3,246.4
2018-01-12,84.4,243.5
2018-01-16,85.9,248.7
2018-01-17,85.3,245.9
2018-01-18,86.2,249.7
2018-01-19,85.0,245.7
2018-01-22,84.6,242.6
2018-01-23,84.5,243.7
2018-01-24,84.4,246.0
2018-01-25,83.3,239.4
2018-01-26,83.5,239.0
2018-01-29,83.3,236.7
2018-01-30,84.2,238.3
2018-01-31,83.7,237.1
2018-02-01,83.5,234.3
2018-02-02,83.3,234.9
2018-02-05,83.1,235.4
2018-02-06,81.8,231.9
2018-02-07,81.2,233.6
2018-02-08,81.4,231.5
2018-02-09,82.9,237.0
2018-02-12,83.0,234.9
2018-02-13,82.6,230.3
2018-02-14,82.7,232.2
2018-02-15,82.6,232.8
2018-02-16,82.1,229.4
2018-02-20,82.7,227.4
2018-02-21,85.2,237.5
2018-02-22,85.8,240.4
2018-02-23,84.8,236.3
2018-02-26,86.1,240.0
2018-02-27,87.3,241.8
2018-02-28,87.0,241.4
2018-03-01,87.3,242.9
2018-03-02,86.9,242.4
2018-03-05,84.6,233.2
2018-03-06,85.1,237.6
2018-03-07,86.0,243.1
2018-03-08,85.9,244.0
2018-03-09,86.4,243.6
2018-03-12,88.7,249.2
2018-03-13,89.9,253.9
2018-03-14,89.4,250.8
2018-03-15,90.0,258.6
2018-03-16,90.7,265.9
2018-03-19,90.0,263.4
2018-03-20,89.0,260.1
2018-03-21,89.5,264.7
2018-03-22,90.4,269.1
2018-03-23,91.6,276.1
2018-03-26,91.8,276.6
2018-03-27,91.0,273.2
2018-03-28,92.0,278.4
2018-03-29,91.2,272.2
2018-04-02,91.6,273.9
2018-04-03,92.1,274.4
2018-04-04,91.4,276.3
2018-04-05,92.8,283.5
2018-04-06,92.5,280.8
2018-04-09,93.1,282.3
2018-04-10,93.6,285.1
2018-04-11,92.9,281.2
2018-04-12,92.1,276.7
2018-04-13,92.9,279.0
2018-04-16,92.8,279.3
2018-04-17,92.1,281.2
2018-04-18,91.5,281.7
2018-04-19,91.7,277.8
2018-04-20,92.3,277.9
2018-04-23,91.9,277.1
2018-04-24,92.1,276.2
2018-04-25,93.2,283.5
2018-04-26,93.8,284.6
2018-04-27,93.9,284.6
2018-04-30,95.7,288.1
2018-05-01,95.3,285.0
2018-05-02,94.1,279.8
2018-05-03,93.9,278.0
2018-05-04,93.7,280.0
2018-05-07,93.4,278.2
2018-05-08,95.7,287.7
2018-05-09,96.6,291.6
2018-05-10,96.4,295.6
2018-05-11,96.8,298.4
2018-05-14,95.1,290.2
2018-05-15,96.2,295.4
2018-05-16,97.5,299.6
2018-05-17,95.7,291.6
2018-05-18,97.4,295.3
2018-05-21,97.7,293.6
2018-05-22,97.7,293.8
2018-05-23,98.5,296.0
2018-05-24,98.4,294.6
2018-05-25,98.4,292.7
2018-05-29,99.4,297.0
2018-05-30,101.6,306.1
2018-05-31,102.6,309.6
2018-06-01,102.7,309.8
2018-06-04,101.0,300.5
2018-06-05,99.6,294.3
2018-06-06,99.8,295.4
2018-06-07,100.2,294.6
2018-06-08,101.5,301.4
2018-06-11,101.8,301.6
2018-06-12,101.0,298.5
2018-06-13,100.3,294.8
2018-06-14,100.7,291.4
2018-06-15,99.9,285.6
2018-06-18,99.0,284.3
2018-06-19,98.7,279.3
2018-06-20,97.4,274.1
2018-06-21,97.3,274.3
2018-06-22,97.8,273.4
2018-06-25,98.8,278.8
2018-06-26,97.6,274.0
2018-06-27,97.9,275.3
2018-06-28,98.1,273.3
2018-06-29,97.9,272.9
2018-07-02,98.9,271.2
2018-07-03,98.3,268.2
2018-07-05,100.4,274.6
2018-07-06,101.2,277.4
2018-07-09,100.6,276.5
2018-07-10,100.4,274.6
2018-07-11,101.0,280.9
2018-07-12,99.8,277.9
2018-07-13,100.2,280.7
2018-07-16,101.4,283.7
2018-07-17,101.5,279.9
2018-07-18,100.6,277.5
2018-07-19,99.5,272.1
2018-07-20,100.3,277.1
2018-07-23,100.5,275.9
2018-07-24,98.9,270.0
2018-07-25,99.7,270.7
2018-07-26,100.2,276.9
2018-07-27,98.9,270.1
2018-07-30,98.9,270.4
2018-07-31,99.0,274.5
2018-08-01,98.0,272.6
2018-08-02,97.8,268.8
2018-08-03,98.6,267.0
2018-08-06,99.0,269.6
2018-08-07,98.4,265.4
2018-08-08,98.0,263.1
2018-08-09,99.6,268.9
2018-08-10,98.3,264.3
2018-08-13,97.0,261.7
2018-08-14,97.1,259.6
2018-08-15,98.2,263.6
2018-08-16,99.4,269.6
2018-08-17,100.1,274.3
2018-08-20,100.7,279.4
2018-08-21,98.4,271.7
2018-08-22,98.4,269.2
2018-08-23,101.0,277.1
2018-08-24,100.2,275.4
2018-08-27,100.7,278.8
2018-08-28,100.8,274.8
2018-08-29,99.5,270.6
2018-08-30,100.1,270.5
2018-08-31,100.3,273.2
2018-09-04,100.0,270.3
2018-09-05,100.9,275.3
2018-09-06,99.8,273.3
2018-09-07,99.6,270.5
2018-09-10,99.6,270.5
2018-09-11,98.9,267.0
2018-09-12,99.2,265.7
2018-09-13,98.6,266.4
2018-09-14,99.8,272.1
2018-09-17,100.0,276.1
2018-09-18,99.2,272.0
2018-09-19,98.4,270.0
2018-09-20,97.2,267.0
2018-09-21,98.2,271.5
2018-09-24,97.3,269.0
2018-09-25,97.4,269.5
2018-09-26,96.5,266.7
2018-09-27,95.5,266.2
2018-09-28,95.1,267.4
2018-10-01,95.1,264.5
2018-10-02,95.9,268.7
2018-10-03,96.3,272.6
2018-10-04,96.4,275.2
2018-10-05,96.1,275.4
2018-10-09,96.4,277.3
2018-10-10,97.4,278.7
2018-10-11,98.7,280.7
2018-10-12,98.9,278.1
2018-10-15,98.6,273.3
2018-10-16,98.7,273.3
2018-10-17,97.4,267.7
2018-10-18,95.8,260.8
2018-10-19,95.0,257.8
2018-10-22,94.2,256.5
2018-10-23,93.7,256.6
2018-10-24,94.8,262.5
2018-10-25,95.7,262.5
2018-10-26,96.6,268.7
2018-10-29,96.4,262.1
2018-10-30,95.8,261.2
2018-10-31,96.8,262.7
2018-11-01,97.4,266.0
2018-11-02,97.2,269.1
2018-11-05,95.4,260.6
2018-11-06,95.8,261.6
2018-11-07,96.9,269.2
2018-11-08,96.5,266.3
2018-11-09,98.6,277.7
2018-11-13,98.4,275.1
2018-11-14,97.5,269.3
2018-11-15,98.1,268.0
2018-11-16,97.2,261.6
2018-11-19,97.7,268.8
2018-11-20,99.0,273.1
2018-11-21,98.1,265.7
2018-11-23,98.4,265.6
2018-11-26,97.1,263.0
2018-11-27,96.9,262.7
2018-11-28,99.5,275.2
2018-11-29,100.8,280.8
2018-11-30,100.1,279.4
2018-12-03,98.1,272.4
2018-12-04,97.9,268.4
2018-12-06,97.0,266.1
2018-12-07,97.4,268.9
2018-12-10,96.7,264.3
2018-12-11,96.4,265.5
2018-12-12,95.7,265.7
2018-12-13,94.8,259.9
2018-12-14,94.5,258.4
2018-12-17,95.0,262.2
2018-12-18,93.5,258.3
2018-12-19,94.7,264.5
2018-12-20,97.1,270.7
2018-12-21,97.0,276.3
2018-12-24,95.5,268.4
2018-12-26,92.5,253.6
2018-12-27,92.2,252.5
2018-12-28,92.9,253.1
2018-12-31,92.5,251.0
2019-01-02,90.6,241.3
2019-01-03,90.4,238.7
2019-01-04,89.9,238.1
2019-01-07,89.2,234.5
2019-01-08,89.1,232.9
2019-01-09,89.9,234.8
2019-01-10,89.5,232.6
2019-01-11,88.4,228.6
2019-01-14,87.2,226.7
2019-01-15,85.6,219.7
2019-01-16,87.2,223.4
2019-01-17,87.1,224.4
2019-01-18,87.8,229.5
2019-01-22,88.4,228.4
2019-01-23,87.7,226.1
2019-01-24,86.8,224.2
2019-01-25,85.6,220.8
2019-01-28,85.0,220.5
2019-01-29,83.9,216.6
2019-01-30,83.6,214.1
2019-01-31,83.7,213.1
2019-02-01,84.8,215.8
2019-02-04,85.0,215.4
2019-02-05,84.9,216.5
2019-02-06,84.7,216.3
2019-02-07,84.7,216.5
2019-02-08,83.3,211.3
2019-02-11,82.8,209.1
2019-02-12,80.5,201.5
2019-02-13,81.2,202.0
2019-02-14,83.8,211.6
2019-02-15,83.9,210.7
2019-02-19,83.2,207.8
2019-02-20,83.0,210.7
2019-02-21,82.8,209.2
2019-02-22,83.0,208.8
2019-02-25,83.1,210.5
2019-02-26,83.7,213.4
2019-02-27,83.0,209.3
2019-02-28,82.8,209.8
2019-03-01,83.1,210.5
2019-03-04,82.5,206.6
2019-03-05,81.3,203.9
2019-03-06,80.2,198.9
2019-03-07,81.5,203.0
2019-03-08,81.8,203.4
2019-03-11,82.3,209.6
2019-03-12,81.2,206.4
2019-03-13,80.9,205.3
2019-03-14,80.7,202.2
2019-03-15,80.0,199.8
2019-03-18,79.6,200.3
2019-03-19,79.6,198.5
2019-03-20,78.5,194.1
2019-03-21,78.7,193.4
2019-03-22,78.5,192.4
2019-03-25,77.8,190.8
2019-03-26,76.3,185.9
2019-03-27,75.0,180.4
2019-03-28,75.6,182.4
2019-03-29,76.5,186.9
2019-04-01,76.6,188.3
2019-04-02,76.4,188.0
2019-04-03,76.3,187.0
2019-04-04,77.2,191.3
2019-04-05,77.4,193.9
2019-04-08,76.7,190.3
2019-04-09,74.9,183.4
2019-04-10,75.6,185.9
2019-04-11,75.1,187.6
2019-04-12,75.0,188.2
2019-04-15,75.1,186.6
2019-04-16,75.2,187.9
2019-04-17,73.7,183.3
2019-04-18,74.0,185.0
2019-04-22,74.1,186.4
2019-04-23,73.7,184.2
2019-04-24,73.7,183.8
2019-04-25,73.0,181.8
2019-04-26,72.4,181.7
2019-04-29,73.3,182.8
2019-04-30,73.6,183.5
2019-05-01,73.7,185.3
2019-05-02,74.0,185.7
2019-05-03,73.9,187.6
2019-05-06,72.5,184.9
2019-05-07,73.0,189.5
2019-05-08,72.8,189.9
2019-05-09,72.3,189.0
2019-05-10,72.5,188.7
2019-05-13,71.8,187.9
2019-05-14,70.2,182.9
2019-05-15,70.9,187.5
2019-05-16,73.6,193.0
2019-05-17,72.6,188.4
2019-05-20,69.8,176.6
2019-05-21,71.1,177.9
2019-05-22,69.7,176.4
2019-05-23,68.2,167.8
2019-05-24,66.7,166.5
2019-05-28,69.3,174.2
2019-05-29,69.4,170.5
2019-05-30,70.4,174.3
2019-05-31,72.2,177.4
2019-06-03,71.8,177.8
2019-06-04,70.5,169.0
2019-06-05,77.4,188.8
2019-06-06,71.8,169.5
2019-06-07,69.9,165.4
2019-06-10,67.5,159.0
2019-06-11,66.1,160.3
2019-06-12,71.1,173.8
2019-06-13,73.3,181.5
2019-06-14,73.1,177.8
2019-06-17,70.9,170.3
2019-06-18,71.4,171.0
2019-06-19,72.0,179.7
2019-06-20,73.2,181.1
2019-06-21,71.1,178.0
2019-06-24,65.9,161.0
2019-06-25,64.8,157.9
2019-06-26,64.7,157.5
2019-06-27,66.7,160.8
2019-06-28,67.5,162.6
2019-07-01,66.5,161.1
2019-07-02,67.4,163.1
2019-07-03,67.2,163.4
2019-07-05,67.5,165.5
2019-07-08,68.1,168.7
2019-07-09,68.6,170.9
2019-07-10,69.9,176.2
2019-07-11,70.0,177.4
2019-07-12,69.6,176.5
2019-07-15,68.4,174.5
2019-07-16,67.8,172.5
2019-07-17,68.2,174.5
2019-07-18,68.7,176.1
2019-07-19,68.9,176.6
2019-07-22,69.7,178.8
2019-07-23,70.4,181.6
2019-07-24,70.3,180.2
2019-07-25,70.7,179.0
2019-07-26,70.6,177.4
2019-07-29,71.1,181.8
2019-07-30,71.3,182.8
2019-07-31,70.2,178.4
2019-08-01,70.4,179.2
2019-08-02,71.7,181.1
2019-08-05,71.1,179.8
2019-08-06,71.9,182.5
2019-08-07,72.0,183.7
2019-08-08,72.6,187.3
2019-08-09,72.8,187.5
2019-08-12,72.4,184.9
2019-08-13,73.0,184.0
2019-08-14,74.1,188.8
2019-08-15,74.5,188.8
2019-08-16,73.3,184.3
2019-08-19,72.5,181.4
2019-08-20,72.3,179.4
2019-08-21,73.4,182.6
2019-08-22,74.4,185.4
2019-08-23,76.0,190.3
2019-08-26,76.8,193.9
2019-08-27,76.6,192.2
2019-08-28,75.9,188.2
2019-08-29,76.7,192.1
2019-08-30,77.1,192.1
2019-09-03,76.7,190.7
2019-09-04,77.4,194.1
2019-09-05,76.6,191.2
2019-09-06,75.9,188.8
2019-09-09,75.4,189.0
2019-09-10,75.3,186.9
2019-09-11,76.1,189.1
2019-09-12,75.3,187.4
2019-09-13,74.8,184.4
2019-09-16,75.0,185.4
2019-09-17,76.4,190.9
2019-09-18,76.8,190.7
2019-09-19,77.4,193.3
2019-09-20,77.8,193.5
2019-09-23,79.4,199.6
2019-09-24,80.0,203.2
2019-09-25,80.6,206.5
2019-09-26,80.5,210.8
2019-09-27,80.8,210.0
2019-09-30,81.3,210.7
2019-10-01,80.8,208.5
2019-10-02,80.7,210.8
2019-10-03,81.0,211.7
2019-10-04,80.6,207.7
2019-10-07,80.4,206.3
2019-10-08,79.9,204.7
2019-10-09,79.8,207.1
2019-10-10,81.3,211.5
2019-10-11,83.9,218.8
2019-10-15,82.8,216.3
2019-10-16,83.2,216.7
2019-10-17,84.7,224.3
2019-10-18,83.3,220.8
2019-10-21,82.1,216.2
2019-10-22,81.3,215.4
2019-10-23,81.5,217.0
2019-10-24,81.6,218.5
2019-10-25,81.7,221.6
2019-10-28,81.3,220.8
2019-10-29,81.2,218.6
2019-10-30,80.8,216.9
2019-10-31,80.1,216.0
2019-11-01,79.4,212.0
2019-11-04,79.6,214.0
2019-11-05,79.9,214.3
2019-11-06,79.2,211.7
2019-11-07,79.6,211.5
2019-11-08,78.7,209.0
2019-11-12,79.5,213.0
2019-11-13,79.0,212.6
2019-11-14,79.1,212.4
2019-11-15,80.2,213.9
2019-11-18,80.4,215.8
2019-11-19,80.1,216.1
2019-11-20,79.6,217.5
2019-11-21,79.2,217.7
2019-11-22,80.0,221.1
2019-11-25,78.4,216.0
2019-11-26,79.1,220.1
2019-11-27,80.8,223.6
2019-11-29,79.1,215.8
2019-12-02,77.8,211.1
2019-12-03,78.4,209.0
2019-12-04,77.0,205.8
2019-12-05,77.3,205.6
2019-12-06,77.8,206.4
2019-12-09,78.4,209.5
2019-12-10,80.1,217.1
2019-12-11,79.9,216.6
2019-12-12,80.5,222.8
2019-12-13,81.8,229.2
2019-12-16,81.4,227.6
2019-12-17,82.3,233.3
2019-12-18,81.8,229.4
2019-12-19,84.7,237.8
2019-12-20,82.7,232.0
2019-12-23,81.2,227.3
2019-12-24,84.9,237.3
2019-12-26,79.5,224.3
2019-12-27,82.5,230.2
2019-12-30,82.4,229.8
2019-12-31,80.0,217.1
2020-01-02,77.7,210.5
2020-01-03,80.2,216.9
2020-01-06,80.4,219.5
2020-01-07,84.1,242.4
2020-01-08,84.8,248.6
2020-01-09,85.9,255.1
2020-01-10,85.0,250.9
2020-01-13,81.5,244.1
2020-01-14,82.6,248.2
2020-01-15,80.7,234.8
2020-01-16,80.8,231.3
2020-01-17,81.7,235.8
2020-01-21,81.3,236.9
2020-01-22,81.6,237.5
2020-01-23,81.3,231.7
2020-01-24,81.3,233.9
2020-01-27,81.2,233.7
2020-01-28,81.5,234.7
2020-01-29,81.2,232.8
2020-01-30,81.3,232.2
2020-01-31,81.7,231.6
2020-02-03,82.7,235.1
2020-02-04,83.5,239.2
2020-02-05,83.5,238.7
2020-02-06,85.5,247.3
2020-02-07,84.5,240.1
2020-02-10,85.2,243.5
2020-02-11,85.5,245.3
2020-02-12,84.9,244.0
2020-02-13,84.7,242.1
2020-02-14,85.6,242.4
2020-02-18,85.4,238.6
2020-02-19,84.7,234.5
2020-02-20,84.6,233.9
2020-02-21,84.2,232.5
2020-02-24,83.7,232.4
2020-02-25,84.4,237.6
2020-02-26,84.0,238.6
2020-02-27,83.4,236.0
2020-02-28,83.8,238.6
2020-03-02,84.4,242.0
2020-03-03,84.4,244.6
2020-03-04,84.9,248.5
2020-03-05,84.2,243.9
2020-03-06,85.3,247.7
2020-03-09,84.8,245.4
2020-03-10,85.4,246.8
2020-03-11,84.8,244.9
2020-03-12,85.3,245.5
2020-03-13,85.3,247.5
2020-03-16,85.8,250.3
2020-03-17,85.9,252.8
2020-03-18,86.2,260.0
2020-03-19,86.4,262.8
2020-03-20,85.8,257.8
2020-03-23,86.0,254.7
2020-03-24,86.1,253.2
2020-03-25,84.6,247.8
2020-03-26,83.0,244.6
2020-03-27,83.2,245.6
2020-03-30,81.8,241.1
2020-03-31,81.9,239.4
2020-04-01,81.5,238.7
2020-04-02,82.3,240.9
2020-04-03,82.2,238.9
2020-04-06,82.5,238.2
2020-04-07,82.7,237.8
2020-04-08,83.0,235.8
2020-04-09,84.8,240.2
2020-04-13,85.3,244.3
2020-04-14,84.9,247.1
2020-04-15,84.1,242.5
2020-04-16,83.2,235.8
2020-04-17,82.7,235.0
2020-04-20,82.5,234.0
2020-04-21,81.3,229.7
2020-04-22,80.2,224.1
2020-04-23,80.2,226.2
2020-04-24,81.9,235.4
2020-04-27,81.3,231.2
2020-04-28,81.6,228.7
2020-04-29,82.0,225.5
2020-04-30,82.2,228.5
2020-05-01,80.1,217.6
2020-05-04,80.3,218.9
2020-05-05,79.7,214.5
2020-05-06,79.8,215.6
2020-05-07,78.7,210.4
2020-05-08,78.9,210.6
2020-05-11,80.1,216.3
2020-05-12,81.1,219.1
2020-05-13,80.0,213.4
2020-05-14,79.4,206.7
2020-05-15,79.7,208.0
2020-05-18,81.2,212.8
2020-05-19,81.3,211.9
2020-05-20,81.0,208.8
2020-05-21,80.9,207.1
2020-05-22,80.2,204.5
2020-05-26,79.9,203.3
2020-05-27,79.2,200.1
2020-05-28,79.1,198.1
2020-05-29,78.5,198.4
2020-06-01,78.6,199.7
2020-06-02,78.2,199.2
2020-06-03,79.5,202.8
2020-06-04,81.2,206.5
2020-06-05,80.8,206.0
2020-06-08,80.0,204.1
2020-06-09,80.5,202.8
2020-06-10,81.5,206.7
2020-06-11,80.8,207.0
2020-06-12,81.4,208.7
2020-06-15,82.1,209.1
2020-06-16,82.1,209.5
2020-06-17,82.6,210.7
2020-06-18,83.7,218.9
2020-06-19,84.1,221.3
2020-06-22,85.0,224.3
2020-06-23,85.1,223.1
2020-06-24,85.3,223.3
2020-06-25,85.6,224.8
2020-06-26,87.0,231.3
2020-06-29,86.1,231.2
2020-06-30,86.5,231.7
2020-07-01,87.0,233.6
2020-07-02,87.9,234.5
2020-07-06,87.1,231.4
2020-07-07,87.5,234.7
2020-07-08,88.2,236.3
2020-07-09,88.2,235.2
2020-07-10,88.6,234.8
2020-07-13,89.8,238.7
2020-07-14,90.9,241.8
2020-07-15,92.4,246.3
2020-07-16,90.8,240.7
2020-07-17,91.3,242.0
2020-07-20,93.1,253.1
2020-07-21,92.5,249.9
2020-07-22,93.1,248.1
2020-07-23,93.9,248.4
2020-07-24,93.4,243.1
2020-07-27,93.1,243.1
2020-07-28,92.7,242.4
2020-07-29,94.0,248.0
2020-07-30,93.4,245.3
2020-07-31,93.3,242.2
2020-08-03,92.5,240.7
2020-08-04,92.3,240.5
2020-08-05,92.7,240.0
2020-08-06,92.5,238.3
2020-08-07,92.6,239.2
2020-08-10,91.4,237.4
2020-08-11,91.9,239.9
2020-08-12,90.6,238.1
2020-08-13,90.8,239.3
2020-08-14,91.0,241.6
2020-08-17,90.8,242.2
2020-08-18,90.8,242.2
2020-08-19,91.3,248.9
2020-08-20,91.9,250.5
2020-08-21,91.7,250.1
2020-08-24,92.3,251.5
2020-08-25,91.8,251.8
2020-08-26,91.3,251.2
2020-08-27,92.0,252.3
2020-08-28,92.9,256.4
2020-08-31,91.3,252.7
2020-09-01,91.1,253.9
2020-09-02,91.4,257.3
2020-09-03,91.9,259.1
2020-09-04,91.3,252.6
2020-09-08,91.5,251.5
2020-09-09,91.2,254.7
2020-09-10,92.7,258.3
2020-09-11,91.3,255.6
2020-09-14,92.8,264.0
2020-09-15,90.1,251.5
2020-09-16,90.4,252.3
2020-09-17,90.8,255.2
2020-09-18,90.5,255.7
2020-09-21,90.5,258.2
2020-09-22,90.3,256.5
2020-09-23,90.3,260.9
2020-09-24,91.6,268.7
2020-09-25,91.7,268.4
2020-09-28,92.9,275.6
2020-09-29,92.0,269.3
2020-09-30,91.2,267.4
2020-10-01,90.4,262.0
2020-10-02,90.5,262.0
2020-10-05,90.4,260.4
2020-10-06,89.3,253.4
2020-10-07,90.0,256.6
2020-10-08,88.2,251.0
2020-10-09,88.1,251.4
2020-10-13,88.4,255.2
2020-10-14,88.5,254.2
2020-10-15,87.3,245.8
2020-10-16,87.0,241.0
2020-10-19,87.4,241.5
2020-10-20,87.7,241.2
2020-10-21,89.1,245.7
2020-10-22,88.4,244.6
2020-10-23,88.9,243.9
2020-10-26,88.1,240.0
2020-10-27,87.4,241.0
2020-10-28,87.6,240.8
2020-10-29,88.5,243.3
2020-10-30,86.7,236.0
2020-11-02,87.8,237.3
2020-11-03,86.5,233.5
2020-11-04,86.8,232.0
2020-11-05,85.2,228.5
2020-11-06,86.3,234.6
2020-11-09,86.3,231.8
2020-11-10,87.1,238.1
2020-11-12,87.8,239.2
2020-11-13,89.4,245.5
2020-11-16,87.5,238.2
2020-11-17,86.5,233.9
2020-11-18,86.3,235.2
2020-11-19,87.7,238.7
2020-11-20,89.2,243.3
2020-11-23,89.7,247.5
2020-11-24,88.5,244.0
2020-11-25,89.2,248.2
2020-11-27,89.1,251.2
2020-11-30,88.2,249.2
2020-12-01,87.7,246.8
2020-12-02,90.0,256.2
2020-12-03,91.1,259.9
2020-12-04,90.1,256.6
2020-12-07,91.9,262.3
2020-12-08,92.5,264.8
2020-12-09,93.0,265.1
2020-12-10,91.5,260.6
2020-12-11,90.2,256.1
2020-12-14,91.9,265.0
2020-12-15,91.6,263.0
2020-12-16,91.3,262.8
2020-12-17,91.2,258.8
2020-12-18,90.4,258.6
2020-12-21,89.9,256.5
2020-12-22,90.9,258.9
2020-12-23,89.5,257.6
2020-12-24,90.4,262.9
2020-12-28,90.5,265.9
2020-12-29,90.8,267.3
2020-12-30,90.2,265.2
2020-12-31,90.3,268.5
2021-01-04,90.4,267.7
2021-01-05,90.8,265.9
2021-01-06,89.7,261.6
2021-01-07,90.5,263.2
2021-01-08,90.1,261.2
2021-01-11,89.8,261.1
2021-01-12,89.5,260.5
2021-01-13,90.1,261.3
2021-01-14,90.3,260.1
2021-01-15,89.8,256.6
2021-01-19,90.3,255.9
2021-01-20,88.8,254.4
2021-01-21,90.2,260.9
2021-01-22,90.8,262.8
2021-01-25,90.2,258.3
2021-01-26,90.9,262.0
2021-01-27,91.9,267.1
2021-01-28,93.1,272.6
2021-01-29,92.4,270.1
2021-02-01,92.7,268.6
2021-02-02,93.5,274.4
2021-02-03,92.8,273.2
2021-02-04,91.9,267.8
2021-02-05,92.2,269.1
2021-02-08,92.3,269.8
2021-02-09,92.8,278.2
2021-02-10,92.6,271.8
2021-02-11,91.8,267.0
2021-02-12,91.4,266.6
2021-02-16,91.3,271.0
2021-02-17,90.8,272.0
2021-02-18,92.8,280.4
2021-02-19,92.6,276.1
2021-02-22,93.4,275.4
2021-02-23,94.0,280.9
2021-02-24,92.3,275.9
2021-02-25,92.8,278.1
2021-02-26,93.3,283.7
2021-03-01,92.6,277.4
2021-03-02,93.3,281.9
2021-03-03,93.2,278.5
2021-03-04,92.6,275.5
2021-03-05,93.1,275.5
2021-03-08,94.6,278.5
2021-03-09,95.8,281.1
2021-03-10,93.7,270.7
2021-03-11,94.1,277.0
2021-03-12,94.2,279.5
2021-03-15,94.1,275.5
2021-03-16,94.1,279.1
2021-03-17,94.4,278.5
2021-03-18,95.5,283.2
2021-03-19,93.8,277.9
2021-03-22,92.9,271.8
2021-03-23,93.3,274.0
2021-03-24,93.5,278.9
2021-03-25,95.0,281.7
2021-03-26,93.1,275.4
2021-03-29,94.2,278.9
2021-03-30,95.4,281.6
2021-03-31,94.7,279.3
2021-04-01,95.7,288.2
2021-04-02,94.6,282.3
2021-04-05,94.1,283.6
2021-04-06,94.7,288.5
2021-04-07,94.7,290.6
2021-04-08,93.6,285.8
2021-04-09,92.8,282.1
2021-04-12,92.0,281.4
2021-04-13,91.6,277.0
2021-04-14,91.3,276.3
2021-04-15,91.4,275.4
2021-04-16,92.3,279.9
2021-04-19,93.5,286.2
2021-04-20,94.5,292.3
2021-04-21,92.8,286.5
2021-04-22,95.0,292.3
2021-04-23,95.1,294.0
2021-04-26,95.0,292.9
2021-04-27,94.6,291.5
2021-04-28,95.2,294.2
2021-04-29,96.2,301.3
2021-04-30,94.9,295.6
2021-05-03,93.5,289.9
2021-05-04,92.7,283.7
2021-05-05,92.1,286.8
2021-05-06,94.1,297.2
2021-05-07,95.4,304.3
2021-05-10,95.2,297.8
2021-05-11,95.8,297.2
2021-05-12,94.4,293.6
2021-05-13,97.0,306.2
2021-05-14,99.7,317.9
2021-05-17,96.7,300.5
2021-05-18,96.6,298.0
2021-05-19,96.0,291.6
2021-05-20,96.5,284.5
2021-05-21,94.5,274.9
2021-05-24,92.6,258.5
2021-05-25,89.6,241.4
2021-05-26,86.7,239.4
2021-05-27,84.4,226.8
2021-05-28,84.5,232.4
2021-06-01,85.4,235.3
2021-06-02,88.4,252.0
2021-06-03,87.3,250.9
2021-06-04,88.3,257.0
2021-06-07,87.5,265.3
2021-06-08,85.8,258.4
2021-06-09,84.1,246.7
2021-06-10,84.5,254.1
2021-06-11,82.5,245.8
2021-06-14,80.7,228.9
2021-06-15,81.4,231.1
2021-06-16,81.9,234.7
2021-06-17,81.2,233.5
2021-06-18,84.3,250.7
2021-06-21,86.8,259.9
2021-06-22,87.1,263.0
2021-06-23,85.9,263.7
2021-06-24,84.0,252.7
2021-06-25,83.8,261.3
2021-06-28,88.8,278.6
2021-06-29,90.6,289.7
2021-06-30,91.1,295.3
2021-07-01,91.7,305.1
2021-07-02,100.4,348.0
2021-07-06,100.8,354.8
2021-07-07,95.3,333.5
2021-07-08,98.2,343.7
2021-07-09,99.7,335.3
2021-07-12,98.5,324.9
2021-07-13,97.6,311.8
2021-07-14,99.0,316.4
2021-07-15,99.3,306.0
2021-07-16,97.2,289.2
2021-07-19,94.8,266.2
2021-07-20,93.0,262.1
2021-07-21,91.3,253.0
2021-07-22,90.0,247.3
2021-07-23,92.1,259.8
2021-07-26,93.9,266.7
2021-07-27,92.9,270.8
2021-07-28,96.7,280.5
2021-07-29,97.5,275.7
2021-07-30,92.9,268.5
2021-08-02,91.2,266.0
2021-08-03,94.1,284.8
2021-08-04,96.5,286.7
2021-08-05,93.6,279.1
2021-08-06,92.4,273.9
2021-08-09,95.7,288.5
2021-08-10,95.2,286.9
2021-08-11,93.7,277.2
2021-08-12,93.2,272.6
2021-08-13,93.0,272.0
2021-08-16,93.1,272.3
2021-08-17,93.2,275.6
2021-08-18,91.9,270.9
2021-08-19,91.1,266.4
2021-08-20,91.8,270.2
2021-08-23,91.9,269.8
2021-08-24,92.8,273.1
2021-08-25,93.3,272.0
2021-08-26,91.7,264.9
2021-08-27,91.8,260.8
2021-08-30,90.7,255.5
2021-08-31,90.3,255.0
2021-09-01,90.5,255.0
2021-09-02,90.3,252.1
2021-09-03,88.6,249.8
2021-09-07,88.8,249.1
2021-09-08,88.1,247.1
2021-09-09,87.0,240.2
2021-09-10,84.4,232.3
2021-09-13,83.8,230.1
2021-09-14,84.1,228.8
2021-09-15,82.4,222.1
2021-09-16,83.4,224.0
2021-09-17,83.0,224.6
2021-09-20,81.8,218.5
2021-09-21,82.0,218.9
2021-09-22,81.0,217.2
2021-09-23,82.0,223.7
2021-09-24,82.5,227.4
2021-09-27,82.3,224.5
2021-09-28,82.5,222.2
2021-09-29,83.5,230.2
2021-09-30,83.7,230.9
2021-10-01,83.0,224.0
2021-10-04,82.1,217.7
2021-10-05,80.9,211.9
2021-10-06,82.3,218.8
2021-10-07,83.4,223.9
2021-10-08,83.6,226.8
2021-10-12,83.7,227.6
2021-10-13,85.0,231.6
2021-10-14,84.7,228.6
2021-10-15,84.9,228.7
2021-10-18,83.6,223.2
2021-10-19,84.4,222.8
2021-10-20,83.5,218.7
2021-10-21,82.5,214.4
2021-10-22,82.9,215.9
2021-10-25,82.0,213.9
2021-10-26,81.1,211.3
2021-10-27,80.1,210.6
2021-10-28,81.0,214.8
2021-10-29,80.0,208.4
2021-11-01,80.0,211.1
2021-11-02,79.7,208.8
2021-11-03,78.9,204.5
2021-11-04,78.3,201.1
2021-11-05,79.9,207.8
2021-11-08,80.7,213.7
2021-11-09,80.1,209.3
2021-11-10,81.0,212.3
2021-11-12,80.7,215.9
2021-11-15,79.5,212.7
2021-11-16,78.6,210.9
2021-11-17,78.5,211.7
2021-11-18,78.6,209.8
2021-11-19,78.5,205.7
2021-11-22,78.2,202.9
2021-11-23,78.9,206.9
2021-11-24,79.4,207.9
2021-11-26,80.0,208.4
2021-11-29,79.1,203.5
2021-11-30,80.0,208.2
2021-12-01,78.7,203.5
2021-12-02,79.4,206.5
2021-12-03,79.6,208.0
2021-12-06,78.7,204.3
2021-12-07,80.6,209.9
2021-12-08,81.3,214.2
2021-12-09,81.3,214.9
2021-12-10,81.3,213.5
2021-12-13,80.8,212.1
2021-12-14,80.8,211.6
2021-12-15,82.0,216.0
2021-12-16,82.2,217.3
2021-12-17,83.9,224.6
2021-12-20,85.6,230.3
2021-12-21,85.4,228.2
2021-12-22,84.7,223.1
2021-12-23,85.8,226.8
2021-12-27,85.4,225.1
2021-12-28,85.3,225.5
2021-12-29,86.3,233.7
2021-12-30,86.7,238.2
2021-12-31,87.8,241.0
2022-01-03,89.0,244.7
2022-01-04,88.9,243.7
2022-01-05,89.9,244.8
2022-01-06,89.9,242.2
2022-01-07,89.7,238.8
2022-01-10,87.8,230.9
2022-01-11,88.8,235.0
2022-01-12,88.9,235.5
2022-01-13,89.1,237.3
2022-01-14,89.1,237.3
2022-01-18,90.1,243.8
2022-01-19,89.3,238.8
2022-01-20,88.1,235.9
2022-01-21,89.5,240.4
2022-01-24,90.5,240.5
2022-01-25,91.7,244.4
2022-01-26,91.7,245.6
2022-01-27,92.4,246.5
2022-01-28,92.0,245.9
2022-01-31,92.5,252.7
2022-02-01,91.2,249.6
2022-02-02,92.8,253.7
2022-02-03,92.6,253.6
2022-02-04,92.8,253.8
2022-02-07,91.9,256.3
2022-02-08,92.8,258.2
2022-02-09,92.2,254.9
2022-02-10,91.7,252.2
2022-02-11,91.4,248.4
2022-02-14,90.1,245.6
2022-02-15,90.1,246.0
2022-02-16,91.0,250.8
2022-02-17,89.9,247.7
2022-02-18,90.1,248.9
2022-02-22,91.0,252.6
2022-02-23,90.2,248.7
2022-02-24,89.1,243.2
2022-02-25,89.3,244.7
2022-02-28,90.0,247.4
2022-03-01,89.8,246.9
2022-03-02,89.9,248.9
2022-03-03,89.3,247.5
2022-03-04,88.7,246.3
2022-03-07,89.2,244.5
2022-03-08,90.3,246.2
2022-03-09,89.4,243.0
2022-03-10,89.7,245.7
2022-03-11,89.7,246.2
2022-03-14,90.9,251.8
2022-03-15,90.5,250.6
2022-03-16,90.7,251.7
2022-03-17,91.1,252.8
2022-03-18,91.1,250.9
2022-03-21,89.8,245.3
2022-03-22,90.6,250.8
2022-03-23,90.0,248.6
2022-03-24,89.9,246.4
2022-03-25,90.7,247.2
2022-03-28,92.6,255.7
2022-03-29,91.9,251.9
2022-03-30,91.0,247.4
2022-03-31,89.9,241.0
2022-04-01,89.9,240.9
2022-04-04,90.3,241.7
2022-04-05,90.0,242.8
2022-04-06,89.8,242.0
2022-04-07,88.8,237.2
2022-04-08,90.3,241.2
2022-04-11,90.0,238.9
2022-04-12,89.5,237.7
2022-04-13,89.8,239.5
2022-04-14,89.9,241.5
2022-04-18,90.2,245.1
2022-04-19,90.1,245.1
2022-04-20,88.8,240.6
2022-04-21,88.7,241.3
2022-04-22,89.9,243.3
2022-04-25,89.6,242.9
2022-04-26,88.6,238.9
2022-04-27,88.9,239.8
2022-04-28,88.9,241.7
2022-04-29,88.3,239.3
2022-05-02,87.9,235.4
2022-05-03,87.8,233.8
2022-05-04,87.5,230.3
2022-05-05,87.2,229.1
2022-05-06,87.4,230.0
2022-05-09,87.0,228.3
2022-05-10,87.6,230.6
2022-05-11,88.6,234.5
2022-05-12,88.9,235.8
2022-05-13,88.7,235.4
2022-05-16,90.2,238.8
2022-05-17,89.9,238.6
2022-05-18,90.9,242.3
2022-05-19,91.0,243.2
2022-05-20,90.9,245.6
2022-05-23,92.6,250.7
2022-05-24,92.6,252.2
2022-05-25,94.4,257.1
2022-05-26,94.8,257.7
2022-05-27,95.2,259.6
2022-05-31,95.0,257.6
2022-06-01,98.2,266.7
2022-06-02,98.8,268.3
2022-06-03,95.6,252.6
2022-06-06,96.5,261.5
2022-06-07,94.2,246.2
2022-06-08,99.5,257.1
2022-06-09,95.0,250.9
2022-06-10,92.0,240.2
2022-06-13,91.8,241.3
2022-06-14,101.6,278.2
2022-06-15,101.3,284.8
2022-06-16,98.9,279.2
2022-06-17,96.4,268.3
2022-06-21,98.1,280.3
2022-06-22,99.0,278.3
2022-06-23,100.3,276.5
2022-06-24,104.0,284.5
2022-06-27,97.0,262.2
2022-06-28,95.5,248.1
2022-06-29,94.9,250.5
2022-06-30,95.1,260.0
2022-07-01,91.9,244.7
2022-07-05,97.2,270.2
2022-07-06,94.9,263.4
2022-07-07,98.3,276.8
2022-07-08,95.2,259.0
2022-07-11,96.9,263.4
2022-07-12,97.1,266.5
2022-07-13,96.8,261.1
2022-07-14,96.1,262.2
2022-07-15,93.9,261.1
2022-07-18,97.8,272.1
2022-07-19,98.0,268.7
2022-07-20,98.6,268.4
2022-07-21,96.0,255.5
2022-07-22,94.0,249.0
2022-07-25,97.6,258.4
2022-07-26,96.5,263.9
2022-07-27,94.8,247.5
2022-07-28,94.4,235.3
2022-07-29,93.3,240.7
2022-08-01,93.5,243.2
2022-08-02,92.4,242.1
2022-08-03,97.3,259.8
2022-08-04,97.8,266.4
2022-08-05,95.7,265.2
2022-08-08,94.3,261.2
2022-08-09,92.8,268.0
2022-08-10,88.0,250.7
2022-08-11,87.1,252.0
2022-08-12,89.7,270.2
2022-08-15,92.1,276.3
2022-08-16,93.2,285.7
2022-08-17,93.2,276.3
2022-08-18,91.5,266.6
2022-08-19,89.8,259.1
2022-08-22,87.7,248.3
2022-08-23,86.8,243.9
2022-08-24,86.2,241.0
2022-08-25,86.7,246.3
2022-08-26,86.9,243.9
2022-08-29,87.7,238.6
2022-08-30,86.3,225.0
2022-08-31,82.2,209.0
2022-09-01,83.0,217.6
2022-09-02,84.3,225.7
2022-09-06,81.5,209.6
2022-09-07,85.5,222.7
2022-09-08,86.6,229.2
2022-09-09,88.9,231.0
2022-09-12,94.6,247.2
2022-09-13,93.6,243.8
2022-09-14,97.6,264.0
2022-09-15,97.0,262.7
2022-09-16,99.2,274.0
2022-09-19,100.4,270.5
2022-09-20,101.3,273.3
2022-09-21,104.9,282.0
2022-09-22,107.5,288.9
2022-09-23,113.6,311.1
2022-09-26,115.0,310.5
2022-09-27,115.2,309.4
2022-09-28,113.5,300.9
2022-09-29,114.3,308.8
2022-09-30,114.6,307.4
2022-10-03,115.0,307.4
2022-10-04,115.6,309.9
2022-10-05,116.6,316.6
2022-10-06,114.9,314.5
2022-10-07,116.4,322.3
2022-10-11,115.3,316.7
2022-10-12,115.4,314.2
2022-10-13,115.7,318.9
2022-10-14,116.2,319.0
2022-10-17,116.1,322.4
2022-10-18,117.7,329.3
2022-10-19,116.3,324.4
2022-10-20,117.8,331.3
2022-10-21,119.0,334.6
2022-10-24,118.9,334.7
2022-10-25,118.8,333.6
2022-10-26,117.6,328.4
2022-10-27,117.9,329.2
2022-10-28,117.9,329.6
2022-10-31,116.9,322.4
2022-11-01,116.7,324.0
2022-11-02,117.4,325.6
2022-11-03,120.1,334.3
2022-11-04,118.2,326.9
2022-11-07,117.6,320.5
2022-11-08,116.1,315.7
2022-11-09,114.8,308.8
2022-11-10,115.5,314.8
2022-11-14,115.6,315.6
2022-11-15,114.9,314.4
2022-11-16,112.9,309.7
2022-11-17,113.1,308.8
2022-11-18,114.1,307.7
2022-11-21,112.9,306.8
2022-11-22,113.5,309.2
2022-11-23,114.6,314.8
2022-11-25,115.3,320.0
2022-11-28,116.8,331.6
2022-11-29,116.1,329.9
2022-11-30,116.6,332.8
2022-12-01,116.0,324.5
2022-12-02,114.6,320.5
2022-12-05,113.4,321.0
2022-12-06,114.4,324.9
2022-12-07,116.5,330.2
2022-12-08,118.5,339.9
2022-12-09,119.7,345.2
2022-12-12,119.2,341.3
2022-12-13,118.8,342.1
2022-12-14,118.9,341.4
2022-12-15,118.8,342.6
2022-12-16,116.8,335.7
2022-12-19,118.5,337.0
2022-12-20,120.1,342.8
2022-12-21,120.8,347.1
2022-12-22,120.4,342.4
2022-12-23,123.0,354.1
2022-12-27,124.1,357.9
2022-12-28,125.9,359.1
2022-12-29,122.7,346.7
2022-12-30,123.3,344.2
2023-01-03,122.2,333.8
2023-01-04,122.2,328.3
2023-01-05,121.6,328.4
2023-01-06,121.5,329.8
2023-01-09,121.8,335.2
2023-01-10,121.5,333.0
2023-01-11,122.1,333.6
2023-01-12,122.4,332.0
2023-01-13,121.9,331.3
2023-01-17,122.0,333.1
2023-01-18,121.1,337.6
2023-01-19,121.1,333.3
2023-01-20,123.3,340.0
2023-01-23,122.3,334.8
2023-01-24,124.1,339.4
2023-01-25,123.7,339.8
2023-01-26,123.9,337.7
2023-01-27,125.1,342.9
2023-01-30,119.5,320.3
2023-01-31,120.5,320.9
2023-02-01,125.5,341.5
2023-02-02,124.0,335.0
2023-02-03,118.9,306.9
2023-02-06,119.0,304.5
2023-02-07,120.2,316.4
2023-02-08,120.9,319.2
2023-02-09,120.4,319.1
2023-02-10,121.1,324.3
2023-02-13,121.0,324.9
2023-02-14,120.5,320.9
2023-02-15,122.2,326.3
2023-02-16,122.8,326.6
2023-02-17,121.9,323.4
2023-02-21,121.9,324.5
2023-02-22,122.4,322.5
2023-02-23,121.5,318.9
2023-02-24,120.1,317.3
2023-02-27,122.9,326.8
2023-02-28,122.2,319.4
2023-03-01,121.2,311.6
2023-03-02,120.2,310.6
2023-03-03,119.1,303.1
2023-03-06,118.6,305.5
2023-03-07,121.0,314.1
2023-03-08,121.2,314.5
2023-03-09,122.5,321.4
2023-03-10,122.8,326.1
2023-03-13,122.0,319.6
2023-03-14,119.2,306.3
2023-03-15,119.3,306.0
2023-03-16,118.0,298.3
2023-03-17,118.0,301.5
2023-03-20,117.0,298.5
2023-03-21,116.9,298.3
2023-03-22,118.5,303.8
2023-03-23,117.7,301.8
2023-03-24,117.4,297.1
2023-03-27,117.2,294.5
2023-03-28,111.0,276.0
2023-03-29,109.9,269.7
2023-03-30,110.6,272.3
2023-03-31,109.4,271.1
2023-04-03,112.6,282.0
2023-04-04,112.9,279.9
2023-04-05,106.6,260.0
2023-04-06,105.6,253.8
2023-04-07,103.2,244.8
2023-04-10,105.8,251.6
2023-04-11,112.3,277.9
2023-04-12,115.9,300.4
2023-04-13,117.1,300.6
2023-04-14,113.7,286.3
2023-04-17,113.2,284.7
2023-04-18,107.9,264.6
2023-04-19,106.8,262.8
2023-04-20,101.8,247.8
2023-04-21,102.8,249.1
2023-04-24,106.4,264.0
2023-04-25,104.6,262.0
2023-04-26,102.6,257.6
2023-04-27,103.8,260.6
2023-04-28,107.3,270.7
2023-05-01,104.5,272.1
2023-05-02,102.1,265.4
2023-05-03,103.2,259.1
2023-05-04,102.6,262.5
2023-05-05,98.9,248.2
2023-05-08,97.0,239.5
2023-05-09,97.5,237.0
2023-05-10,97.0,238.3
2023-05-11,90.4,220.6
2023-05-12,92.7,233.0
2023-05-15,93.9,235.0
2023-05-16,95.3,239.2
2023-05-17,96.0,243.5
2023-05-18,97.5,252.5
2023-05-19,97.3,251.8
2023-05-22,97.3,252.6
2023-05-23,97.1,250.5
2023-05-24,96.8,250.0
2023-05-25,97.6,252.0
2023-05-26,97.5,255.0
2023-05-30,99.0,262.0
2023-05-31,99.7,268.4
2023-06-01,99.0,266.8
2023-06-02,99.4,267.1
2023-06-05,100.9,275.1
2023-06-06,100.6,275.2
2023-06-07,98.6,270.1
2023-06-08,97.1,268.0
2023-06-09,96.6,268.6
2023-06-12,94.0,256.2
2023-06-13,94.5,259.3
2023-06-14,93.5,254.2
2023-06-15,92.5,250.1
2023-06-16,92.3,250.4
2023-06-20,91.4,249.0
2023-06-21,91.5,251.1
2023-06-22,90.7,249.9
2023-06-23,90.0,249.1
2023-06-26,89.8,246.3
2023-06-27,89.7,243.8
2023-06-28,89.7,247.2
2023-06-29,88.5,242.4
2023-06-30,89.8,245.6
2023-07-03,88.9,244.9
2023-07-05,88.5,242.6
2023-07-06,89.5,246.9
2023-07-07,89.3,245.2
2023-07-10,88.6,239.3
2023-07-11,88.3,237.4
2023-07-12,86.6,231.5
2023-07-13,85.8,230.2
2023-07-14,86.2,230.0
2023-07-17,87.0,234.4
2023-07-18,88.2,238.9
2023-07-19,88.7,238.6
2023-07-20,89.2,239.3
2023-07-21,90.9,246.4
2023-07-24,91.3,246.4
2023-07-25,91.1,243.5
2023-07-26,92.0,245.0
2023-07-27,93.0,248.6
2023-07-28,91.4,241.5
2023-07-31,92.2,243.7
2023-08-01,92.8,242.8
2023-08-02,93.3,245.0
2023-08-03,92.3,241.0
2023-08-04,92.7,238.8
2023-08-07,91.7,234.9
2023-08-08,91.4,233.9
2023-08-09,92.4,237.0
2023-08-10,92.8,238.1
2023-08-11,92.8,237.2
2023-08-14,92.3,235.9
2023-08-15,92.5,240.0
2023-08-16,93.4,242.3
2023-08-17,94.5,244.9
2023-08-18,93.9,241.8
2023-08-21,93.7,243.0
2023-08-22,94.8,242.1
2023-08-23,95.2,242.5
2023-08-24,96.1,244.8
2023-08-25,96.2,245.4
2023-08-28,95.9,243.5
2023-08-29,96.7,248.1
2023-08-30,96.8,246.7
2023-08-31,94.3,239.8
2023-09-01,93.7,240.3
2023-09-05,94.2,238.7
2023-09-06,94.5,239.3
2023-09-07,95.8,245.0
2023-09-08,95.6,244.6
2023-09-11,95.1,244.3
2023-09-12,94.1,240.3
2023-09-13,94.8,243.4
2023-09-14,95.5,245.3
2023-09-15,95.2,244.3
2023-09-18,95.9,245.9
2023-09-19,93.9,238.6
2023-09-20,92.2,235.8
2023-09-21,95.4,247.2
2023-09-22,94.5,247.6
2023-09-25,95.5,250.1
2023-09-26,100.2,258.7
2023-09-27,96.9,248.5
2023-09-28,93.8,235.0
2023-09-29,93.5,234.8
2023-10-02,93.9,234.6
2023-10-03,93.5,234.3
2023-10-04,92.3,229.6
2023-10-05,90.9,225.4
2023-10-06,92.4,227.2
2023-10-10,91.6,227.4
2023-10-11,93.1,232.0
2023-10-12,92.0,226.6
2023-10-13,92.2,231.2
2023-10-16,90.9,226.2
2023-10-17,90.4,225.5
2023-10-18,90.9,224.7
2023-10-19,91.1,223.3
2023-10-20,91.4,225.2
2023-10-23,90.9,221.9
2023-10-24,90.4,220.2
2023-10-25,90.3,220.9
2023-10-26,90.1,220.0
2023-10-27,90.0,220.1
2023-10-30,90.7,220.9
2023-10-31,91.2,223.5
2023-11-01,91.1,226.3
2023-11-02,92.1,232.1
2023-11-03,92.6,233.3
2023-11-06,92.4,234.3
2023-11-07,91.5,229.9
2023-11-08,90.6,225.7
2023-11-09,89.5,218.7
2023-11-10,88.8,219.0
2023-11-13,90.7,225.7
2023-11-14,90.8,229.4
2023-11-15,89.7,223.7
2023-11-16,91.0,230.8
2023-11-17,91.8,234.6
2023-11-20,91.8,234.1
2023-11-21,89.7,228.1
2023-11-22,88.7,221.2
2023-11-24,89.6,226.3
2023-11-27,89.2,228.1
2023-11-28,89.0,229.0
2023-11-29,88.5,229.2
2023-11-30,88.0,226.1
2023-12-01,87.5,223.0
2023-12-04,87.2,225.3
2023-12-05,86.7,221.2
2023-12-06,88.1,225.7
2023-12-07,86.3,218.4
2023-12-08,87.1,222.0
2023-12-11,85.7,219.5
2023-12-12,86.5,221.7
2023-12-13,87.1,223.1
2023-12-14,88.4,228.4
2023-12-15,87.4,224.8
2023-12-18,87.2,225.4
2023-12-19,89.0,228.2
2023-12-20,90.0,232.3
2023-12-21,91.2,241.8
2023-12-22,91.0,243.0
2023-12-26,90.0,239.8
2023-12-27,90.2,237.7
2023-12-28,90.4,237.2
2023-12-29,90.8,239.1
2024-01-02,91.5,240.6
2024-01-03,92.2,244.6
2024-01-04,94.3,251.4
2024-01-05,94.5,249.2
2024-01-08,95.0,250.0
2024-01-09,95.6,253.2
2024-01-10,95.8,251.4
2024-01-11,95.6,248.3
2024-01-12,95.0,246.0
2024-01-16,96.3,251.2
2024-01-17,97.8,255.4
2024-01-18,99.5,263.0
2024-01-19,99.5,262.0
2024-01-22,100.3,265.5
2024-01-23,100.6,267.3
2024-01-24,101.3,270.8
2024-01-25,101.6,272.0
2024-01-26,101.1,269.2
2024-01-29,101.7,269.1
2024-01-30,102.7,272.7
2024-01-31,103.9,273.0
2024-02-01,104.2,277.6
2024-02-02,103.5,273.0
2024-02-05,104.5,276.0
2024-02-06,105.0,273.7
2024-02-07,107.8,279.4
2024-02-08,108.0,280.9
2024-02-09,108.8,283.0
2024-02-12,108.1,284.2
2024-02-13,107.7,281.3
2024-02-14,107.2,280.4
2024-02-15,107.2,275.8
2024-02-16,107.2,271.6
2024-02-20,107.5,275.3
2024-02-21,105.8,270.4
2024-02-22,106.8,276.4
2024-02-23,107.9,281.2
2024-02-26,108.4,281.8
2024-02-27,109.8,288.4
2024-02-28,109.6,288.2
2024-02-29,108.6,285.2
2024-03-01,108.1,284.0
2024-03-04,108.0,285.3
2024-03-05,107.4,283.3
2024-03-06,106.8,283.5
2024-03-07,106.6,282.2
2024-03-08,107.1,284.8
2024-03-11,108.1,290.0
2024-03-12,108.1,288.5
2024-03-13,106.6,281.2
2024-03-14,109.6,289.1
2024-03-15,109.3,287.8
2024-03-18,107.7,282.4
2024-03-19,105.4,276.8
2024-03-20,104.4,279.5
2024-03-21,104.0,277.4
2024-03-22,103.9,278.1
2024-03-25,104.6,281.3
2024-03-26,104.8,282.5
2024-03-27,105.9,287.0
2024-03-28,105.8,285.4
2024-04-01,103.5,278.7
2024-04-02,105.0,278.8
2024-04-03,103.9,272.7
2024-04-04,103.4,272.4
2024-04-05,104.1,274.1
2024-04-08,105.3,279.7
2024-04-09,105.0,280.3
2024-04-10,106.1,279.5
2024-04-11,107.1,286.4
2024-04-12,107.4,292.2
2024-04-15,107.5,293.2
2024-04-16,107.4,293.6
2024-04-17,105.7,291.3
2024-04-18,105.4,289.3
2024-04-19,106.0,291.6
2024-04-22,106.0,291.1
2024-04-23,106.2,292.4
2024-04-24,105.6,289.4
2024-04-25,105.2,287.6
2024-04-26,105.9,295.3
2024-04-29,105.1,296.9
2024-04-30,105.8,300.6
2024-05-01,107.7,308.3
2024-05-02,109.0,313.4
2024-05-03,107.3,311.3
2024-05-06,106.5,307.5
2024-05-07,106.3,308.9
2024-05-08,104.2,302.2
2024-05-09,101.3,286.4
2024-05-10,101.2,286.4
2024-05-13,101.3,288.5
2024-05-14,100.7,285.3
2024-05-15,100.9,281.9
2024-05-16,100.7,284.5
2024-05-17,101.5,285.1
2024-05-20,101.5,285.5
2024-05-21,101.4,280.7
2024-05-22,100.6,276.0
2024-05-23,102.1,281.8
2024-05-24,101.5,281.2
2024-05-28,100.3,275.3
2024-05-29,100.5,280.0
2024-05-30,100.3,281.0
2024-05-31,100.1,279.1
2024-06-03,99.8,277.4
2024-06-04,100.7,280.0
2024-06-05,101.3,282.8
2024-06-06,102.5,290.0
2024-06-07,101.3,283.4
2024-06-10,100.6,283.5
2024-06-11,100.2,282.8
2024-06-12,101.8,288.9
2024-06-13,102.3,292.5
2024-06-14,104.4,302.1
2024-06-17,104.3,300.9
2024-06-18,102.8,293.6
2024-06-20,102.3,289.4
2024-06-21,103.7,297.3
2024-06-24,104.6,302.5
2024-06-25,104.0,302.9
2024-06-26,103.5,298.4
2024-06-27,102.9,294.2
2024-06-28,103.4,294.9
2024-07-01,105.3,298.0
2024-07-02,105.2,297.4
2024-07-03,103.7,292.7
2024-07-05,104.3,293.2
2024-07-08,105.4,295.8
2024-07-09,104.4,292.2
2024-07-10,104.0,290.3
2024-07-11,104.2,291.7
2024-07-12,104.2,292.4
2024-07-15,103.6,289.1
2024-07-16,103.4,283.1
2024-07-17,104.4,288.6
2024-07-18,104.8,288.1
2024-07-19,104.5,284.9
2024-07-22,104.5,286.4
2024-07-23,104.7,286.4
2024-07-24,105.3,288.9
2024-07-25,103.6,281.3
2024-07-26,105.6,294.4
2024-07-29,105.1,291.7
2024-07-30,104.4,289.5
2024-07-31,103.0,285.2
2024-08-01,103.4,282.8
2024-08-02,103.1,282.4
2024-08-05,100.8,271.4
2024-08-06,99.2,259.2
2024-08-07,99.6,260.6
2024-08-08,102.2,273.5
2024-08-09,101.4,270.6
2024-08-12,101.0,266.6
2024-08-13,100.5,259.8
2024-08-14,101.7,265.0
2024-08-15,103.3,269.5
2024-08-16,104.3,273.2
2024-08-19,104.8,276.7
2024-08-20,104.4,276.2
2024-08-21,104.3,275.9
2024-08-22,105.3,277.2
2024-08-23,106.8,282.5
2024-08-26,107.0,287.1
2024-08-27,106.3,285.6
2024-08-28,105.1,280.6
2024-08-29,105.0,279.0
2024-08-30,104.5,280.2
2024-09-03,105.5,286.4
2024-09-04,105.0,285.2
2024-09-05,105.4,286.1
2024-09-06,105.9,284.5
2024-09-09,105.4,284.6
2024-09-10,107.4,290.5
2024-09-11,106.5,289.7
2024-09-12,106.4,287.5
2024-09-13,105.4,284.3
2024-09-16,103.8,278.4
2024-09-17,104.2,278.7
2024-09-18,103.8,281.3
2024-09-19,103.8,278.8
2024-09-20,104.2,281.6
2024-09-23,105.2,283.9
2024-09-24,105.1,285.0
2024-09-25,105.4,286.6
2024-09-26,105.1,287.0
2024-09-27,104.6,286.6
2024-09-30,102.4,276.5
2024-10-01,103.6,283.9
2024-10-02,104.4,285.6
2024-10-03,105.7,291.8
2024-10-04,105.4,288.6
2024-10-07,105.9,289.3
2024-10-08,104.6,287.6
2024-10-09,104.3,290.6
2024-10-10,104.9,292.8
2024-10-11,104.5,290.3
2024-10-15,102.5,280.9
2024-10-16,103.1,282.7
2024-10-17,103.1,279.7
2024-10-18,105.5,290.4
2024-10-21,105.6,293.5
2024-10-22,104.2,294.5
2024-10-23,100.3,278.1
2024-10-24,101.8,287.5
2024-10-25,100.1,293.4
2024-10-28,99.6,287.9
2024-10-29,99.6,285.4
2024-10-30,97.6,280.6
2024-10-31,97.3,282.0
2024-11-01,100.1,295.8
2024-11-04,102.7,306.8
2024-11-05,104.4,308.0
2024-11-06,104.4,310.9
2024-11-07,102.4,308.2
2024-11-08,103.7,316.9
2024-11-12,104.7,323.7
2024-11-13,105.2,326.0
2024-11-14,104.1,322.6
2024-11-15,103.8,325.2
2024-11-18,104.7,331.5
2024-11-19,103.2,326.0
2024-11-20,103.4,329.0
2024-11-21,101.7,320.5
2024-11-22,102.2,316.7
2024-11-25,101.0,308.9
2024-11-26,100.2,309.0
2024-11-27,100.9,313.8
2024-11-29,101.5,319.3
2024-12-02,100.1,312.6
2024-12-03,99.5,308.0
2024-12-04,100.9,315.4
2024-12-05,100.6,305.3
2024-12-06,103.2,319.7
2024-12-09,103.8,320.4
2024-12-10,104.8,321.4
2024-12-11,106.5,330.8
2024-12-12,106.6,332.6
2024-12-13,107.4,331.1
2024-12-16,107.6,330.2
2024-12-17,106.2,324.6
2024-12-18,106.1,323.1
2024-12-19,104.6,317.6
2024-12-20,104.9,319.4
2024-12-23,104.1,316.3
2024-12-24,103.8,318.1
2024-12-26,104.6,321.2
2024-12-27,105.0,324.6
2024-12-30,105.9,332.5
2024-12-31,105.9,328.8
2025-01-02,105.7,329.2
2025-01-03,105.7,327.2
2025-01-06,104.3,327.1
2025-01-07,105.0,330.5
2025-01-08,105.2,331.0
2025-01-09,105.1,330.7
2025-01-10,105.5,332.1
2025-01-13,105.4,331.3
2025-01-14,105.9,335.2
2025-01-15,105.8,332.6
2025-01-16,104.8,328.0
2025-01-17,104.1,323.9
2025-01-21,104.1,322.2
2025-01-22,104.5,324.9
2025-01-23,103.9,322.4
2025-01-24,105.1,331.5
2025-01-27,103.9,325.8
2025-01-28,103.7,322.4
2025-01-29,104.6,324.2
2025-01-30,105.6,327.3
2025-01-31,107.3,337.2
2025-02-03,105.6,331.0
2025-02-04,105.1,330.2
2025-02-05,104.8,326.7
2025-02-06,105.7,326.3
2025-02-07,105.0,323.1
2025-02-10,105.9,325.8
2025-02-11,106.7,326.5
2025-02-12,106.4,326.7
2025-02-13,107.8,335.7
2025-02-14,108.0,335.0
2025-02-18,107.5,338.6
2025-02-19,108.9,344.1
2025-02-20,108.4,341.7
2025-02-21,108.6,344.9
2025-02-24,106.2,331.2
2025-02-25,106.5,336.4
2025-02-26,106.0,332.1
2025-02-27,105.5,332.8
2025-02-28,107.1,332.7
2025-03-03,107.2,334.9
2025-03-04,107.5,337.7
2025-03-05,106.3,334.8
2025-03-06,106.1,335.2
2025-03-07,106.7,337.5
2025-03-10,106.4,334.6
2025-03-11,106.5,335.9
2025-03-12,106.4,337.5
2025-03-13,107.1,342.8
2025-03-14,107.9,348.3
2025-03-17,108.1,350.8
2025-03-18,108.7,354.3
2025-03-19,108.8,353.3
2025-03-20,109.4,358.7
2025-03-21,110.0,360.9
2025-03-24,111.7,369.4
2025-03-25,113.2,378.7
2025-03-26,114.2,384.7
2025-03-27,113.8,380.6
2025-03-28,113.5,378.0
2025-03-31,113.8,383.6
2025-04-01,112.5,377.8
2025-04-02,110.1,370.4
2025-04-03,111.1,372.3
2025-04-04,113.4,384.4
2025-04-07,113.7,382.0
2025-04-08,113.2,377.9
2025-04-09,113.0,377.8
2025-04-10,109.9,374.0
2025-04-11,110.8,384.9
2025-04-14,112.8,380.2
2025-04-15,111.7,383.4
2025-04-16,108.1,373.2
2025-04-17,110.3,389.4
2025-04-21,112.9,394.3
2025-04-22,110.6,379.5
2025-04-23,110.1,367.6
2025-04-24,109.3,364.5
2025-04-25,107.0,349.3
2025-04-28,104.0,338.1
2025-04-29,101.7,335.2
2025-04-30,102.2,324.4
2025-05-01,97.7,305.6
2025-05-02,100.7,309.3
2025-05-05,99.4,303.5
2025-05-06,97.2,292.0
2025-05-07,93.5,284.5
2025-05-08,88.4,265.2
2025-05-09,89.3,273.7
2025-05-12,84.3,261.1
2025-05-13,84.9,264.0
2025-05-14,81.4,252.9
2025-05-15,83.9,257.8
2025-05-16,83.6,246.9
2025-05-19,83.7,240.1
2025-05-20,84.8,244.1
2025-05-21,84.4,235.3
2025-05-22,88.2,251.2
2025-05-23,88.2,248.0
2025-05-27,85.3,234.5
2025-05-28,83.3,225.1
2025-05-29,83.6,228.0
2025-05-30,82.1,221.4
2025-06-02,81.9,221.6
2025-06-03,84.0,228.2
2025-06-04,83.6,225.5
2025-06-05,83.5,220.5
2025-06-06,82.8,220.0
2025-06-09,83.9,222.4
2025-06-10,82.2,211.9
2025-06-11,81.3,200.6
2025-06-12,80.7,198.7
2025-06-13,82.5,205.6
2025-06-16,83.0,206.9
2025-06-17,84.5,212.0
2025-06-18,84.0,209.2
2025-06-20,84.5,209.9
2025-06-23,84.6,211.2
2025-06-24,84.9,212.7
2025-06-25,85.5,216.5
2025-06-26,85.3,218.2
2025-06-27,85.7,218.4
2025-06-30,84.2,215.7
2025-07-01,84.8,217.9
2025-07-02,85.5,223.7
2025-07-03,85.0,221.1
2025-07-07,85.3,224.6
2025-07-08,85.3,224.6
2025-07-09,85.4,225.3
2025-07-10,84.4,221.1
2025-07-11,84.5,222.8
2025-07-14,84.8,223.7
2025-07-15,86.1,227.5
2025-07-16,86.9,229.9
2025-07-17,87.5,230.7
2025-07-18,88.1,233.0
2025-07-21,88.5,235.4
2025-07-22,87.9,232.1
2025-07-23,87.4,229.5
2025-07-24,89.2,237.1
2025-07-25,87.9,234.7
2025-07-28,88.2,235.7
2025-07-29,88.4,237.5
2025-07-30,89.5,239.6
2025-07-31,88.8,237.6
2025-08-01,89.6,243.9
2025-08-04,88.0,236.9
2025-08-05,89.3,243.0
2025-08-06,89.3,244.5
2025-08-07,89.6,245.4
2025-08-08,91.2,250.2
2025-08-11,91.5,251.1
2025-08-12,91.5,254.0
2025-08-13,91.1,252.6
2025-08-14,92.6,256.5
2025-08-15,92.8,257.9
2025-08-18,94.4,262.4
2025-08-19,93.2,255.3
2025-08-20,93.0,253.7
2025-08-21,93.9,255.5
2025-08-22,94.7,258.8
2025-08-25,95.2,265.3
2025-08-26,93.2,260.7
2025-08-27,94.7,264.5
2025-08-28,94.3,262.0
2025-08-29,93.0,261.0
2025-09-02,93.4,258.6
2025-09-03,94.0,258.7
2025-09-04,94.4,260.4
2025-09-05,93.4,257.2
2025-09-08,93.9,257.8
2025-09-09,94.6,257.7
2025-09-10,93.8,253.8
2025-09-11,94.6,258.0
2025-09-12,93.6,253.4
2025-09-15,94.8,258.2
2025-09-16,93.3,254.1
2025-09-17,93.1,254.3
2025-09-18,93.6,256.9
2025-09-19,93.3,254.2
2025-09-22,92.6,250.4
2025-09-23,93.1,252.9
2025-09-24,92.5,250.0
2025-09-25,91.9,248.7
2025-09-26,90.9,244.5
2025-09-29,92.1,247.1
2025-09-30,94.1,253.6
2025-10-01,93.9,255.2
2025-10-02,94.1,258.0
2025-10-03,94.9,260.5
2025-10-06,94.7,257.3
2025-10-07,93.7,253.1
2025-10-08,92.9,247.5
2025-10-09,94.4,253.1
2025-10-10,94.5,255.5
2025-10-14,95.3,259.5
2025-10-15,94.4,260.6
2025-10-16,95.5,261.9
2025-10-17,96.3,262.6
2025-10-20,98.1,268.3
2025-10-21,98.5,270.8
2025-10-22,97.9,271.1
2025-10-23,96.9,264.1
2025-10-24,95.0,261.3
2025-10-27,94.6,256.2
2025-10-28,94.9,258.5
2025-10-29,94.7,259.5
2025-10-30,95.8,262.4
2025-10-31,95.6,260.6
2025-11-03,96.1,264.1
2025-11-04,96.4,266.2
2025-11-05,95.1,265.2
2025-11-06,95.4,260.6
2025-11-07,94.0,257.3
2025-11-10,93.2,256.2
2025-11-12,91.5,250.3
2025-11-13,91.3,249.9
2025-11-14,90.1,244.9
2025-11-17,90.5,244.1
2025-11-18,91.7,246.4
2025-11-19,92.4,248.0
2025-11-20,92.5,247.8
2025-11-21,92.2,247.8
2025-11-24,92.2,248.0
2025-11-25,92.2,249.5
2025-11-26,91.0,243.8
2025-11-28,89.7,240.4
2025-12-01,89.9,240.5
2025-12-02,89.6,240.0
2025-12-03,88.7,236.5
2025-12-04,86.8,228.1
2025-12-05,86.4,225.4
2025-12-08,85.9,227.4
2025-12-09,86.3,227.7
2025-12-10,86.3,227.1
2025-12-11,86.4,231.3
2025-12-12,86.8,231.3
2025-12-15,86.7,231.2
2025-12-16,87.5,234.5
2025-12-17,88.1,235.4
2025-12-18,88.7,236.2
2025-12-19,88.3,236.5
2025-12-22,88.5,236.3
2025-12-23,87.4,236.9
2025-12-24,87.3,239.0
2025-12-26,88.4,246.4
2025-12-29,89.3,248.3
2025-12-30,90.5,259.4
2025-12-31,88.8,253.0
2026-01-02,90.3,260.3
2026-01-05,91.9,267.8
2026-01-06,91.8,267.5
2026-01-07,91.8,265.4
2026-01-08,91.9,266.5
2026-01-09,93.2,274.0
2026-01-12,92.4,272.0
2026-01-13,91.5,267.6
2026-01-14,91.1,265.6
2026-01-15,92.3,268.8
2026-01-16,91.6,264.4
2026-01-20,93.1,269.0
2026-01-21,91.5,269.4
2026-01-22,90.6,261.6
2026-01-23,91.0,261.3
2026-01-26,90.8,263.2
2026-01-27,90.8,263.5
2026-01-28,91.1,265.4
2026-01-29,91.1,265.3
2026-01-30,91.3,267.2
2026-02-02,92.2,271.5
2026-02-03,92.0,271.0
2026-02-04,92.1,273.0
2026-02-05,92.6,270.6
2026-02-06,91.3,265.8
2026-02-09,90.9,265.7
2026-02-10,90.3,263.0
2026-02-11,89.3,261.0
2026-02-12,89.7,261.6
2026-02-13,91.6,271.2
2026-02-17,93.4,274.9
2026-02-18,94.4,283.1
2026-02-19,95.6,290.0
2026-02-20,93.5,279.8
2026-02-23,92.7,278.1
2026-02-24,92.5,276.9
2026-02-25,94.4,283.4
2026-02-26,95.6,290.0
2026-02-27,95.6,287.5
2026-03-02,94.8,282.0
2026-03-03,95.4,282.1
2026-03-04,96.0,285.5
2026-03-05,97.0,287.2
2026-03-06,97.7,291.7
2026-03-09,96.1,282.9
2026-03-10,95.9,286.0
2026-03-11,97.3,293.9
2026-03-12,98.9,295.1
2026-03-13,100.4,305.3
2026-03-16,98.8,302.2
2026-03-17,97.5,297.4
2026-03-18,96.8,294.9
2026-03-19,96.4,296.6
2026-03-20,96.4,296.4
2026-03-23,96.7,293.4
2026-03-24,97.2,296.1
2026-03-25,97.0,293.4
2026-03-26,96.8,292.8
2026-03-27,96.9,295.1
2026-03-30,96.3,291.1
2026-03-31,96.5,288.1
2026-04-01,97.2,289.8
2026-04-02,97.4,292.9
2026-04-03,96.9,290.0
2026-04-06,97.9,298.0
2026-04-07,98.8,298.4
2026-04-08,99.4,303.6
2026-04-09,99.5,304.0
2026-04-10,99.9,310.0
2026-04-13,101.1,316.2
2026-04-14,101.7,315.4
2026-04-15,100.8,307.8
2026-04-16,101.0,307.5
2026-04-17,102.0,312.5
2026-04-20,102.4,312.5
2026-04-21,102.3,318.5
2026-04-22,103.1,323.3
2026-04-23,103.0,324.3
2026-04-24,103.5,330.3
2026-04-27,104.0,331.1
2026-04-28,104.4,334.7
2026-04-29,105.5,338.1
2026-04-30,106.8,338.1
2026-05-01,107.1,340.3
2026-05-04,106.7,337.3
2026-05-05,106.5,335.2
2026-05-06,98.7,307.9
2026-05-07,99.8,323.8
2026-05-08,102.3,338.5
2026-05-11,103.1,341.1
2026-05-12,102.6,337.7
2026-05-13,102.4,332.7
2026-05-14,102.9,337.2
2026-05-15,103.9,339.7
2026-05-18,104.2,340.3
2026-05-19,104.3,343.0
2026-05-20,104.4,346.3
2026-05-21,104.5,346.2
2026-05-22,103.4,343.1
2026-05-26,104.3,348.2
2026-05-27,104.5,343.9
2026-05-28,102.7,338.9
2026-05-29,102.2,334.9
2026-06-01,102.4,336.9
2026-06-02,101.5,334.9
2026-06-03,100.9,333.4
2026-06-04,99.9,328.6
2026-06-05,101.8,337.7
2026-06-08,102.4,341.1
2026-06-09,101.3,332.7
2026-06-10,100.1,328.2
2026-06-11,101.0,330.4
2026-06-12,100.9,331.4
2026-06-15,101.3,334.8
2026-06-16,101.0,337.9
2026-06-17,99.6,332.6
2026-06-18,98.6,327.2
2026-06-22,99.7,331.0
2026-06-23,99.8,333.7
2026-06-24,98.3,327.7
2026-06-25,98.3,328.9
2026-06-26,98.5,333.4
2026-06-29,98.5,338.7
2026-06-30,100.1,345.4
2026-07-01,99.3,337.3
2026-07-02,100.1,345.7
2026-07-06,100.0,348.1
2026-07-07,99.9,348.7
2026-07-08,99.7,344.6
2026-07-09,98.1,337.7
2026-07-10,98.7,339.7
2026-07-13,99.8,341.0
2026-07-14,98.4,332.0
2026-07-15,101.0,343.8
2026-07-16,99.1,332.5
2026-07-17,98.9,333.3
2026-07-20,99.3,336.2
2026-07-21,100.0,337.7
2026-07-22,99.5,336.1
2026-07-23,98.5,336.4
2026-07-24,98.5,336.5
2026-07-27,99.8,343.8
2026-07-28,99.7,343.6
2026-07-29,98.8,333.3
2026-07-30,98.5,332.9
2026-07-31,97.2,327.1
2026-08-03,95.6,320.3
2026-08-04,93.9,314.2
2026-08-05,94.4,315.9
2026-08-06,92.9,312.6
2026-08-07,95.0,324.0
2026-08-10,95.4,323.9
2026-08-11,96.1,326.9
2026-08-12,95.9,326.9
2026-08-13,96.9,326.0
2026-08-14,96.7,329.4
2026-08-17,96.1,326.6
2026-08-18,95.7,327.1
2026-08-19,93.6,315.6
2026-08-20,94.3,317.8
2026-08-21,93.4,313.4
2026-08-24,93.7,315.7
2026-08-25,91.7,308.9
2026-08-26,94.1,316.9
2026-08-27,94.1,314.6
2026-08-28,94.2,314.8
2026-08-31,94.3,319.9
2026-09-01,95.0,322.7
2026-09-02,95.1,328.6
2026-09-03,94.0,322.2
2026-09-04,94.5,321.8
2026-09-08,93.3,314.7
2026-09-09,93.3,315.0
2026-09-10,93.6,317.6
2026-09-11,91.5,307.7
2026-09-14,93.1,315.1
2026-09-15,93.9,316.0
2026-09-16,94.4,316.2
2026-09-17,94.9,322.4
2026-09-18,96.1,325.1
2026-09-21,97.2,332.0
2026-09-22,96.7,328.5
2026-09-23,96.4,325.8
2026-09-24,96.7,325.2
2026-09-25,95.9,317.5
2026-09-28,96.3,320.0
2026-09-29,98.2,331.1
2026-09-30,98.8,334.7
2026-10-01,98.0,330.0
2026-10-02,97.0,328.7
