date,2 Yr,5 Yr,10 Yr,30 Yr,ig_spread_bp,hy_spread_bp
2026-07-01,4.17,4.24,4.48,4.97,99.3,337.3
2026-07-02,4.14,4.23,4.49,4.98,100.1,345.7
2026-07-06,4.13,4.21,4.48,4.99,100.0,348.1
2026-07-07,4.19,4.27,4.55,5.05,99.9,348.7
2026-07-08,4.21,4.31,4.56,5.06,99.7,344.6
2026-07-09,4.16,4.27,4.54,5.05,98.1,337.7
2026-07-10,4.21,4.30,4.56,5.06,98.7,339.7
2026-07-13,4.26,4.37,4.62,5.10,99.8,341.0
2026-07-14,4.18,4.31,4.58,5.08,98.4,332.0
2026-07-15,4.13,4.26,4.55,5.08,101.0,343.8
2026-07-17,4.18,4.28,4.55,5.06,98.9,333.3
07/20/2026,4.21,4.33,4.60,5.11,99.3,336.2
2026-07-21,4.26,4.37,4.63,5.13,100.0,337.7
2026-07-22,4.31,4.41,4.67,5.15,99.5,336.1
2026-07-23,4.37,4.46,4.71,5.17,98.5,336.4
2026-07-24,4.33,4.43,4.69,5.16,98.5,336.5
2026-07-27,4.31,4.40,4.65,5.12,99.8,343.8
2026-07-28,4.26,4.35,4.61,5.09,99.7,343.6
2026-07-29,4.22,4.37,4.67,5.20,98.8,343.6
2026-07-30,4.23,4.38,4.68,5.21,98.5,343.6
2026-07-31,4.28,4.45,4.75,5.27,97.2,343.6
2026-08-03,4.25,4.40,4.70,5.23,95.6,343.6
2026-08-04,4.20,433,4.63,5.18,93.9,314.2
2026-08-05,4.18,4.33,4.63,5.17,94.4,315.9
2026-08-06,4.25,4.40,4.69,5.22,92.9,312.6
2026-08-07,4.19,4.35,4.65,5.19,95.0,324.0
2026-08-08,4.19,4.35,4.65,5.19,95.0,324.0
2026-08-10,4.25,4.41,4.72,5.25,95.4,323.9
2026-08-11,4.22,4.39,4.70,5.24,96.1,326.9
2026-08-12,4.20,4.38,4.68,5.24,95.9,326.9
2026-08-13,4.15,4.32,4.63,5.21,96.9,326.0
08/14/2026,4.17,4.36,4.68,5.25,96.7,329.4
2026-08-17,4.19,4.38,4.72,5.31,96.1,326.6
2026-08-18,4.19,4.37,4.71,5.28,0.957,327.1
2026-08-19,4.19,4.35,4.65,5.19,93.6,315.6
2026-08-20,4.19,4.39,4.69,5.23,94.3,317.8
2026-08-21,4.24,4.43,4.74,5.27,93.4,313.4
2026-08-24,4.24,4.41,4.70,5.23,93.7,315.7
2026-08-25,4.17,4.35,4.64,5.17,91.7,308.9
2026-08-26,4.19,4.37,4.66,5.18,94.1,316.9
2026-08-27,4.20,4.38,4.67,5.19,94.1,314.6
2026-08-28,4.34,4.48,4.73,5.22,94.2,314.8
2026-08-31,4.34,4.49,4.75,5.25,94.3,319.9
2026-09-01,4.39,455,4.79,5.27,95.0,322.7
2026-09-02,4.39,4.54,4.79,5.27,95.1,328.6
2026-09-03,4.34,4.52,4.77,5.25,94.0,322.2
09/04/2026,4.37,4.54,4.78,5.24,94.5,321.8
2026-09-07,.,.,.,.,.,.
2026-09-08,4.39,4.57,4.80,5.25,93.3,314.7
2026-09-09,4.43,4.61,4.83,5.28,93.3,315.0
2026-09-10,4.56,4.75,4.95,5.37,93.6,317.6
2026-09-11,4.63,4.78,4.96,5.35,91.5,307.7
2026-09-11,4.63,4.78,4.96,5.35,91.5,307.7
2026-09-14,4.65,4.80,4.97,5.34,93.1,315.1
2026-09-15,4.67,4.83,5.00,5.36,93.9,316.0
2026-09-15,4.67,4.83,5.00,5.36,93.9,316.0
2026-09-16,4.74,4.86,5.01,5.35,94.4,316.2
2026-09-17,4.67,4.78,4.94,5.29,94.9,322.4
2026-09-18,4.76,4.86,5.01,5.34,96.1,3.251
2026-09-21,4.76,4.83,4.96,5.29,97.2,332.0
2026-09-22,4.71,4.83,4.96,5.29,96.7,328.5
2026-09-23,4.85,4.99,5.11,5.40,96.4,325.8
2026-09-24,4.87,5.03,5.18,5.47,96.7,325.2
2026-09-25,4.81,4.98,5.17,5.49,95.9,317.5
2026-09-28,4.92,5.06,5.24,5.56,96.3,320.0
2026-09-29,4.89,5.06,5.26,5.59,98.2,331.1
2026-09-30,4.88,5.09,5.29,5.64,98.8,334.7
2026-10-01,4.78,5.01,5.24,5.61,98.0,330.0
2026-10-02,4.83,5.06,5.28,5.63,97.0,328.7
