case_id,quantity,excel_formula,excel_value
d01_oas_on_score:slope,slope,"=SLOPE(bench!$A$2:$A$822,bench!$B$2:$B$822)",39.29980781881303
d01_oas_on_score:intercept,intercept,"=INTERCEPT(bench!$A$2:$A$822,bench!$B$2:$B$822)",-184.38421530846207
d01_oas_on_score:rsq,rsq,"=RSQ(bench!$A$2:$A$822,bench!$B$2:$B$822)",0.5289166977373108
d01_oas_on_score:correl,correl,"=CORREL(bench!$A$2:$A$822,bench!$B$2:$B$822)",0.7272665933048972
d01_oas_on_score:mae_bp,mae_bp,"=AVERAGE(ABS(bench!$A$2:$A$822-(INTERCEPT(bench!$A$2:$A$822,bench!$B$2:$B$822)+SLOPE(bench!$A$2:$A$822,bench!$B$2:$B$822)*bench!$B$2:$B$822)))",63.28235886559167
d01_oas_on_score:rmse_bp,rmse_bp,"=SQRT(SUMXMY2(bench!$A$2:$A$822,(INTERCEPT(bench!$A$2:$A$822,bench!$B$2:$B$822)+SLOPE(bench!$A$2:$A$822,bench!$B$2:$B$822)*bench!$B$2:$B$822))/COUNT(bench!$A$2:$A$822))",127.2570853018076
d02_oas_on_score_duration:coef_const,coef_const,"=INDEX(LINEST(bench!$A$2:$A$822,bench!$B$2:$C$822,TRUE,TRUE),1,3)",-189.83497097851833
d02_oas_on_score_duration:se_const,se_const,"=INDEX(LINEST(bench!$A$2:$A$822,bench!$B$2:$C$822,TRUE,TRUE),2,3)",15.904993376903334
d02_oas_on_score_duration:coef_score,coef_score,"=INDEX(LINEST(bench!$A$2:$A$822,bench!$B$2:$C$822,TRUE,TRUE),1,2)",39.3763531368538
d02_oas_on_score_duration:se_score,se_score,"=INDEX(LINEST(bench!$A$2:$A$822,bench!$B$2:$C$822,TRUE,TRUE),2,2)",1.3033058841066538
d02_oas_on_score_duration:coef_duration,coef_duration,"=INDEX(LINEST(bench!$A$2:$A$822,bench!$B$2:$C$822,TRUE,TRUE),1,1)",0.7929441765474435
d02_oas_on_score_duration:se_duration,se_duration,"=INDEX(LINEST(bench!$A$2:$A$822,bench!$B$2:$C$822,TRUE,TRUE),2,1)",1.37546702065395
d02_oas_on_score_duration:r2,r2,"=INDEX(LINEST(bench!$A$2:$A$822,bench!$B$2:$C$822,TRUE,TRUE),3,1)",0.5291080144277746
d02_oas_on_score_duration:se_y,se_y,"=INDEX(LINEST(bench!$A$2:$A$822,bench!$B$2:$C$822,TRUE,TRUE),3,2)",127.46433740826932
d02_oas_on_score_duration:f,f,"=INDEX(LINEST(bench!$A$2:$A$822,bench!$B$2:$C$822,TRUE,TRUE),4,1)",459.5643683295765
d02_oas_on_score_duration:df_resid,df_resid,"=INDEX(LINEST(bench!$A$2:$A$822,bench!$B$2:$C$822,TRUE,TRUE),4,2)",818.0
d02_oas_on_score_duration:ss_reg,ss_reg,"=INDEX(LINEST(bench!$A$2:$A$822,bench!$B$2:$C$822,TRUE,TRUE),5,1)",14933229.173496809
d02_oas_on_score_duration:ss_resid,ss_resid,"=INDEX(LINEST(bench!$A$2:$A$822,bench!$B$2:$C$822,TRUE,TRUE),5,2)",13290174.680340026
d02_oas_on_rating_duration_sector:coef_const,coef_const,"=INDEX(LINEST(bench!$A$2:$A$822,bench!$J$2:$AJ$822,TRUE,TRUE),1,28)",74.77581794879242
d02_oas_on_rating_duration_sector:se_const,se_const,"=INDEX(LINEST(bench!$A$2:$A$822,bench!$J$2:$AJ$822,TRUE,TRUE),2,28)",19.116743312368623
d02_oas_on_rating_duration_sector:coef_rating_AAA,coef_rating_AAA,"=INDEX(LINEST(bench!$A$2:$A$822,bench!$J$2:$AJ$822,TRUE,TRUE),1,27)",-38.28090488448689
d02_oas_on_rating_duration_sector:se_rating_AAA,se_rating_AAA,"=INDEX(LINEST(bench!$A$2:$A$822,bench!$J$2:$AJ$822,TRUE,TRUE),2,27)",33.73282221827464
d02_oas_on_rating_duration_sector:coef_rating_AA+,coef_rating_AA+,"=INDEX(LINEST(bench!$A$2:$A$822,bench!$J$2:$AJ$822,TRUE,TRUE),1,26)",-52.32197433869104
d02_oas_on_rating_duration_sector:se_rating_AA+,se_rating_AA+,"=INDEX(LINEST(bench!$A$2:$A$822,bench!$J$2:$AJ$822,TRUE,TRUE),2,26)",53.27197715845885
d02_oas_on_rating_duration_sector:coef_rating_AA,coef_rating_AA,"=INDEX(LINEST(bench!$A$2:$A$822,bench!$J$2:$AJ$822,TRUE,TRUE),1,25)",-50.753623293909605
d02_oas_on_rating_duration_sector:se_rating_AA,se_rating_AA,"=INDEX(LINEST(bench!$A$2:$A$822,bench!$J$2:$AJ$822,TRUE,TRUE),2,25)",49.41689361671152
d02_oas_on_rating_duration_sector:coef_rating_AA-,coef_rating_AA-,"=INDEX(LINEST(bench!$A$2:$A$822,bench!$J$2:$AJ$822,TRUE,TRUE),1,24)",-35.80946701183673
d02_oas_on_rating_duration_sector:se_rating_AA-,se_rating_AA-,"=INDEX(LINEST(bench!$A$2:$A$822,bench!$J$2:$AJ$822,TRUE,TRUE),2,24)",27.262277199579565
d02_oas_on_rating_duration_sector:coef_rating_A+,coef_rating_A+,"=INDEX(LINEST(bench!$A$2:$A$822,bench!$J$2:$AJ$822,TRUE,TRUE),1,23)",-16.898068237703505
d02_oas_on_rating_duration_sector:se_rating_A+,se_rating_A+,"=INDEX(LINEST(bench!$A$2:$A$822,bench!$J$2:$AJ$822,TRUE,TRUE),2,23)",17.59073528677014
d02_oas_on_rating_duration_sector:coef_rating_A-,coef_rating_A-,"=INDEX(LINEST(bench!$A$2:$A$822,bench!$J$2:$AJ$822,TRUE,TRUE),1,22)",17.945127332160713
d02_oas_on_rating_duration_sector:se_rating_A-,se_rating_A-,"=INDEX(LINEST(bench!$A$2:$A$822,bench!$J$2:$AJ$822,TRUE,TRUE),2,22)",16.615911008882133
d02_oas_on_rating_duration_sector:coef_rating_BBB+,coef_rating_BBB+,"=INDEX(LINEST(bench!$A$2:$A$822,bench!$J$2:$AJ$822,TRUE,TRUE),1,21)",20.61478046375199
d02_oas_on_rating_duration_sector:se_rating_BBB+,se_rating_BBB+,"=INDEX(LINEST(bench!$A$2:$A$822,bench!$J$2:$AJ$822,TRUE,TRUE),2,21)",18.39729713836798
d02_oas_on_rating_duration_sector:coef_rating_BBB,coef_rating_BBB,"=INDEX(LINEST(bench!$A$2:$A$822,bench!$J$2:$AJ$822,TRUE,TRUE),1,20)",49.12496108076393
d02_oas_on_rating_duration_sector:se_rating_BBB,se_rating_BBB,"=INDEX(LINEST(bench!$A$2:$A$822,bench!$J$2:$AJ$822,TRUE,TRUE),2,20)",18.037753560199842
d02_oas_on_rating_duration_sector:coef_rating_BBB-,coef_rating_BBB-,"=INDEX(LINEST(bench!$A$2:$A$822,bench!$J$2:$AJ$822,TRUE,TRUE),1,19)",78.18148863287543
d02_oas_on_rating_duration_sector:se_rating_BBB-,se_rating_BBB-,"=INDEX(LINEST(bench!$A$2:$A$822,bench!$J$2:$AJ$822,TRUE,TRUE),2,19)",16.674992679664324
d02_oas_on_rating_duration_sector:coef_rating_BB+,coef_rating_BB+,"=INDEX(LINEST(bench!$A$2:$A$822,bench!$J$2:$AJ$822,TRUE,TRUE),1,18)",122.9374505808977
d02_oas_on_rating_duration_sector:se_rating_BB+,se_rating_BB+,"=INDEX(LINEST(bench!$A$2:$A$822,bench!$J$2:$AJ$822,TRUE,TRUE),2,18)",17.587889565432217
d02_oas_on_rating_duration_sector:coef_rating_BB,coef_rating_BB,"=INDEX(LINEST(bench!$A$2:$A$822,bench!$J$2:$AJ$822,TRUE,TRUE),1,17)",161.14883877097503
d02_oas_on_rating_duration_sector:se_rating_BB,se_rating_BB,"=INDEX(LINEST(bench!$A$2:$A$822,bench!$J$2:$AJ$822,TRUE,TRUE),2,17)",19.484783965420455
d02_oas_on_rating_duration_sector:coef_rating_BB-,coef_rating_BB-,"=INDEX(LINEST(bench!$A$2:$A$822,bench!$J$2:$AJ$822,TRUE,TRUE),1,16)",219.79437550234633
d02_oas_on_rating_duration_sector:se_rating_BB-,se_rating_BB-,"=INDEX(LINEST(bench!$A$2:$A$822,bench!$J$2:$AJ$822,TRUE,TRUE),2,16)",21.383370664639735
d02_oas_on_rating_duration_sector:coef_rating_B+,coef_rating_B+,"=INDEX(LINEST(bench!$A$2:$A$822,bench!$J$2:$AJ$822,TRUE,TRUE),1,15)",265.317714377499
d02_oas_on_rating_duration_sector:se_rating_B+,se_rating_B+,"=INDEX(LINEST(bench!$A$2:$A$822,bench!$J$2:$AJ$822,TRUE,TRUE),2,15)",23.2456043431469
d02_oas_on_rating_duration_sector:coef_rating_B,coef_rating_B,"=INDEX(LINEST(bench!$A$2:$A$822,bench!$J$2:$AJ$822,TRUE,TRUE),1,14)",383.46654204476613
d02_oas_on_rating_duration_sector:se_rating_B,se_rating_B,"=INDEX(LINEST(bench!$A$2:$A$822,bench!$J$2:$AJ$822,TRUE,TRUE),2,14)",20.80567375768849
d02_oas_on_rating_duration_sector:coef_rating_B-,coef_rating_B-,"=INDEX(LINEST(bench!$A$2:$A$822,bench!$J$2:$AJ$822,TRUE,TRUE),1,13)",479.80045361796374
d02_oas_on_rating_duration_sector:se_rating_B-,se_rating_B-,"=INDEX(LINEST(bench!$A$2:$A$822,bench!$J$2:$AJ$822,TRUE,TRUE),2,13)",24.599576890377953
d02_oas_on_rating_duration_sector:coef_rating_CCC+,coef_rating_CCC+,"=INDEX(LINEST(bench!$A$2:$A$822,bench!$J$2:$AJ$822,TRUE,TRUE),1,12)",885.9943207822564
d02_oas_on_rating_duration_sector:se_rating_CCC+,se_rating_CCC+,"=INDEX(LINEST(bench!$A$2:$A$822,bench!$J$2:$AJ$822,TRUE,TRUE),2,12)",34.072231486937355
d02_oas_on_rating_duration_sector:coef_rating_CCC,coef_rating_CCC,"=INDEX(LINEST(bench!$A$2:$A$822,bench!$J$2:$AJ$822,TRUE,TRUE),1,11)",453.186457465521
d02_oas_on_rating_duration_sector:se_rating_CCC,se_rating_CCC,"=INDEX(LINEST(bench!$A$2:$A$822,bench!$J$2:$AJ$822,TRUE,TRUE),2,11)",61.44393171815759
d02_oas_on_rating_duration_sector:coef_duration,coef_duration,"=INDEX(LINEST(bench!$A$2:$A$822,bench!$J$2:$AJ$822,TRUE,TRUE),1,10)",2.4372762393729603
d02_oas_on_rating_duration_sector:se_duration,se_duration,"=INDEX(LINEST(bench!$A$2:$A$822,bench!$J$2:$AJ$822,TRUE,TRUE),2,10)",1.1282918274870082
d02_oas_on_rating_duration_sector:coef_sector_Energy,coef_sector_Energy,"=INDEX(LINEST(bench!$A$2:$A$822,bench!$J$2:$AJ$822,TRUE,TRUE),1,9)",-3.6139801421925295
d02_oas_on_rating_duration_sector:se_sector_Energy,se_sector_Energy,"=INDEX(LINEST(bench!$A$2:$A$822,bench!$J$2:$AJ$822,TRUE,TRUE),2,9)",16.35456491078231
d02_oas_on_rating_duration_sector:coef_sector_Financials,coef_sector_Financials,"=INDEX(LINEST(bench!$A$2:$A$822,bench!$J$2:$AJ$822,TRUE,TRUE),1,8)",-2.032776383740543
d02_oas_on_rating_duration_sector:se_sector_Financials,se_sector_Financials,"=INDEX(LINEST(bench!$A$2:$A$822,bench!$J$2:$AJ$822,TRUE,TRUE),2,8)",17.438189977979256
d02_oas_on_rating_duration_sector:coef_sector_Health Care,coef_sector_Health Care,"=INDEX(LINEST(bench!$A$2:$A$822,bench!$J$2:$AJ$822,TRUE,TRUE),1,7)",-9.340284358182954
d02_oas_on_rating_duration_sector:se_sector_Health Care,se_sector_Health Care,"=INDEX(LINEST(bench!$A$2:$A$822,bench!$J$2:$AJ$822,TRUE,TRUE),2,7)",17.72810453825701
d02_oas_on_rating_duration_sector:coef_sector_Industrials,coef_sector_Industrials,"=INDEX(LINEST(bench!$A$2:$A$822,bench!$J$2:$AJ$822,TRUE,TRUE),1,6)",-9.005526508072315
d02_oas_on_rating_duration_sector:se_sector_Industrials,se_sector_Industrials,"=INDEX(LINEST(bench!$A$2:$A$822,bench!$J$2:$AJ$822,TRUE,TRUE),2,6)",17.102010702816642
d02_oas_on_rating_duration_sector:coef_sector_Materials,coef_sector_Materials,"=INDEX(LINEST(bench!$A$2:$A$822,bench!$J$2:$AJ$822,TRUE,TRUE),1,5)",-29.788978692164637
d02_oas_on_rating_duration_sector:se_sector_Materials,se_sector_Materials,"=INDEX(LINEST(bench!$A$2:$A$822,bench!$J$2:$AJ$822,TRUE,TRUE),2,5)",16.553889553365266
d02_oas_on_rating_duration_sector:coef_sector_Technology,coef_sector_Technology,"=INDEX(LINEST(bench!$A$2:$A$822,bench!$J$2:$AJ$822,TRUE,TRUE),1,4)",-15.420493937078824
d02_oas_on_rating_duration_sector:se_sector_Technology,se_sector_Technology,"=INDEX(LINEST(bench!$A$2:$A$822,bench!$J$2:$AJ$822,TRUE,TRUE),2,4)",20.313920159790527
d02_oas_on_rating_duration_sector:coef_sector_Telecom,coef_sector_Telecom,"=INDEX(LINEST(bench!$A$2:$A$822,bench!$J$2:$AJ$822,TRUE,TRUE),1,3)",-30.55052951244357
d02_oas_on_rating_duration_sector:se_sector_Telecom,se_sector_Telecom,"=INDEX(LINEST(bench!$A$2:$A$822,bench!$J$2:$AJ$822,TRUE,TRUE),2,3)",16.96411099924756
d02_oas_on_rating_duration_sector:coef_sector_Transportation,coef_sector_Transportation,"=INDEX(LINEST(bench!$A$2:$A$822,bench!$J$2:$AJ$822,TRUE,TRUE),1,2)",-28.207745930812024
d02_oas_on_rating_duration_sector:se_sector_Transportation,se_sector_Transportation,"=INDEX(LINEST(bench!$A$2:$A$822,bench!$J$2:$AJ$822,TRUE,TRUE),2,2)",16.629278972446446
d02_oas_on_rating_duration_sector:coef_sector_Utilities,coef_sector_Utilities,"=INDEX(LINEST(bench!$A$2:$A$822,bench!$J$2:$AJ$822,TRUE,TRUE),1,1)",-7.551839210378653
d02_oas_on_rating_duration_sector:se_sector_Utilities,se_sector_Utilities,"=INDEX(LINEST(bench!$A$2:$A$822,bench!$J$2:$AJ$822,TRUE,TRUE),2,1)",16.846282195893078
d02_oas_on_rating_duration_sector:r2,r2,"=INDEX(LINEST(bench!$A$2:$A$822,bench!$J$2:$AJ$822,TRUE,TRUE),3,1)",0.706963005022126
d02_oas_on_rating_duration_sector:se_y,se_y,"=INDEX(LINEST(bench!$A$2:$A$822,bench!$J$2:$AJ$822,TRUE,TRUE),3,2)",102.12435520517253
d02_oas_on_rating_duration_sector:f,f,"=INDEX(LINEST(bench!$A$2:$A$822,bench!$J$2:$AJ$822,TRUE,TRUE),4,1)",70.8571465429395
d02_oas_on_rating_duration_sector:df_resid,df_resid,"=INDEX(LINEST(bench!$A$2:$A$822,bench!$J$2:$AJ$822,TRUE,TRUE),4,2)",793.0
d02_oas_on_rating_duration_sector:ss_reg,ss_reg,"=INDEX(LINEST(bench!$A$2:$A$822,bench!$J$2:$AJ$822,TRUE,TRUE),5,1)",19952902.40046154
d02_oas_on_rating_duration_sector:ss_resid,ss_resid,"=INDEX(LINEST(bench!$A$2:$A$822,bench!$J$2:$AJ$822,TRUE,TRUE),5,2)",8270501.453375295
d02_oas_on_rating_duration_sector:adj_r2,adj_r2,"=1-(1-INDEX(LINEST(bench!$A$2:$A$822,bench!$J$2:$AJ$822,TRUE,TRUE),3,1))*(ROWS(bench!$A$2:$A$822)-1)/(ROWS(bench!$A$2:$A$822)-27-1)",0.6969857050670154
d02_dummy_counts:count_rating_AAA,count_rating_AAA,=SUM(bench!J2:J822),12.0
d02_dummy_counts:count_rating_AA+,count_rating_AA+,=SUM(bench!K2:K822),4.0
d02_dummy_counts:count_rating_AA,count_rating_AA,=SUM(bench!L2:L822),5.0
d02_dummy_counts:count_rating_AA-,count_rating_AA-,=SUM(bench!M2:M822),18.0
d02_dummy_counts:count_rating_A+,count_rating_A+,=SUM(bench!N2:N822),69.0
d02_dummy_counts:count_rating_A-,count_rating_A-,=SUM(bench!O2:O822),104.0
d02_dummy_counts:count_rating_BBB+,count_rating_BBB+,=SUM(bench!P2:P822),81.0
d02_dummy_counts:count_rating_BBB,count_rating_BBB,=SUM(bench!Q2:Q822),71.0
d02_dummy_counts:count_rating_BBB-,count_rating_BBB-,=SUM(bench!R2:R822),99.0
d02_dummy_counts:count_rating_BB+,count_rating_BB+,=SUM(bench!S2:S822),86.0
d02_dummy_counts:count_rating_BB,count_rating_BB,=SUM(bench!T2:T822),49.0
d02_dummy_counts:count_rating_BB-,count_rating_BB-,=SUM(bench!U2:U822),40.0
d02_dummy_counts:count_rating_B+,count_rating_B+,=SUM(bench!V2:V822),28.0
d02_dummy_counts:count_rating_B,count_rating_B,=SUM(bench!W2:W822),38.0
d02_dummy_counts:count_rating_B-,count_rating_B-,=SUM(bench!X2:X822),25.0
d02_dummy_counts:count_rating_CCC+,count_rating_CCC+,=SUM(bench!Y2:Y822),12.0
d02_dummy_counts:count_rating_CCC,count_rating_CCC,=SUM(bench!Z2:Z822),3.0
d02_dummy_counts:count_sector_Energy,count_sector_Energy,=SUM(bench!AB2:AB822),89.0
d02_dummy_counts:count_sector_Financials,count_sector_Financials,=SUM(bench!AC2:AC822),86.0
d02_dummy_counts:count_sector_Health Care,count_sector_Health Care,=SUM(bench!AD2:AD822),67.0
d02_dummy_counts:count_sector_Industrials,count_sector_Industrials,=SUM(bench!AE2:AE822),79.0
d02_dummy_counts:count_sector_Materials,count_sector_Materials,=SUM(bench!AF2:AF822),97.0
d02_dummy_counts:count_sector_Technology,count_sector_Technology,=SUM(bench!AG2:AG822),47.0
d02_dummy_counts:count_sector_Telecom,count_sector_Telecom,=SUM(bench!AH2:AH822),96.0
d02_dummy_counts:count_sector_Transportation,count_sector_Transportation,=SUM(bench!AI2:AI822),90.0
d02_dummy_counts:count_sector_Utilities,count_sector_Utilities,=SUM(bench!AJ2:AJ822),92.0
d03_log_oas_on_score_duration_sector:coef_const,coef_const,"=INDEX(LINEST(bench!$G$2:$G$822,bench!$AL$2:$AV$822,TRUE,TRUE),1,12)",2.9175031363144353
d03_log_oas_on_score_duration_sector:se_const,se_const,"=INDEX(LINEST(bench!$G$2:$G$822,bench!$AL$2:$AV$822,TRUE,TRUE),2,12)",0.04367558843565748
d03_log_oas_on_score_duration_sector:coef_score,coef_score,"=INDEX(LINEST(bench!$G$2:$G$822,bench!$AL$2:$AV$822,TRUE,TRUE),1,11)",0.202090956192684
d03_log_oas_on_score_duration_sector:se_score,se_score,"=INDEX(LINEST(bench!$G$2:$G$822,bench!$AL$2:$AV$822,TRUE,TRUE),2,11)",0.002629558122917379
d03_log_oas_on_score_duration_sector:coef_duration,coef_duration,"=INDEX(LINEST(bench!$G$2:$G$822,bench!$AL$2:$AV$822,TRUE,TRUE),1,10)",0.0212315847286523
d03_log_oas_on_score_duration_sector:se_duration,se_duration,"=INDEX(LINEST(bench!$G$2:$G$822,bench!$AL$2:$AV$822,TRUE,TRUE),2,10)",0.0027621768253440664
d03_log_oas_on_score_duration_sector:coef_sector_Energy,coef_sector_Energy,"=INDEX(LINEST(bench!$G$2:$G$822,bench!$AL$2:$AV$822,TRUE,TRUE),1,9)",-0.03291586547536955
d03_log_oas_on_score_duration_sector:se_sector_Energy,se_sector_Energy,"=INDEX(LINEST(bench!$G$2:$G$822,bench!$AL$2:$AV$822,TRUE,TRUE),2,9)",0.03949696499757817
d03_log_oas_on_score_duration_sector:coef_sector_Financials,coef_sector_Financials,"=INDEX(LINEST(bench!$G$2:$G$822,bench!$AL$2:$AV$822,TRUE,TRUE),1,8)",0.035527978378113334
d03_log_oas_on_score_duration_sector:se_sector_Financials,se_sector_Financials,"=INDEX(LINEST(bench!$G$2:$G$822,bench!$AL$2:$AV$822,TRUE,TRUE),2,8)",0.03980226749824964
d03_log_oas_on_score_duration_sector:coef_sector_Health Care,coef_sector_Health Care,"=INDEX(LINEST(bench!$G$2:$G$822,bench!$AL$2:$AV$822,TRUE,TRUE),1,7)",-0.018422098424834492
d03_log_oas_on_score_duration_sector:se_sector_Health Care,se_sector_Health Care,"=INDEX(LINEST(bench!$G$2:$G$822,bench!$AL$2:$AV$822,TRUE,TRUE),2,7)",0.042579973517050076
d03_log_oas_on_score_duration_sector:coef_sector_Industrials,coef_sector_Industrials,"=INDEX(LINEST(bench!$G$2:$G$822,bench!$AL$2:$AV$822,TRUE,TRUE),1,6)",-0.03674090843657405
d03_log_oas_on_score_duration_sector:se_sector_Industrials,se_sector_Industrials,"=INDEX(LINEST(bench!$G$2:$G$822,bench!$AL$2:$AV$822,TRUE,TRUE),2,6)",0.04065067094230376
d03_log_oas_on_score_duration_sector:coef_sector_Materials,coef_sector_Materials,"=INDEX(LINEST(bench!$G$2:$G$822,bench!$AL$2:$AV$822,TRUE,TRUE),1,5)",-0.04830859654834553
d03_log_oas_on_score_duration_sector:se_sector_Materials,se_sector_Materials,"=INDEX(LINEST(bench!$G$2:$G$822,bench!$AL$2:$AV$822,TRUE,TRUE),2,5)",0.03874578745880886
d03_log_oas_on_score_duration_sector:coef_sector_Technology,coef_sector_Technology,"=INDEX(LINEST(bench!$G$2:$G$822,bench!$AL$2:$AV$822,TRUE,TRUE),1,4)",0.024270126782261873
d03_log_oas_on_score_duration_sector:se_sector_Technology,se_sector_Technology,"=INDEX(LINEST(bench!$G$2:$G$822,bench!$AL$2:$AV$822,TRUE,TRUE),2,4)",0.04721209462914014
d03_log_oas_on_score_duration_sector:coef_sector_Telecom,coef_sector_Telecom,"=INDEX(LINEST(bench!$G$2:$G$822,bench!$AL$2:$AV$822,TRUE,TRUE),1,3)",-0.0733720378339267
d03_log_oas_on_score_duration_sector:se_sector_Telecom,se_sector_Telecom,"=INDEX(LINEST(bench!$G$2:$G$822,bench!$AL$2:$AV$822,TRUE,TRUE),2,3)",0.038902224329566866
d03_log_oas_on_score_duration_sector:coef_sector_Transportation,coef_sector_Transportation,"=INDEX(LINEST(bench!$G$2:$G$822,bench!$AL$2:$AV$822,TRUE,TRUE),1,2)",-0.06288355028984363
d03_log_oas_on_score_duration_sector:se_sector_Transportation,se_sector_Transportation,"=INDEX(LINEST(bench!$G$2:$G$822,bench!$AL$2:$AV$822,TRUE,TRUE),2,2)",0.03943520742060435
d03_log_oas_on_score_duration_sector:coef_sector_Utilities,coef_sector_Utilities,"=INDEX(LINEST(bench!$G$2:$G$822,bench!$AL$2:$AV$822,TRUE,TRUE),1,1)",-0.006759585626798238
d03_log_oas_on_score_duration_sector:se_sector_Utilities,se_sector_Utilities,"=INDEX(LINEST(bench!$G$2:$G$822,bench!$AL$2:$AV$822,TRUE,TRUE),2,1)",0.03936971318622544
d03_log_oas_on_score_duration_sector:r2,r2,"=INDEX(LINEST(bench!$G$2:$G$822,bench!$AL$2:$AV$822,TRUE,TRUE),3,1)",0.881899618224283
d03_log_oas_on_score_duration_sector:se_y,se_y,"=INDEX(LINEST(bench!$G$2:$G$822,bench!$AL$2:$AV$822,TRUE,TRUE),3,2)",0.25449369743767947
d03_log_oas_on_score_duration_sector:f,f,"=INDEX(LINEST(bench!$G$2:$G$822,bench!$AL$2:$AV$822,TRUE,TRUE),4,1)",549.1913515482281
d03_log_oas_on_score_duration_sector:df_resid,df_resid,"=INDEX(LINEST(bench!$G$2:$G$822,bench!$AL$2:$AV$822,TRUE,TRUE),4,2)",809.0
d03_log_oas_on_score_duration_sector:ss_reg,ss_reg,"=INDEX(LINEST(bench!$G$2:$G$822,bench!$AL$2:$AV$822,TRUE,TRUE),5,1)",391.2644928638356
d03_log_oas_on_score_duration_sector:ss_resid,ss_resid,"=INDEX(LINEST(bench!$G$2:$G$822,bench!$AL$2:$AV$822,TRUE,TRUE),5,2)",52.396537006720436
d03_log_oas_on_score_duration_sector:p_const,p_const,"=T.DIST.2T(ABS(INDEX(LINEST(bench!$G$2:$G$822,bench!$AL$2:$AV$822,TRUE,TRUE),1,12)/INDEX(LINEST(bench!$G$2:$G$822,bench!$AL$2:$AV$822,TRUE,TRUE),2,12)),INDEX(LINEST(bench!$G$2:$G$822,bench!$AL$2:$AV$822,TRUE,TRUE),4,2))",0.0
d03_log_oas_on_score_duration_sector:ci_low_const,ci_low_const,"=INDEX(LINEST(bench!$G$2:$G$822,bench!$AL$2:$AV$822,TRUE,TRUE),1,12)-T.INV.2T(0.05,INDEX(LINEST(bench!$G$2:$G$822,bench!$AL$2:$AV$822,TRUE,TRUE),4,2))*INDEX(LINEST(bench!$G$2:$G$822,bench!$AL$2:$AV$822,TRUE,TRUE),2,12)",2.831772295295612
d03_log_oas_on_score_duration_sector:ci_high_const,ci_high_const,"=INDEX(LINEST(bench!$G$2:$G$822,bench!$AL$2:$AV$822,TRUE,TRUE),1,12)+T.INV.2T(0.05,INDEX(LINEST(bench!$G$2:$G$822,bench!$AL$2:$AV$822,TRUE,TRUE),4,2))*INDEX(LINEST(bench!$G$2:$G$822,bench!$AL$2:$AV$822,TRUE,TRUE),2,12)",3.0032339773332586
d03_log_oas_on_score_duration_sector:p_score,p_score,"=T.DIST.2T(ABS(INDEX(LINEST(bench!$G$2:$G$822,bench!$AL$2:$AV$822,TRUE,TRUE),1,11)/INDEX(LINEST(bench!$G$2:$G$822,bench!$AL$2:$AV$822,TRUE,TRUE),2,11)),INDEX(LINEST(bench!$G$2:$G$822,bench!$AL$2:$AV$822,TRUE,TRUE),4,2))",0.0
d03_log_oas_on_score_duration_sector:ci_low_score,ci_low_score,"=INDEX(LINEST(bench!$G$2:$G$822,bench!$AL$2:$AV$822,TRUE,TRUE),1,11)-T.INV.2T(0.05,INDEX(LINEST(bench!$G$2:$G$822,bench!$AL$2:$AV$822,TRUE,TRUE),4,2))*INDEX(LINEST(bench!$G$2:$G$822,bench!$AL$2:$AV$822,TRUE,TRUE),2,11)",0.1969293948386179
d03_log_oas_on_score_duration_sector:ci_high_score,ci_high_score,"=INDEX(LINEST(bench!$G$2:$G$822,bench!$AL$2:$AV$822,TRUE,TRUE),1,11)+T.INV.2T(0.05,INDEX(LINEST(bench!$G$2:$G$822,bench!$AL$2:$AV$822,TRUE,TRUE),4,2))*INDEX(LINEST(bench!$G$2:$G$822,bench!$AL$2:$AV$822,TRUE,TRUE),2,11)",0.2072525175467501
d03_log_oas_on_score_duration_sector:p_duration,p_duration,"=T.DIST.2T(ABS(INDEX(LINEST(bench!$G$2:$G$822,bench!$AL$2:$AV$822,TRUE,TRUE),1,10)/INDEX(LINEST(bench!$G$2:$G$822,bench!$AL$2:$AV$822,TRUE,TRUE),2,10)),INDEX(LINEST(bench!$G$2:$G$822,bench!$AL$2:$AV$822,TRUE,TRUE),4,2))",4.380299173140897e-14
d03_log_oas_on_score_duration_sector:ci_low_duration,ci_low_duration,"=INDEX(LINEST(bench!$G$2:$G$822,bench!$AL$2:$AV$822,TRUE,TRUE),1,10)-T.INV.2T(0.05,INDEX(LINEST(bench!$G$2:$G$822,bench!$AL$2:$AV$822,TRUE,TRUE),4,2))*INDEX(LINEST(bench!$G$2:$G$822,bench!$AL$2:$AV$822,TRUE,TRUE),2,10)",0.01580970603711945
d03_log_oas_on_score_duration_sector:ci_high_duration,ci_high_duration,"=INDEX(LINEST(bench!$G$2:$G$822,bench!$AL$2:$AV$822,TRUE,TRUE),1,10)+T.INV.2T(0.05,INDEX(LINEST(bench!$G$2:$G$822,bench!$AL$2:$AV$822,TRUE,TRUE),4,2))*INDEX(LINEST(bench!$G$2:$G$822,bench!$AL$2:$AV$822,TRUE,TRUE),2,10)",0.02665346342018515
d03_log_oas_on_score_duration_sector:p_sector_Energy,p_sector_Energy,"=T.DIST.2T(ABS(INDEX(LINEST(bench!$G$2:$G$822,bench!$AL$2:$AV$822,TRUE,TRUE),1,9)/INDEX(LINEST(bench!$G$2:$G$822,bench!$AL$2:$AV$822,TRUE,TRUE),2,9)),INDEX(LINEST(bench!$G$2:$G$822,bench!$AL$2:$AV$822,TRUE,TRUE),4,2))",0.4048780696312074
d03_log_oas_on_score_duration_sector:ci_low_sector_Energy,ci_low_sector_Energy,"=INDEX(LINEST(bench!$G$2:$G$822,bench!$AL$2:$AV$822,TRUE,TRUE),1,9)-T.INV.2T(0.05,INDEX(LINEST(bench!$G$2:$G$822,bench!$AL$2:$AV$822,TRUE,TRUE),4,2))*INDEX(LINEST(bench!$G$2:$G$822,bench!$AL$2:$AV$822,TRUE,TRUE),2,9)",-0.11044448382293423
d03_log_oas_on_score_duration_sector:ci_high_sector_Energy,ci_high_sector_Energy,"=INDEX(LINEST(bench!$G$2:$G$822,bench!$AL$2:$AV$822,TRUE,TRUE),1,9)+T.INV.2T(0.05,INDEX(LINEST(bench!$G$2:$G$822,bench!$AL$2:$AV$822,TRUE,TRUE),4,2))*INDEX(LINEST(bench!$G$2:$G$822,bench!$AL$2:$AV$822,TRUE,TRUE),2,9)",0.04461275287219513
d03_log_oas_on_score_duration_sector:p_sector_Financials,p_sector_Financials,"=T.DIST.2T(ABS(INDEX(LINEST(bench!$G$2:$G$822,bench!$AL$2:$AV$822,TRUE,TRUE),1,8)/INDEX(LINEST(bench!$G$2:$G$822,bench!$AL$2:$AV$822,TRUE,TRUE),2,8)),INDEX(LINEST(bench!$G$2:$G$822,bench!$AL$2:$AV$822,TRUE,TRUE),4,2))",0.37233046186083885
d03_log_oas_on_score_duration_sector:ci_low_sector_Financials,ci_low_sector_Financials,"=INDEX(LINEST(bench!$G$2:$G$822,bench!$AL$2:$AV$822,TRUE,TRUE),1,8)-T.INV.2T(0.05,INDEX(LINEST(bench!$G$2:$G$822,bench!$AL$2:$AV$822,TRUE,TRUE),4,2))*INDEX(LINEST(bench!$G$2:$G$822,bench!$AL$2:$AV$822,TRUE,TRUE),2,8)",-0.04259991844709049
d03_log_oas_on_score_duration_sector:ci_high_sector_Financials,ci_high_sector_Financials,"=INDEX(LINEST(bench!$G$2:$G$822,bench!$AL$2:$AV$822,TRUE,TRUE),1,8)+T.INV.2T(0.05,INDEX(LINEST(bench!$G$2:$G$822,bench!$AL$2:$AV$822,TRUE,TRUE),4,2))*INDEX(LINEST(bench!$G$2:$G$822,bench!$AL$2:$AV$822,TRUE,TRUE),2,8)",0.11365587520331716
d03_log_oas_on_score_duration_sector:p_sector_Health Care,p_sector_Health Care,"=T.DIST.2T(ABS(INDEX(LINEST(bench!$G$2:$G$822,bench!$AL$2:$AV$822,TRUE,TRUE),1,7)/INDEX(LINEST(bench!$G$2:$G$822,bench!$AL$2:$AV$822,TRUE,TRUE),2,7)),INDEX(LINEST(bench!$G$2:$G$822,bench!$AL$2:$AV$822,TRUE,TRUE),4,2))",0.6653865360847122
d03_log_oas_on_score_duration_sector:ci_low_sector_Health Care,ci_low_sector_Health Care,"=INDEX(LINEST(bench!$G$2:$G$822,bench!$AL$2:$AV$822,TRUE,TRUE),1,7)-T.INV.2T(0.05,INDEX(LINEST(bench!$G$2:$G$822,bench!$AL$2:$AV$822,TRUE,TRUE),4,2))*INDEX(LINEST(bench!$G$2:$G$822,bench!$AL$2:$AV$822,TRUE,TRUE),2,7)",-0.10200235620553241
d03_log_oas_on_score_duration_sector:ci_high_sector_Health Care,ci_high_sector_Health Care,"=INDEX(LINEST(bench!$G$2:$G$822,bench!$AL$2:$AV$822,TRUE,TRUE),1,7)+T.INV.2T(0.05,INDEX(LINEST(bench!$G$2:$G$822,bench!$AL$2:$AV$822,TRUE,TRUE),4,2))*INDEX(LINEST(bench!$G$2:$G$822,bench!$AL$2:$AV$822,TRUE,TRUE),2,7)",0.06515815935586344
d03_log_oas_on_score_duration_sector:p_sector_Industrials,p_sector_Industrials,"=T.DIST.2T(ABS(INDEX(LINEST(bench!$G$2:$G$822,bench!$AL$2:$AV$822,TRUE,TRUE),1,6)/INDEX(LINEST(bench!$G$2:$G$822,bench!$AL$2:$AV$822,TRUE,TRUE),2,6)),INDEX(LINEST(bench!$G$2:$G$822,bench!$AL$2:$AV$822,TRUE,TRUE),4,2))",0.3663596562287914
d03_log_oas_on_score_duration_sector:ci_low_sector_Industrials,ci_low_sector_Industrials,"=INDEX(LINEST(bench!$G$2:$G$822,bench!$AL$2:$AV$822,TRUE,TRUE),1,6)-T.INV.2T(0.05,INDEX(LINEST(bench!$G$2:$G$822,bench!$AL$2:$AV$822,TRUE,TRUE),4,2))*INDEX(LINEST(bench!$G$2:$G$822,bench!$AL$2:$AV$822,TRUE,TRUE),2,6)",-0.11653413693530937
d03_log_oas_on_score_duration_sector:ci_high_sector_Industrials,ci_high_sector_Industrials,"=INDEX(LINEST(bench!$G$2:$G$822,bench!$AL$2:$AV$822,TRUE,TRUE),1,6)+T.INV.2T(0.05,INDEX(LINEST(bench!$G$2:$G$822,bench!$AL$2:$AV$822,TRUE,TRUE),4,2))*INDEX(LINEST(bench!$G$2:$G$822,bench!$AL$2:$AV$822,TRUE,TRUE),2,6)",0.043052320062161274
d03_log_oas_on_score_duration_sector:p_sector_Materials,p_sector_Materials,"=T.DIST.2T(ABS(INDEX(LINEST(bench!$G$2:$G$822,bench!$AL$2:$AV$822,TRUE,TRUE),1,5)/INDEX(LINEST(bench!$G$2:$G$822,bench!$AL$2:$AV$822,TRUE,TRUE),2,5)),INDEX(LINEST(bench!$G$2:$G$822,bench!$AL$2:$AV$822,TRUE,TRUE),4,2))",0.21282839763166772
d03_log_oas_on_score_duration_sector:ci_low_sector_Materials,ci_low_sector_Materials,"=INDEX(LINEST(bench!$G$2:$G$822,bench!$AL$2:$AV$822,TRUE,TRUE),1,5)-T.INV.2T(0.05,INDEX(LINEST(bench!$G$2:$G$822,bench!$AL$2:$AV$822,TRUE,TRUE),4,2))*INDEX(LINEST(bench!$G$2:$G$822,bench!$AL$2:$AV$822,TRUE,TRUE),2,5)",-0.124362728015258
d03_log_oas_on_score_duration_sector:ci_high_sector_Materials,ci_high_sector_Materials,"=INDEX(LINEST(bench!$G$2:$G$822,bench!$AL$2:$AV$822,TRUE,TRUE),1,5)+T.INV.2T(0.05,INDEX(LINEST(bench!$G$2:$G$822,bench!$AL$2:$AV$822,TRUE,TRUE),4,2))*INDEX(LINEST(bench!$G$2:$G$822,bench!$AL$2:$AV$822,TRUE,TRUE),2,5)",0.027745534918566933
d03_log_oas_on_score_duration_sector:p_sector_Technology,p_sector_Technology,"=T.DIST.2T(ABS(INDEX(LINEST(bench!$G$2:$G$822,bench!$AL$2:$AV$822,TRUE,TRUE),1,4)/INDEX(LINEST(bench!$G$2:$G$822,bench!$AL$2:$AV$822,TRUE,TRUE),2,4)),INDEX(LINEST(bench!$G$2:$G$822,bench!$AL$2:$AV$822,TRUE,TRUE),4,2))",0.6073463188864742
d03_log_oas_on_score_duration_sector:ci_low_sector_Technology,ci_low_sector_Technology,"=INDEX(LINEST(bench!$G$2:$G$822,bench!$AL$2:$AV$822,TRUE,TRUE),1,4)-T.INV.2T(0.05,INDEX(LINEST(bench!$G$2:$G$822,bench!$AL$2:$AV$822,TRUE,TRUE),4,2))*INDEX(LINEST(bench!$G$2:$G$822,bench!$AL$2:$AV$822,TRUE,TRUE),2,4)",-0.0684025245497114
d03_log_oas_on_score_duration_sector:ci_high_sector_Technology,ci_high_sector_Technology,"=INDEX(LINEST(bench!$G$2:$G$822,bench!$AL$2:$AV$822,TRUE,TRUE),1,4)+T.INV.2T(0.05,INDEX(LINEST(bench!$G$2:$G$822,bench!$AL$2:$AV$822,TRUE,TRUE),4,2))*INDEX(LINEST(bench!$G$2:$G$822,bench!$AL$2:$AV$822,TRUE,TRUE),2,4)",0.11694277811423513
d03_log_oas_on_score_duration_sector:p_sector_Telecom,p_sector_Telecom,"=T.DIST.2T(ABS(INDEX(LINEST(bench!$G$2:$G$822,bench!$AL$2:$AV$822,TRUE,TRUE),1,3)/INDEX(LINEST(bench!$G$2:$G$822,bench!$AL$2:$AV$822,TRUE,TRUE),2,3)),INDEX(LINEST(bench!$G$2:$G$822,bench!$AL$2:$AV$822,TRUE,TRUE),4,2))",0.05964448351657215
d03_log_oas_on_score_duration_sector:ci_low_sector_Telecom,ci_low_sector_Telecom,"=INDEX(LINEST(bench!$G$2:$G$822,bench!$AL$2:$AV$822,TRUE,TRUE),1,3)-T.INV.2T(0.05,INDEX(LINEST(bench!$G$2:$G$822,bench!$AL$2:$AV$822,TRUE,TRUE),4,2))*INDEX(LINEST(bench!$G$2:$G$822,bench!$AL$2:$AV$822,TRUE,TRUE),2,3)",-0.14973323933645402
d03_log_oas_on_score_duration_sector:ci_high_sector_Telecom,ci_high_sector_Telecom,"=INDEX(LINEST(bench!$G$2:$G$822,bench!$AL$2:$AV$822,TRUE,TRUE),1,3)+T.INV.2T(0.05,INDEX(LINEST(bench!$G$2:$G$822,bench!$AL$2:$AV$822,TRUE,TRUE),4,2))*INDEX(LINEST(bench!$G$2:$G$822,bench!$AL$2:$AV$822,TRUE,TRUE),2,3)",0.0029891636686006084
d03_log_oas_on_score_duration_sector:p_sector_Transportation,p_sector_Transportation,"=T.DIST.2T(ABS(INDEX(LINEST(bench!$G$2:$G$822,bench!$AL$2:$AV$822,TRUE,TRUE),1,2)/INDEX(LINEST(bench!$G$2:$G$822,bench!$AL$2:$AV$822,TRUE,TRUE),2,2)),INDEX(LINEST(bench!$G$2:$G$822,bench!$AL$2:$AV$822,TRUE,TRUE),4,2))",0.11119132626878787
d03_log_oas_on_score_duration_sector:ci_low_sector_Transportation,ci_low_sector_Transportation,"=INDEX(LINEST(bench!$G$2:$G$822,bench!$AL$2:$AV$822,TRUE,TRUE),1,2)-T.INV.2T(0.05,INDEX(LINEST(bench!$G$2:$G$822,bench!$AL$2:$AV$822,TRUE,TRUE),4,2))*INDEX(LINEST(bench!$G$2:$G$822,bench!$AL$2:$AV$822,TRUE,TRUE),2,2)",-0.14029094464929764
d03_log_oas_on_score_duration_sector:ci_high_sector_Transportation,ci_high_sector_Transportation,"=INDEX(LINEST(bench!$G$2:$G$822,bench!$AL$2:$AV$822,TRUE,TRUE),1,2)+T.INV.2T(0.05,INDEX(LINEST(bench!$G$2:$G$822,bench!$AL$2:$AV$822,TRUE,TRUE),4,2))*INDEX(LINEST(bench!$G$2:$G$822,bench!$AL$2:$AV$822,TRUE,TRUE),2,2)",0.014523844069610381
d03_log_oas_on_score_duration_sector:p_sector_Utilities,p_sector_Utilities,"=T.DIST.2T(ABS(INDEX(LINEST(bench!$G$2:$G$822,bench!$AL$2:$AV$822,TRUE,TRUE),1,1)/INDEX(LINEST(bench!$G$2:$G$822,bench!$AL$2:$AV$822,TRUE,TRUE),2,1)),INDEX(LINEST(bench!$G$2:$G$822,bench!$AL$2:$AV$822,TRUE,TRUE),4,2))",0.8637202000439902
d03_log_oas_on_score_duration_sector:ci_low_sector_Utilities,ci_low_sector_Utilities,"=INDEX(LINEST(bench!$G$2:$G$822,bench!$AL$2:$AV$822,TRUE,TRUE),1,1)-T.INV.2T(0.05,INDEX(LINEST(bench!$G$2:$G$822,bench!$AL$2:$AV$822,TRUE,TRUE),4,2))*INDEX(LINEST(bench!$G$2:$G$822,bench!$AL$2:$AV$822,TRUE,TRUE),2,1)",-0.08403842131088467
d03_log_oas_on_score_duration_sector:ci_high_sector_Utilities,ci_high_sector_Utilities,"=INDEX(LINEST(bench!$G$2:$G$822,bench!$AL$2:$AV$822,TRUE,TRUE),1,1)+T.INV.2T(0.05,INDEX(LINEST(bench!$G$2:$G$822,bench!$AL$2:$AV$822,TRUE,TRUE),4,2))*INDEX(LINEST(bench!$G$2:$G$822,bench!$AL$2:$AV$822,TRUE,TRUE),2,1)",0.0705192500572882
d03_vif:vif_rsq_score,vif_rsq_score,"=INDEX(LINEST(CHOOSECOLS(bench!$AL$2:$AV$822,1),CHOOSECOLS(bench!$AL$2:$AV$822,2,3,4,5,6,7,8,9,10,11),TRUE,TRUE),3,1)",0.03089083972201302
d03_vif:vif_score,vif_score,"=1/(1-INDEX(LINEST(CHOOSECOLS(bench!$AL$2:$AV$822,1),CHOOSECOLS(bench!$AL$2:$AV$822,2,3,4,5,6,7,8,9,10,11),TRUE,TRUE),3,1))",1.0318755007053613
d03_vif:vif_rsq_duration,vif_rsq_duration,"=INDEX(LINEST(CHOOSECOLS(bench!$AL$2:$AV$822,2),CHOOSECOLS(bench!$AL$2:$AV$822,1,3,4,5,6,7,8,9,10,11),TRUE,TRUE),3,1)",0.02176556721865018
d03_vif:vif_duration,vif_duration,"=1/(1-INDEX(LINEST(CHOOSECOLS(bench!$AL$2:$AV$822,2),CHOOSECOLS(bench!$AL$2:$AV$822,1,3,4,5,6,7,8,9,10,11),TRUE,TRUE),3,1))",1.022249847776024
d03_vif:vif_rsq_sector_Energy,vif_rsq_sector_Energy,"=INDEX(LINEST(CHOOSECOLS(bench!$AL$2:$AV$822,3),CHOOSECOLS(bench!$AL$2:$AV$822,1,2,4,5,6,7,8,9,10,11),TRUE,TRUE),3,1)",0.4767988593769418
d03_vif:vif_sector_Energy,vif_sector_Energy,"=1/(1-INDEX(LINEST(CHOOSECOLS(bench!$AL$2:$AV$822,3),CHOOSECOLS(bench!$AL$2:$AV$822,1,2,4,5,6,7,8,9,10,11),TRUE,TRUE),3,1))",1.911310817879988
d03_vif:vif_rsq_sector_Financials,vif_rsq_sector_Financials,"=INDEX(LINEST(CHOOSECOLS(bench!$AL$2:$AV$822,4),CHOOSECOLS(bench!$AL$2:$AV$822,1,2,3,5,6,7,8,9,10,11),TRUE,TRUE),3,1)",0.4689984345319337
d03_vif:vif_sector_Financials,vif_sector_Financials,"=1/(1-INDEX(LINEST(CHOOSECOLS(bench!$AL$2:$AV$822,4),CHOOSECOLS(bench!$AL$2:$AV$822,1,2,3,5,6,7,8,9,10,11),TRUE,TRUE),3,1))",1.8832336193180934
d03_vif:vif_rsq_sector_Health Care,vif_rsq_sector_Health Care,"=INDEX(LINEST(CHOOSECOLS(bench!$AL$2:$AV$822,5),CHOOSECOLS(bench!$AL$2:$AV$822,1,2,3,4,6,7,8,9,10,11),TRUE,TRUE),3,1)",0.41944910691707243
d03_vif:vif_sector_Health Care,vif_sector_Health Care,"=1/(1-INDEX(LINEST(CHOOSECOLS(bench!$AL$2:$AV$822,5),CHOOSECOLS(bench!$AL$2:$AV$822,1,2,3,4,6,7,8,9,10,11),TRUE,TRUE),3,1))",1.7225018717819063
d03_vif:vif_rsq_sector_Industrials,vif_rsq_sector_Industrials,"=INDEX(LINEST(CHOOSECOLS(bench!$AL$2:$AV$822,6),CHOOSECOLS(bench!$AL$2:$AV$822,1,2,3,4,5,7,8,9,10,11),TRUE,TRUE),3,1)",0.4510525305967763
d03_vif:vif_sector_Industrials,vif_sector_Industrials,"=1/(1-INDEX(LINEST(CHOOSECOLS(bench!$AL$2:$AV$822,6),CHOOSECOLS(bench!$AL$2:$AV$822,1,2,3,4,5,7,8,9,10,11),TRUE,TRUE),3,1))",1.8216679295145093
d03_vif:vif_rsq_sector_Materials,vif_rsq_sector_Materials,"=INDEX(LINEST(CHOOSECOLS(bench!$AL$2:$AV$822,7),CHOOSECOLS(bench!$AL$2:$AV$822,1,2,3,4,5,6,8,9,10,11),TRUE,TRUE),3,1)",0.49564313568092877
d03_vif:vif_sector_Materials,vif_sector_Materials,"=1/(1-INDEX(LINEST(CHOOSECOLS(bench!$AL$2:$AV$822,7),CHOOSECOLS(bench!$AL$2:$AV$822,1,2,3,4,5,6,8,9,10,11),TRUE,TRUE),3,1))",1.9827230890375473
d03_vif:vif_rsq_sector_Technology,vif_rsq_sector_Technology,"=INDEX(LINEST(CHOOSECOLS(bench!$AL$2:$AV$822,8),CHOOSECOLS(bench!$AL$2:$AV$822,1,2,3,4,5,6,7,9,10,11),TRUE,TRUE),3,1)",0.34422951866736884
d03_vif:vif_sector_Technology,vif_sector_Technology,"=1/(1-INDEX(LINEST(CHOOSECOLS(bench!$AL$2:$AV$822,8),CHOOSECOLS(bench!$AL$2:$AV$822,1,2,3,4,5,6,7,9,10,11),TRUE,TRUE),3,1))",1.5249237781606746
d03_vif:vif_rsq_sector_Telecom,vif_rsq_sector_Telecom,"=INDEX(LINEST(CHOOSECOLS(bench!$AL$2:$AV$822,9),CHOOSECOLS(bench!$AL$2:$AV$822,1,2,3,4,5,6,7,8,10,11),TRUE,TRUE),3,1)",0.4951770240708549
d03_vif:vif_sector_Telecom,vif_sector_Telecom,"=1/(1-INDEX(LINEST(CHOOSECOLS(bench!$AL$2:$AV$822,9),CHOOSECOLS(bench!$AL$2:$AV$822,1,2,3,4,5,6,7,8,10,11),TRUE,TRUE),3,1))",1.9808924072036607
d03_vif:vif_rsq_sector_Transportation,vif_rsq_sector_Transportation,"=INDEX(LINEST(CHOOSECOLS(bench!$AL$2:$AV$822,10),CHOOSECOLS(bench!$AL$2:$AV$822,1,2,3,4,5,6,7,8,9,11),TRUE,TRUE),3,1)",0.480280424902737
d03_vif:vif_sector_Transportation,vif_sector_Transportation,"=1/(1-INDEX(LINEST(CHOOSECOLS(bench!$AL$2:$AV$822,10),CHOOSECOLS(bench!$AL$2:$AV$822,1,2,3,4,5,6,7,8,9,11),TRUE,TRUE),3,1))",1.924114556995193
d03_vif:vif_rsq_sector_Utilities,vif_rsq_sector_Utilities,"=INDEX(LINEST(CHOOSECOLS(bench!$AL$2:$AV$822,11),CHOOSECOLS(bench!$AL$2:$AV$822,1,2,3,4,5,6,7,8,9,10),TRUE,TRUE),3,1)",0.4884861910083385
d03_vif:vif_sector_Utilities,vif_sector_Utilities,"=1/(1-INDEX(LINEST(CHOOSECOLS(bench!$AL$2:$AV$822,11),CHOOSECOLS(bench!$AL$2:$AV$822,1,2,3,4,5,6,7,8,9,10),TRUE,TRUE),3,1))",1.9549814343649548
d04_log_oas_on_rating_duration_sector:coef_const,coef_const,"=INDEX(LINEST(bench!$G$2:$G$822,bench!$J$2:$AJ$822,TRUE,TRUE),1,28)",4.218220460645365
d04_log_oas_on_rating_duration_sector:se_const,se_const,"=INDEX(LINEST(bench!$G$2:$G$822,bench!$J$2:$AJ$822,TRUE,TRUE),2,28)",0.04661633562235833
d04_log_oas_on_rating_duration_sector:coef_rating_AAA,coef_rating_AAA,"=INDEX(LINEST(bench!$G$2:$G$822,bench!$J$2:$AJ$822,TRUE,TRUE),1,27)",-1.1029373517637826
d04_log_oas_on_rating_duration_sector:se_rating_AAA,se_rating_AAA,"=INDEX(LINEST(bench!$G$2:$G$822,bench!$J$2:$AJ$822,TRUE,TRUE),2,27)",0.082257764113986
d04_log_oas_on_rating_duration_sector:coef_rating_AA+,coef_rating_AA+,"=INDEX(LINEST(bench!$G$2:$G$822,bench!$J$2:$AJ$822,TRUE,TRUE),1,26)",-0.6868827156349987
d04_log_oas_on_rating_duration_sector:se_rating_AA+,se_rating_AA+,"=INDEX(LINEST(bench!$G$2:$G$822,bench!$J$2:$AJ$822,TRUE,TRUE),2,26)",0.12990415396112945
d04_log_oas_on_rating_duration_sector:coef_rating_AA,coef_rating_AA,"=INDEX(LINEST(bench!$G$2:$G$822,bench!$J$2:$AJ$822,TRUE,TRUE),1,25)",-0.871050026807334
d04_log_oas_on_rating_duration_sector:se_rating_AA,se_rating_AA,"=INDEX(LINEST(bench!$G$2:$G$822,bench!$J$2:$AJ$822,TRUE,TRUE),2,25)",0.12050350107282863
d04_log_oas_on_rating_duration_sector:coef_rating_AA-,coef_rating_AA-,"=INDEX(LINEST(bench!$G$2:$G$822,bench!$J$2:$AJ$822,TRUE,TRUE),1,24)",-0.45415286404030064
d04_log_oas_on_rating_duration_sector:se_rating_AA-,se_rating_AA-,"=INDEX(LINEST(bench!$G$2:$G$822,bench!$J$2:$AJ$822,TRUE,TRUE),2,24)",0.06647928692661324
d04_log_oas_on_rating_duration_sector:coef_rating_A+,coef_rating_A+,"=INDEX(LINEST(bench!$G$2:$G$822,bench!$J$2:$AJ$822,TRUE,TRUE),1,23)",-0.2773486355155503
d04_log_oas_on_rating_duration_sector:se_rating_A+,se_rating_A+,"=INDEX(LINEST(bench!$G$2:$G$822,bench!$J$2:$AJ$822,TRUE,TRUE),2,23)",0.042895152514894355
d04_log_oas_on_rating_duration_sector:coef_rating_A-,coef_rating_A-,"=INDEX(LINEST(bench!$G$2:$G$822,bench!$J$2:$AJ$822,TRUE,TRUE),1,22)",0.17696005509749746
d04_log_oas_on_rating_duration_sector:se_rating_A-,se_rating_A-,"=INDEX(LINEST(bench!$G$2:$G$822,bench!$J$2:$AJ$822,TRUE,TRUE),2,22)",0.04051803550451692
d04_log_oas_on_rating_duration_sector:coef_rating_BBB+,coef_rating_BBB+,"=INDEX(LINEST(bench!$G$2:$G$822,bench!$J$2:$AJ$822,TRUE,TRUE),1,21)",0.2828115233115518
d04_log_oas_on_rating_duration_sector:se_rating_BBB+,se_rating_BBB+,"=INDEX(LINEST(bench!$G$2:$G$822,bench!$J$2:$AJ$822,TRUE,TRUE),2,21)",0.04486196021638967
d04_log_oas_on_rating_duration_sector:coef_rating_BBB,coef_rating_BBB,"=INDEX(LINEST(bench!$G$2:$G$822,bench!$J$2:$AJ$822,TRUE,TRUE),1,20)",0.4935881973628784
d04_log_oas_on_rating_duration_sector:se_rating_BBB,se_rating_BBB,"=INDEX(LINEST(bench!$G$2:$G$822,bench!$J$2:$AJ$822,TRUE,TRUE),2,20)",0.04398521024716739
d04_log_oas_on_rating_duration_sector:coef_rating_BBB-,coef_rating_BBB-,"=INDEX(LINEST(bench!$G$2:$G$822,bench!$J$2:$AJ$822,TRUE,TRUE),1,19)",0.7177723399855671
d04_log_oas_on_rating_duration_sector:se_rating_BBB-,se_rating_BBB-,"=INDEX(LINEST(bench!$G$2:$G$822,bench!$J$2:$AJ$822,TRUE,TRUE),2,19)",0.04066210664410953
d04_log_oas_on_rating_duration_sector:coef_rating_BB+,coef_rating_BB+,"=INDEX(LINEST(bench!$G$2:$G$822,bench!$J$2:$AJ$822,TRUE,TRUE),1,18)",0.9387284509433561
d04_log_oas_on_rating_duration_sector:se_rating_BB+,se_rating_BB+,"=INDEX(LINEST(bench!$G$2:$G$822,bench!$J$2:$AJ$822,TRUE,TRUE),2,18)",0.04288821320003258
d04_log_oas_on_rating_duration_sector:coef_rating_BB,coef_rating_BB,"=INDEX(LINEST(bench!$G$2:$G$822,bench!$J$2:$AJ$822,TRUE,TRUE),1,17)",1.1265331845042235
d04_log_oas_on_rating_duration_sector:se_rating_BB,se_rating_BB,"=INDEX(LINEST(bench!$G$2:$G$822,bench!$J$2:$AJ$822,TRUE,TRUE),2,17)",0.04751380577849293
d04_log_oas_on_rating_duration_sector:coef_rating_BB-,coef_rating_BB-,"=INDEX(LINEST(bench!$G$2:$G$822,bench!$J$2:$AJ$822,TRUE,TRUE),1,16)",1.3454762996423468
d04_log_oas_on_rating_duration_sector:se_rating_BB-,se_rating_BB-,"=INDEX(LINEST(bench!$G$2:$G$822,bench!$J$2:$AJ$822,TRUE,TRUE),2,16)",0.052143525042531384
d04_log_oas_on_rating_duration_sector:coef_rating_B+,coef_rating_B+,"=INDEX(LINEST(bench!$G$2:$G$822,bench!$J$2:$AJ$822,TRUE,TRUE),1,15)",1.5148593495078009
d04_log_oas_on_rating_duration_sector:se_rating_B+,se_rating_B+,"=INDEX(LINEST(bench!$G$2:$G$822,bench!$J$2:$AJ$822,TRUE,TRUE),2,15)",0.05668459716690219
d04_log_oas_on_rating_duration_sector:coef_rating_B,coef_rating_B,"=INDEX(LINEST(bench!$G$2:$G$822,bench!$J$2:$AJ$822,TRUE,TRUE),1,14)",1.7265296439773032
d04_log_oas_on_rating_duration_sector:se_rating_B,se_rating_B,"=INDEX(LINEST(bench!$G$2:$G$822,bench!$J$2:$AJ$822,TRUE,TRUE),2,14)",0.050734806388815216
d04_log_oas_on_rating_duration_sector:coef_rating_B-,coef_rating_B-,"=INDEX(LINEST(bench!$G$2:$G$822,bench!$J$2:$AJ$822,TRUE,TRUE),1,13)",1.9776030414855357
d04_log_oas_on_rating_duration_sector:se_rating_B-,se_rating_B-,"=INDEX(LINEST(bench!$G$2:$G$822,bench!$J$2:$AJ$822,TRUE,TRUE),2,13)",0.05998627034699584
d04_log_oas_on_rating_duration_sector:coef_rating_CCC+,coef_rating_CCC+,"=INDEX(LINEST(bench!$G$2:$G$822,bench!$J$2:$AJ$822,TRUE,TRUE),1,12)",2.5128431804686215
d04_log_oas_on_rating_duration_sector:se_rating_CCC+,se_rating_CCC+,"=INDEX(LINEST(bench!$G$2:$G$822,bench!$J$2:$AJ$822,TRUE,TRUE),2,12)",0.08308541640406425
d04_log_oas_on_rating_duration_sector:coef_rating_CCC,coef_rating_CCC,"=INDEX(LINEST(bench!$G$2:$G$822,bench!$J$2:$AJ$822,TRUE,TRUE),1,11)",1.9651764441239232
d04_log_oas_on_rating_duration_sector:se_rating_CCC,se_rating_CCC,"=INDEX(LINEST(bench!$G$2:$G$822,bench!$J$2:$AJ$822,TRUE,TRUE),2,11)",0.14983153229230703
d04_log_oas_on_rating_duration_sector:coef_duration,coef_duration,"=INDEX(LINEST(bench!$G$2:$G$822,bench!$J$2:$AJ$822,TRUE,TRUE),1,10)",0.02173032973552453
d04_log_oas_on_rating_duration_sector:se_duration,se_duration,"=INDEX(LINEST(bench!$G$2:$G$822,bench!$J$2:$AJ$822,TRUE,TRUE),2,10)",0.0027513488908996347
d04_log_oas_on_rating_duration_sector:coef_sector_Energy,coef_sector_Energy,"=INDEX(LINEST(bench!$G$2:$G$822,bench!$J$2:$AJ$822,TRUE,TRUE),1,9)",-0.042347695529356716
d04_log_oas_on_rating_duration_sector:se_sector_Energy,se_sector_Energy,"=INDEX(LINEST(bench!$G$2:$G$822,bench!$J$2:$AJ$822,TRUE,TRUE),2,9)",0.039880740897190556
d04_log_oas_on_rating_duration_sector:coef_sector_Financials,coef_sector_Financials,"=INDEX(LINEST(bench!$G$2:$G$822,bench!$J$2:$AJ$822,TRUE,TRUE),1,8)",0.01431984846460559
d04_log_oas_on_rating_duration_sector:se_sector_Financials,se_sector_Financials,"=INDEX(LINEST(bench!$G$2:$G$822,bench!$J$2:$AJ$822,TRUE,TRUE),2,8)",0.0425231695261595
d04_log_oas_on_rating_duration_sector:coef_sector_Health Care,coef_sector_Health Care,"=INDEX(LINEST(bench!$G$2:$G$822,bench!$J$2:$AJ$822,TRUE,TRUE),1,7)",-0.047795145103980384
d04_log_oas_on_rating_duration_sector:se_sector_Health Care,se_sector_Health Care,"=INDEX(LINEST(bench!$G$2:$G$822,bench!$J$2:$AJ$822,TRUE,TRUE),2,7)",0.04323012856321327
d04_log_oas_on_rating_duration_sector:coef_sector_Industrials,coef_sector_Industrials,"=INDEX(LINEST(bench!$G$2:$G$822,bench!$J$2:$AJ$822,TRUE,TRUE),1,6)",-0.04082241793862605
d04_log_oas_on_rating_duration_sector:se_sector_Industrials,se_sector_Industrials,"=INDEX(LINEST(bench!$G$2:$G$822,bench!$J$2:$AJ$822,TRUE,TRUE),2,6)",0.04170339360176749
d04_log_oas_on_rating_duration_sector:coef_sector_Materials,coef_sector_Materials,"=INDEX(LINEST(bench!$G$2:$G$822,bench!$J$2:$AJ$822,TRUE,TRUE),1,5)",-0.07468095563933844
d04_log_oas_on_rating_duration_sector:se_sector_Materials,se_sector_Materials,"=INDEX(LINEST(bench!$G$2:$G$822,bench!$J$2:$AJ$822,TRUE,TRUE),2,5)",0.040366795675696766
d04_log_oas_on_rating_duration_sector:coef_sector_Technology,coef_sector_Technology,"=INDEX(LINEST(bench!$G$2:$G$822,bench!$J$2:$AJ$822,TRUE,TRUE),1,4)",-0.027463940787617835
d04_log_oas_on_rating_duration_sector:se_sector_Technology,se_sector_Technology,"=INDEX(LINEST(bench!$G$2:$G$822,bench!$J$2:$AJ$822,TRUE,TRUE),2,4)",0.04953566120029967
d04_log_oas_on_rating_duration_sector:coef_sector_Telecom,coef_sector_Telecom,"=INDEX(LINEST(bench!$G$2:$G$822,bench!$J$2:$AJ$822,TRUE,TRUE),1,3)",-0.09480439933499357
d04_log_oas_on_rating_duration_sector:se_sector_Telecom,se_sector_Telecom,"=INDEX(LINEST(bench!$G$2:$G$822,bench!$J$2:$AJ$822,TRUE,TRUE),2,3)",0.041367124041688144
d04_log_oas_on_rating_duration_sector:coef_sector_Transportation,coef_sector_Transportation,"=INDEX(LINEST(bench!$G$2:$G$822,bench!$J$2:$AJ$822,TRUE,TRUE),1,2)",-0.09039415088525306
d04_log_oas_on_rating_duration_sector:se_sector_Transportation,se_sector_Transportation,"=INDEX(LINEST(bench!$G$2:$G$822,bench!$J$2:$AJ$822,TRUE,TRUE),2,2)",0.040550633393494094
d04_log_oas_on_rating_duration_sector:coef_sector_Utilities,coef_sector_Utilities,"=INDEX(LINEST(bench!$G$2:$G$822,bench!$J$2:$AJ$822,TRUE,TRUE),1,1)",-0.05474116894808199
d04_log_oas_on_rating_duration_sector:se_sector_Utilities,se_sector_Utilities,"=INDEX(LINEST(bench!$G$2:$G$822,bench!$J$2:$AJ$822,TRUE,TRUE),2,1)",0.04107979753667619
d04_log_oas_on_rating_duration_sector:r2,r2,"=INDEX(LINEST(bench!$G$2:$G$822,bench!$J$2:$AJ$822,TRUE,TRUE),3,1)",0.8891517080436505
d04_log_oas_on_rating_duration_sector:se_y,se_y,"=INDEX(LINEST(bench!$G$2:$G$822,bench!$J$2:$AJ$822,TRUE,TRUE),3,2)",0.24903107917869516
d04_log_oas_on_rating_duration_sector:f,f,"=INDEX(LINEST(bench!$G$2:$G$822,bench!$J$2:$AJ$822,TRUE,TRUE),4,1)",235.58969218012894
d04_log_oas_on_rating_duration_sector:df_resid,df_resid,"=INDEX(LINEST(bench!$G$2:$G$822,bench!$J$2:$AJ$822,TRUE,TRUE),4,2)",793.0
d04_log_oas_on_rating_duration_sector:ss_reg,ss_reg,"=INDEX(LINEST(bench!$G$2:$G$822,bench!$J$2:$AJ$822,TRUE,TRUE),5,1)",394.48196250180996
d04_log_oas_on_rating_duration_sector:ss_resid,ss_resid,"=INDEX(LINEST(bench!$G$2:$G$822,bench!$J$2:$AJ$822,TRUE,TRUE),5,2)",49.17906736874609
d04_breusch_pagan_oas_model:lm,lm,"=ROWS(bench!$BC$2:$BC$822)*INDEX(LINEST(bench!$BC$2:$BC$822,bench!$J$2:$AJ$822,TRUE,TRUE),3,1)",56.80467020154961
d04_breusch_pagan_oas_model:lm_pvalue,lm_pvalue,"=CHISQ.DIST.RT(ROWS(bench!$BC$2:$BC$822)*INDEX(LINEST(bench!$BC$2:$BC$822,bench!$J$2:$AJ$822,TRUE,TRUE),3,1),COLUMNS(bench!$J$2:$AJ$822))",0.0006809077086507799
d04_breusch_pagan_log_oas_model:lm,lm,"=ROWS(bench!$BF$2:$BF$822)*INDEX(LINEST(bench!$BF$2:$BF$822,bench!$J$2:$AJ$822,TRUE,TRUE),3,1)",43.1276105152671
d04_breusch_pagan_log_oas_model:lm_pvalue,lm_pvalue,"=CHISQ.DIST.RT(ROWS(bench!$BF$2:$BF$822)*INDEX(LINEST(bench!$BF$2:$BF$822,bench!$J$2:$AJ$822,TRUE,TRUE),3,1),COLUMNS(bench!$J$2:$AJ$822))",0.025393314083585646
d04_qq_log_oas_model:theoretical_at_min_residual,theoretical_at_min_residual,"=NORM.S.INV((RANK.EQ(MIN(bench!$BG$2:$BG$822),bench!$BG$2:$BG$822,1)-0.5)/COUNT(bench!$BG$2:$BG$822))",-3.2346247918130038
d04_qq_log_oas_model:theoretical_at_max_residual,theoretical_at_max_residual,"=NORM.S.INV((RANK.EQ(MAX(bench!$BG$2:$BG$822),bench!$BG$2:$BG$822,1)-0.5)/COUNT(bench!$BG$2:$BG$822))",3.234624791812997
d04_qq_log_oas_model:theoretical_at_first_bond,theoretical_at_first_bond,"=NORM.S.INV((RANK.EQ(bench!$BG$2,bench!$BG$2:$BG$822,1)-0.5)/COUNT(bench!$BG$2:$BG$822))",-1.5944269577135648
d04_qq_log_oas_model:residual_first_bond,residual_first_bond,=bench!$BG$2,-0.3810023330954362
d05_standardize:stdev_s_duration,stdev_s_duration,=STDEV.S(bench!$C$2:$C$822),3.2530980649567196
d05_standardize:stdev_p_duration,stdev_p_duration,=STDEV.P(bench!$C$2:$C$822),3.2511162809988314
d05_standardize:ratio_s_to_p,ratio_s_to_p,=STDEV.S(bench!$C$2:$C$822)/STDEV.P(bench!$C$2:$C$822),1.0006095703095796
d05_ridge_alpha10_log_oas_on_score_duration_coupon:intercept,intercept,=AVERAGE(bench!$G$2:$G$822),4.888095077788022
d05_ridge_alpha10_log_oas_on_score_duration_coupon:coef_score,coef_score,"=INDEX(MMULT(MINVERSE(MMULT(TRANSPOSE(bench!$AX$2:$AZ$822),bench!$AX$2:$AZ$822)+10*MUNIT(COLUMNS(bench!$AX$2:$AZ$822))),MMULT(TRANSPOSE(bench!$AX$2:$AZ$822),bench!$G$2:$G$822-AVERAGE(bench!$G$2:$G$822))),1,1)",0.5713568475453334
d05_ridge_alpha10_log_oas_on_score_duration_coupon:coef_duration,coef_duration,"=INDEX(MMULT(MINVERSE(MMULT(TRANSPOSE(bench!$AX$2:$AZ$822),bench!$AX$2:$AZ$822)+10*MUNIT(COLUMNS(bench!$AX$2:$AZ$822))),MMULT(TRANSPOSE(bench!$AX$2:$AZ$822),bench!$G$2:$G$822-AVERAGE(bench!$G$2:$G$822))),2,1)",0.041354246436006714
d05_ridge_alpha10_log_oas_on_score_duration_coupon:coef_coupon,coef_coupon,"=INDEX(MMULT(MINVERSE(MMULT(TRANSPOSE(bench!$AX$2:$AZ$822),bench!$AX$2:$AZ$822)+10*MUNIT(COLUMNS(bench!$AX$2:$AZ$822))),MMULT(TRANSPOSE(bench!$AX$2:$AZ$822),bench!$G$2:$G$822-AVERAGE(bench!$G$2:$G$822))),3,1)",0.16175387169870448
d06_logit_default_on_pay0:coef_const,coef_const,"Solver GRG Nonlinear from 0: maximise $H$3 by changing $H$1:$H$2; options MaxTime 600, Iterations 10000, Precision 1e-06, AssumeLinear False, StepThru False, Estimates 1, Derivatives 2, SearchOption 1, IntTolerance 1, Scaling True, Convergence 1e-10, AssumeNonNeg False; returned 0",-1.4024911422162134
d06_logit_default_on_pay0:coef_PAY_0,coef_PAY_0,"Solver GRG Nonlinear from 0: maximise $H$3 by changing $H$1:$H$2; options MaxTime 600, Iterations 10000, Precision 1e-06, AssumeLinear False, StepThru False, Estimates 1, Derivatives 2, SearchOption 1, IntTolerance 1, Scaling True, Convergence 1e-10, AssumeNonNeg False; returned 0",0.7371936176669431
d06_logit_default_on_pay0:loglik,loglik,=SUM(F2:F30001) at Solver's coefficients,-14265.784884398854
d06_logit_default_on_pay0_limit10k:coef_const,coef_const,"Solver GRG Nonlinear from 0: maximise $K$4 by changing $K$1:$K$3; options MaxTime 600, Iterations 10000, Precision 1e-06, AssumeLinear False, StepThru False, Estimates 1, Derivatives 2, SearchOption 1, IntTolerance 1, Scaling True, Convergence 1e-10, AssumeNonNeg False; returned 0",-1.1226067290566746
d06_logit_default_on_pay0_limit10k:coef_PAY_0,coef_PAY_0,"Solver GRG Nonlinear from 0: maximise $K$4 by changing $K$1:$K$3; options MaxTime 600, Iterations 10000, Precision 1e-06, AssumeLinear False, StepThru False, Estimates 1, Derivatives 2, SearchOption 1, IntTolerance 1, Scaling True, Convergence 1e-10, AssumeNonNeg False; returned 0",0.6938371454641951
d06_logit_default_on_pay0_limit10k:coef_LIMIT_BAL_10k,coef_LIMIT_BAL_10k,"Solver GRG Nonlinear from 0: maximise $K$4 by changing $K$1:$K$3; options MaxTime 600, Iterations 10000, Precision 1e-06, AssumeLinear False, StepThru False, Estimates 1, Derivatives 2, SearchOption 1, IntTolerance 1, Scaling True, Convergence 1e-10, AssumeNonNeg False; returned 0",-0.017898057410265976
d06_logit_default_on_pay0_limit10k:loglik,loglik,=SUM(J2:J30001) at Solver's coefficients,-14165.002108428595
d06_logit_default_on_pay0:odds_ratio_PAY_0,odds_ratio_PAY_0,=EXP(card!H2),2.0900617639451773
d06_logit_default_on_pay0_limit10k:odds_ratio_PAY_0,odds_ratio_PAY_0,=EXP(card!K2),2.0013804059695737
d06_logit_default_on_pay0_limit10k:odds_ratio_LIMIT_BAL_10k,odds_ratio_LIMIT_BAL_10k,=EXP(card!K3),0.9822611615011005
d07_confusion_pay0_at_0.5:tn,tn,"=COUNTIFS(card!$A$2:$A$30001,0,card!$E$2:$E$30001,""<0.5"")",22411.0
d07_confusion_pay0_at_0.5:fp,fp,"=COUNTIFS(card!$A$2:$A$30001,0,card!$E$2:$E$30001,"">=0.5"")",953.0
d07_confusion_pay0_at_0.5:fn,fn,"=COUNTIFS(card!$A$2:$A$30001,1,card!$E$2:$E$30001,""<0.5"")",4459.0
d07_confusion_pay0_at_0.5:tp,tp,"=COUNTIFS(card!$A$2:$A$30001,1,card!$E$2:$E$30001,"">=0.5"")",2177.0
d07_confusion_pay0_at_0.5:precision,precision,"=COUNTIFS(card!$A$2:$A$30001,1,card!$E$2:$E$30001,"">=0.5"")/(COUNTIFS(card!$A$2:$A$30001,1,card!$E$2:$E$30001,"">=0.5"")+COUNTIFS(card!$A$2:$A$30001,0,card!$E$2:$E$30001,"">=0.5""))",0.6955271565495208
d07_confusion_pay0_at_0.5:recall,recall,"=COUNTIFS(card!$A$2:$A$30001,1,card!$E$2:$E$30001,"">=0.5"")/(COUNTIFS(card!$A$2:$A$30001,1,card!$E$2:$E$30001,"">=0.5"")+COUNTIFS(card!$A$2:$A$30001,1,card!$E$2:$E$30001,""<0.5""))",0.3280590717299578
d07_confusion_pay0_at_0.5:accuracy,accuracy,"=(COUNTIFS(card!$A$2:$A$30001,1,card!$E$2:$E$30001,"">=0.5"")+COUNTIFS(card!$A$2:$A$30001,0,card!$E$2:$E$30001,""<0.5""))/ROWS(card!$A$2:$A$30001)",0.8196
d07_confusion_pay0_at_0.5:f1,f1,"=2*COUNTIFS(card!$A$2:$A$30001,1,card!$E$2:$E$30001,"">=0.5"")/(2*COUNTIFS(card!$A$2:$A$30001,1,card!$E$2:$E$30001,"">=0.5"")+COUNTIFS(card!$A$2:$A$30001,0,card!$E$2:$E$30001,"">=0.5"")+COUNTIFS(card!$A$2:$A$30001,1,card!$E$2:$E$30001,""<0.5""))",0.44583248003276676
d08_roc_pay0:n_thresholds,n_thresholds,=ROWS(card!$M$3#),11.0
d08_roc_pay0:auc_trapezoid,auc_trapezoid,"=SUMPRODUCT((card!$N$3:$N$13-card!$N$2:$N$12),(card!$O$3:$O$13+card!$O$2:$O$12)/2)",0.68971016999203
d08_roc_pay0:last_fpr,last_fpr,=card!$N$13,1.0
d08_roc_pay0:last_tpr,last_tpr,=card!$O$13,1.0
