as_of_date,cusip,ticker,issuer,sector,rating,coupon,maturity,price,price_date,accrued,yield_pct,oas,duration,spread_duration,dts,amount_outstanding,par_held,market_value
2026-09-30,99080CAE8,BEZE,Bezane Finance,Financials,BBB-,7.0,2032-06-18,106.727,2026-09-30,1.983,5.606,147,4.627,4.627,680.2,1650000000,5000000,5435500.0
2026-09-30,99049XAE2,BEZH,Bezamyth Machinery,Industrials,B,8.125,2029-04-17,97.556,2026-09-30,3.679,9.22,535,2.165,2.165,1158.3,950000000,250000,253087.5
2026-09-30,99039NAC0,BEZL,Bezoquil Freight,Transportation,BB,5.125,2030-06-03,98.73,2026-09-30,1.666,5.509,153,3.25,3.25,497.2,850000000,1500000,1505940.0
2026-09-30,99039NAG1,BEZL,Bezoquil Freight,Transportation,BB,6.125,2053-04-09,92.261,2026-09-30,2.909,6.756,218,12.113,12.113,2640.6,2200000000,500000,475850.0
2026-09-30,99034IAD4,BEZN,Bezorin Finance,Financials,BBB-,4.625,2036-04-05,92.883,2026-09-30,2.248,5.6,127,7.338,7.338,931.9,1100000000,2500000,2378275.0
2026-09-30,99034IAA0,BEZN,Bezorin Finance,Financials,BBB-,4.625,2038-09-17,88.692,2026-09-30,0.167,5.96,155,8.846,8.846,1371.1,950000000,1750000,1555032.5
2026-09-30,99126WAE0,BEZR,Bezimer Power,Utilities,A,4.125,2029-07-16,98.979,2026-09-30,0.848,4.516,62,2.588,2.588,160.5,2100000000,1750000,1746972.5
2026-09-30,99140KAG3,BRUH,Bruxamyth Brands,Consumer,BBB,6.5,2055-04-21,104.788,2026-09-30,2.871,6.142,156,12.895,12.895,2011.6,1750000000,1000000,1076590.0
2026-09-30,99127XAB3,BRUL,Bruxizal Chemicals,Materials,A+,5.25,2029-06-26,101.673,2026-09-30,1.371,4.59,70,2.498,2.498,174.9,1050000000,3000000,3091320.0
2026-09-30,99033HAF2,CLAE,Clavane Foods,Consumer,BBB-,7.0,2050-02-26,107.31,2026-09-30,0.661,6.393,183,11.77,11.77,2153.9,1300000000,4250000,4588767.5
2026-09-30,99120QAE9,CLAL,Clavoquil Bancorp,Financials,BBB+,4.375,2029-04-13,98.927,2026-09-30,2.03,4.829,96,2.323,2.323,223.0,2450000000,1500000,1514355.0
2026-09-30,99120QAC3,CLAL,Clavoquil Bancorp,Financials,BBB+,4.0,2031-07-18,96.888,2026-09-30,0.8,4.731,66,4.272,4.272,282.0,1750000000,1500000,1465320.0
2026-09-30,99120QAA7,CLAL,Clavoquil Bancorp,Financials,BBB+,6.875,2034-06-08,109.897,2026-09-30,2.139,5.29,104,5.912,5.912,614.8,450000000,1750000,1960630.0
2026-09-30,99120QAD1,CLAL,Clavoquil Bancorp,Financials,BBB+,5.125,2036-02-16,98.171,2026-09-30,0.626,5.375,105,7.299,7.299,766.4,950000000,2250000,2222932.5
2026-09-30,99044SAB4,CLAN,Clavebran Software,Technology,A+,6.25,2030-02-02,105.4,2026-09-30,1.007,4.488,54,2.979,2.979,160.9,1750000000,1750000,1862122.5
2026-09-30,99103ZAC4,CLAX,Clavulex Industrial,Industrials,BB-,5.75,2028-04-15,99.593,2026-09-30,2.635,6.028,227,1.416,1.416,321.4,1250000000,1750000,1788990.0
2026-09-30,99141LAA3,CLAY,Clavolvey Bancorp,Financials,BB+,6.375,2032-11-01,98.831,2026-09-30,2.639,6.61,245,4.84,4.84,1185.8,1200000000,3000000,3044100.0
2026-09-30,99009JAA9,CLDB,Calderby Retail,Consumer,B,9.5,2034-12-06,62.045,2026-09-30,3.008,18.734,1446,4.513,4.513,6525.8,1450000000,3000000,1951590.0
2026-09-30,99009JAC5,CLDB,Calderby Retail,Consumer,B,9.25,2050-06-22,95.248,2026-09-30,2.518,9.765,520,9.019,9.019,4689.9,2050000000,250000,244415.0
2026-09-30,99075XAG4,CORA,Corvundra Brands,Consumer,BB,5.875,2029-11-24,99.835,2026-09-30,2.056,5.93,200,2.781,2.781,556.2,950000000,4500000,4585095.0
2026-09-30,99075XAH2,CORA,Corvundra Brands,Consumer,BB,5.75,2031-12-28,95.573,2026-09-30,1.469,6.764,266,4.369,4.369,1162.2,600000000,1750000,1698235.0
2026-09-30,99075XAE9,cora,Corvundra Brands,Consumer,BB,7.375,2035-11-12,99.857,2026-09-30,2.827,7.395,308,6.373,6.373,1962.9,450000000,2250000,2310390.0
2026-09-30,99112IAB3,CORH,Corvamyth Wireless,Telecom,BB,7.0,2035-08-21,101.942,2026-09-30,0.758,6.705,240,6.523,6.523,1565.5,1050000000,500000,513500.0
2026-09-30,99112IAA5,CORH,Corvamyth Wireless,Telecom,BB,4.75,2036-01-01,88.474,2026-09-30,1.174,6.42,210,7.143,7.143,1500.0,700000000,1250000,1120600.0
2026-09-30,99112IAC1,CORH,Corvamyth Wireless,Telecom,BB,6.375,2042-02-13,97.153,2026-09-30,0.832,6.673,219,9.532,9.532,2087.5,1850000000,1250000,1224812.5
2026-09-30,99071TAB8,CORL,Corvoquil Metals,Materials,A-,5.0,2028-04-11,100.633,2026-09-30,2.347,4.566,81,1.426,1.426,115.5,1800000000,4250000,4376650.0
2026-09-30,99071TAG7,CORL,Corvoquil Metals,Materials,,4.0,2031-03-03,97.612,2026-09-30,0.3,4.602,56,3.991,3.991,223.5,1950000000,4750000,4650820.0
2026-09-30,99071TAC6,CORL,Corvoquil Metals,Materials,A-,4.75,2052-11-17,91.799,2026-09-30,1.755,5.335,76,14.087,14.087,1070.6,2400000000,1750000,1637195.0
2026-09-30,99068QAE3,CORR,Corvovar Health,Health Care,A,5.5,2041-06-09,102.726,2026-09-30,1.696,5.231,76,9.906,9.906,752.9,400000000,500000,522110.0
2026-09-30,99097TAB8,CORX,Corvulex Logistics,Transportation,BBB,4.25,2038-02-20,86.646,2026-09-30,0.472,5.874,148,8.643,8.643,1279.2,2300000000,3000000,2613540.0
2026-09-30,99097TAH5,CORX ,Corvulex Logistics,Transportation,BBB,5.625,2049-05-11,101.237,2026-09-30,2.172,5.528,97,12.506,12.506,1213.1,600000000,3500000,3619315.0
2026-09-30,99016QAE6,CORY,Corvolvey Systems,Technology,BB+,7.25,2049-06-05,105.044,2026-09-30,2.316,6.809,225,11.088,11.088,2494.8,2250000000,250000,268400.0
2026-09-30,99067PAC0,DELE,Delverone Pharma,Health Care,A,3.5,2034-09-26,90.805,2026-09-30,0.039,4.905,64,6.81,6.81,435.8,1800000000,3750000,3406650.0
2026-09-30,99058GAC1,DELR,Delvazor Paper,Materials,A+,5.5,2049-07-12,104.119,2026-09-30,1.192,5.189,63,12.967,12.967,816.9,550000000,2250000,2369497.5
2026-09-30,99002CAC7,DNMR,Dunmarrow Rail,Transportation,BB+,5.25,2028-10-28,99.704,2026-09-30,2.217,5.4,158,1.902,1.902,300.5,1650000000,2500000,2548025.0
2026-09-30,99002CAA1,DNMR,Dunmarrow Rail,Transportation,BB+,5.875,2034-12-12,96.834,2026-09-30,1.762,6.375,210,6.277,6.277,1318.2,350000000,250000,246490.0
2026-09-30,99002CAB9,DNMR,Dunmarrow Rail,Transportation,BB+,5.25,2047-06-05,89.056,2026-09-30,1.677,6.195,165,11.764,11.764,1941.1,1300000000,5000000,4536650.0
2026-09-30,99023XAB8,DRAA,Dralundra Brands,Consumer,A+,4.0,2033-08-16,95.996,2026-09-30,0.489,4.687,48,5.893,5.893,282.9,1250000000,1500000,1447275.0
2026-09-30,99023XAD4,DRAA,Dralundra Brands,Consumer,A+,5.5,2037-07-13,104.418,2026-09-30,1.176,4.965,59,8.049,8.049,474.9,1350000000,3250000,3431805.0
2026-09-30,99030EAE5,DRAE,Dralane Networks,Telecom,AAA,4.125,2031-07-10,99.25,2026-09-30,0.917,4.299,23,4.253,4.253,97.8,350000000,4000000,4006680.0
2026-09-30,99030EAB1,DRAE,Dralane Networks,Telecom,AAA,5.875,2035-12-20,110.206,2026-09-30,1.632,4.509,19,7.094,7.094,134.8,350000000,3750000,4193925.0
2026-09-30,99123TAD2,DRAH,Dralamyth Finance,Financials,BBB+,4.75,2030-07-13,98.636,2026-09-30,1.016,5.149,116,3.386,3.386,392.8,1300000000,1250000,1245650.0
2026-09-30,99123TAH3,DRAH,Dralamyth Finance,Financials,BBB+,5.125,2038-04-04,93.614,2026-09-30,2.506,5.897,150,8.259,8.259,1238.9,2250000000,4500000,4325400.0
2026-09-30,99101XAB3,DRAL,Dralizal Rail,Transportation,BBB,4.25,2038-08-08,85.779,2026-09-30,0.614,5.937,153,8.875,8.875,1357.9,2000000000,4250000,3671702.5
2026-09-30,99041PAA5,dran,Dralostrin Industrial,Industrials,A,4.75,2030-05-22,100.473,2026-09-30,1.689,4.606,63,3.26,3.26,205.4,1300000000,750000,766215.0
2026-09-30,99070SAF2,DRAR,Dralazor Utilities,Utilities,BBB+,4.375,2033-05-21,96.483,2026-09-30,1.568,5.003,81,5.586,5.586,452.5,850000000,2750000,2696402.5
2026-09-30,99070SAE5,DRAR,Dralazor Utilities,Utilities,BBB+,6.25,2049-12-17,104.098,2026-09-30,1.788,5.922,136,12.186,12.186,1657.3,2500000000,750000,794145.0
2026-09-30,99098UAA6,ELVA,Elvundra Foods,Consumer,B,6.625,2030-09-08,100.898,2026-09-30,0.405,6.362,236,3.411,3.411,805.0,1250000000,750000,759772.5
2026-09-30,99098UAC2,ELVA,Elvundra Foods,Consumer,B,8.625,2038-11-07,103.8,2026-09-30,3.426,8.124,371,7.285,7.285,2702.7,350000000,3500000,3752910.0
2026-09-30,99089LAA7,ELVE,Elverone Industrial,Industrials,BBB-,3.375,2029-12-16,93.884,2026-09-30,0.975,5.476,154,2.954,2.954,454.9,700000000,3500000,3320065.0
2026-09-30,99089LAE9,ELVE,Elverone Industrial,Industrials,BBB-,5.625,2030-08-02,102.491,2026-09-30,0.906,4.903,91,3.398,3.398,309.2,1250000000,3000000,3101910.0
2026-09-30,99089LAF6,ELVE,Elverone Industrial,Industrials,BBB-,5.375,2038-05-08,96.932,2026-09-30,2.12,5.74,134,8.307,8.307,1113.1,1850000000,1750000,1733410.0
2026-09-30,99089LAC3,ELVE,Elverone Industrial,Industrials,BBB-,6.625,2049-05-06,101.843,2026-09-30,2.65,6.468,191,11.44,11.44,2185.0,1750000000,3000000,3134790.0
2026-09-30,99040OAC5, elvl ,Elvizal Retail,Consumer,BBB-,4.375,2030-11-07,96.782,2026-09-30,1.738,5.256,124,3.633,3.633,450.5,2150000000,250000,246300.0
2026-09-30,99014OAA1,ELVN,Elvorin Medical,Health Care,BB-,9.0,2034-06-28,107.379,2026-09-30,2.3,7.713,346,5.489,5.489,1899.2,400000000,750000,822592.5
2026-09-30,99014OAC7,ELVN,Elvorin Medical,Health Care,BB-,8.5,2038-05-21,104.799,2026-09-30,3.046,7.861,346,7.214,7.214,2496.0,700000000,500000,539225.0
2026-09-30,99133DAD5,FARX,Farvellix Paper,Materials,BB+,5.0,2027-12-22,99.723,2026-09-30,1.361,5.229,151,1.161,1.161,175.3,2150000000,1500000,1516260.0
2026-09-30,99133DAB9,FARX,Farvellix Paper,Materials,BB+,6.75,2030-10-02,103.0,2026-09-30,3.337,5.898,189,3.372,3.372,637.3,1400000000,4750000,5051007.5
2026-09-30,99133DAC7,FARX,Farvellix Paper,Materials,BB+,5.75,2033-07-13,98.821,2026-09-30,1.23,5.962,176,5.475,5.475,963.6,1350000000,3750000,3751912.5
2026-09-30,99021VAC2,FESA,Feskundra Systems,Technology,A+,6.0,2037-06-01,106.471,2026-09-30,1.983,5.201,83,7.776,7.776,645.4,2250000000,5000000,5422700.0
2026-09-30,99021VAA6,FESA,Feskundra Systems,Technology,A+,4.125,2037-12-05,91.627,2026-09-30,1.318,5.117,73,8.609,8.609,628.5,2050000000,500000,464725.0
2026-09-30,99100WAE0, FESH,Feskamyth Insurance,Financials,BBB,4.375,2034-08-17,92.763,2026-09-30,0.523,5.519,126,6.482,6.482,816.7,1700000000,750000,699645.0
2026-09-30,99100WAF7,FESH,Feskamyth Insurance,Financials,BBB,5.125,2051-04-16,95.134,2026-09-30,2.335,5.488,92,13.265,13.265,1220.4,1200000000,2500000,2436725.0
2026-09-30,99119PAE4,FESN,Feskebran Foods,Consumer,AA-,4.25,2032-09-10,98.855,2026-09-30,0.236,4.471,32,5.183,5.183,165.9,1200000000,1000000,990910.0
2026-09-30,99119PAC8,FESN,Feskebran Foods,Consumer,AA-,4.75,2033-09-22,100.696,2026-09-30,0.106,4.632,42,5.882,5.882,247.0,750000000,1750000,1764035.0
2026-09-30,99069RAC4,FESR,Feskovar Devices,Technology,CCC+,10.75,2028-08-08,87.116,2026-09-30,1.553,19.304,1551,1.546,1.546,2397.8,1000000000,2500000,2216725.0
2026-09-30,99069RAD2,FESR,Feskovar Devices,Technology,CCC+,8.875,2040-11-21,87.473,2026-09-30,3.18,10.601,614,7.252,7.252,4452.7,900000000,1250000,1133162.5
2026-09-30,99011LAC6,GALN,Galvostrin Resources,Energy,BBB+,3.625,2036-12-06,86.621,2026-09-30,1.148,5.345,99,8.134,8.134,805.3,300000000,2500000,2194225.0
2026-09-30,99011LAD4,GALN,Galvostrin Resources,Energy,BBB+,4.125,2039-07-12,89.089,2026-09-30,0.894,5.311,88,9.519,9.519,837.7,1500000000,1000000,899830.0
2026-09-30,99043RAD3,GALR,Galventor Power,Utilities,AA+,4.75,2045-10-22,97.898,2026-09-30,2.085,4.921,39,12.108,12.108,472.2,1950000000,750000,749872.5
2026-09-30,99088KAB8,GALX,Galvellix Paper,Materials,,7.0,2027-10-27,99.79,2026-09-30,2.975,7.199,350,0.989,0.989,346.2,1550000000,4750000,4881337.5
2026-09-30,99088KAA0,GALX,Galvellix Paper,Materials,B-,6.5,2028-02-27,98.352,2026-09-30,0.596,7.751,401,1.31,1.31,525.3,1800000000,3750000,3710550.0
2026-09-30,99088KAH5,GALX,Galvellix Paper,Materials,B-,9.25,2038-06-17,87.457,2026-09-30,2.647,11.193,679,6.506,6.506,4417.6,800000000,1500000,1351560.0
2026-09-30,99107DAC9,GALY,Galvolvey Resources,Energy,A+,4.25,2036-11-13,93.393,2026-09-30,1.617,5.093,74,7.913,7.913,585.6,1800000000,4250000,4037925.0
2026-09-30,99037LAH5,GRON,Grovostrin Freight,Transportation,A,5.0,2030-07-17,101.477,2026-09-30,1.014,4.57,58,3.397,3.397,197.0,1750000000,3000000,3074730.0
2026-09-30,99037LAB8,GRON,Grovostrin Freight,Transportation,A,6.875,2033-09-12,108.504,2026-09-30,0.344,5.391,118,5.535,5.535,653.1,1550000000,4500000,4898160.0
2026-09-30,99037LAF9,GRON,Grovostrin Freight,Transportation,A,7.25,2036-12-15,116.795,2026-09-30,2.115,5.116,76,7.303,7.303,555.0,650000000,1750000,2080925.0
2026-09-30,99116MAE4,GROR,Groventor Bancorp,Financials,BBB+,6.5,2038-05-08,105.759,2026-09-30,2.564,5.81,141,7.997,7.997,1127.6,2100000000,1000000,1083230.0
2026-09-30,99078AAB2,HESA,Heskundra Retail,Consumer,A-,4.5,2031-12-10,97.196,2026-09-30,1.375,5.12,102,4.502,4.502,459.2,2350000000,1500000,1478565.0
2026-09-30,99078AAE6,HESA,Heskundra Retail,Consumer,A-,7.125,2035-12-21,112.633,2026-09-30,1.959,5.369,105,6.768,6.768,710.6,450000000,4250000,4870160.0
2026-09-30,99078AAD8,HESA,Heskundra Retail,Consumer,A-,5.125,2036-03-11,97.564,2026-09-30,0.27,5.458,113,7.357,7.357,831.3,1700000000,4750000,4647115.0
2026-09-30,99035JAC3,HESN,Heskorin Aerospace,Industrials,A+,4.125,2035-01-10,95.441,2026-09-30,0.917,4.798,52,6.833,6.833,355.3,850000000,1750000,1686265.0
2026-09-30,99064MAC0,HESR,Heskentor Resources,Energy,BBB-,7.625,2036-09-22,112.884,2026-09-30,0.169,5.898,155,7.128,7.128,1104.8,900000000,1250000,1413162.5
2026-09-30,99004EAA5,HLVF,Halvering Foods,Consumer,B+,6.5,2037-08-16,96.683,2026-08-22,0.794,6.938,256,7.582,7.582,1941.0,1850000000,1250000,1218462.5
2026-09-30,99004EAB3,HLVF,Halvering Foods,Consumer,B+,7.625,2053-06-08,88.366,2026-09-30,2.372,8.757,418,10.218,10.218,4271.1,2300000000,2750000,2495295.0
2026-09-30,99052AAA4,HULE,Hulvane Industrial,Industrials,A+,3.875,2032-01-15,96.546,2026-09-30,0.807,4.617,51,4.679,4.679,238.6,600000000,3250000,3163972.5
2026-09-30,99012MAC3,HULR,Hulvimer Pipeline,Energy,BBB,5.125,2050-04-27,93.03,2026-08-21,2.178,5.664,110,12.897,12.897,1418.7,1350000000,750000,714060.0
2026-09-30,99045TAE5,JAXR,Jaximer Networks,Telecom,BB+,6.875,2030-09-24,103.322,2026-09-30,0.115,5.926,192,3.454,3.454,663.2,1600000000,750000,775777.5
2026-09-30,99045TAA3,JAXR,Jaximer Networks,Telecom,BB+,6.25,2055-12-21,93.596,2026-09-30,1.719,6.754,217,12.631,12.631,2740.9,2400000000,2500000,2382875.0
2026-09-30,99027BAE6,KEZA,Kezundra Rail,Transportation,A-,4.25,2030-10-27,97.18,2026-09-30,1.806,5.023,101,3.62,3.62,365.6,1300000000,2250000,2227185.0
2026-09-30,99027BAA4,KEZA,Kezundra Rail,Transportation,A-,7.75,2039-05-17,118.201,2026-09-30,2.863,5.707,128,8.216,8.216,1051.6,1300000000,1000000,1210640.0
2026-09-30,99027BAC0,KEZA,Kezundra Rail,Transportation,A-,5.5,2052-03-25,100.519,2026-09-30,0.076,5.462,89,13.642,13.642,1214.1,1150000000,1750000,1760412.5
2026-09-30,99013NAC0,KEZE,Kezerone Paper,Materials,A-,4.125,2034-03-28,93.575,2026-09-30,0.023,5.17,93,6.317,6.317,587.5,1750000000,2500000,2339950.0
2026-09-30,99099VAA3,KEZN,Keziskan Paper,Materials,BBB,4.75,2028-03-08,100.155,2026-09-30,0.29,4.635,89,1.373,1.373,122.2,1800000000,500000,502225.0
2026-09-30,99025ZAC9,KEZR,Kezazor Logistics,Transportation,A,5.25,2037-02-07,99.512,2026-09-30,0.773,5.311,95,7.841,7.841,744.9,900000000,1500000,1504275.0
2026-09-30,99087JAC0,KRIX,Krilellix Networks,Telecom,BBB-,7.875,2032-08-26,108.642,2026-09-30,0.744,6.108,196,4.71,4.71,923.2,1450000000,4250000,4648905.0
2026-09-30,99087JAG1,KRIX,Krilellix Networks,Telecom,BBB-,6.625,2033-05-09,102.371,2026-09-30,2.595,6.181,199,5.18,5.18,1030.8,1400000000,500000,524830.0
2026-09-30,99087JAD8,KRIX,Krilellix Networks,Telecom,BBB-,4.75,2034-05-27,92.999,2026-09-30,1.623,5.898,165,6.166,6.166,1017.4,750000000,4500000,4257990.0
2026-09-30,99114KAG5,LORE,Lorvane Systems,Technology,BB-,7.25,2030-03-08,99.849,2026-09-30,0.443,7.298,334,2.983,2.983,996.3,950000000,750000,752190.0
2026-09-30,99114KAB6,LORE,Lorvane Systems,Technology,BB-,8.625,2032-06-09,105.239,2026-09-30,2.659,7.474,334,4.372,4.372,1460.2,600000000,1750000,1888215.0
2026-09-30,99059HAD6,LORH,Lorvamyth Paper,Materials,BBB,5.25,2052-10-04,90.746,2026-09-30,2.567,5.954,138,13.117,13.117,1810.1,2350000000,2750000,2566107.5
2026-09-30,99031FAF8,LORL,Lorvizal Wireless,Telecom,B-,8.125,2036-02-28,100.372,2026-09-30,0.722,8.066,374,6.454,6.454,2413.8,1100000000,2750000,2780085.0
2026-09-30,99076YAD8,LORN,Lorvebran Paper,Materials,BB,5.5,2029-09-04,100.642,2026-09-30,0.397,5.259,135,2.665,2.665,359.8,1850000000,2250000,2273377.5
2026-09-30,99076YAC0,LORN,Lorvebran Paper,Materials,BB,8.0,2035-06-27,109.248,2026-09-30,2.067,6.589,229,6.24,6.24,1429.0,2150000000,4750000,5287462.5
2026-09-30,99144OAF3,LORX,Lorvellix Energy,Energy,BBB+,5.75,2037-09-28,104.801,2026-09-30,0.032,5.172,79,8.157,8.157,644.4,2450000000,5000000,5241650.0
2026-09-30,99077ZAB8,MORX,Morvellix Networks,Telecom,,6.125,2055-12-21,85.722,2026-09-30,1.684,7.314,273,12.139,12.139,3313.9,1250000000,1750000,1529605.0
2026-09-30,99084GAC9,MULA,Mulvundra Machinery,Industrials,A-,7.0,2036-11-01,111.973,2026-09-30,2.897,5.441,109,7.182,7.182,782.8,2150000000,2500000,2871750.0
2026-09-30,99055DAD9,MULN,Mulvebran Logistics,Transportation,BB,8.125,2029-10-24,105.745,2026-09-30,3.521,6.042,212,2.617,2.617,554.8,1000000000,3500000,3824310.0
2026-09-30,99055DAC1,MULN,Mulvebran Logistics,Transportation,BB,3.875,2037-07-13,81.455,2026-09-30,0.829,6.265,189,8.324,8.324,1573.2,1300000000,1500000,1234260.0
2026-09-30,99094QAD3,NEVE,Nevane Machinery,Industrials,,6.5,2035-09-15,107.449,2026-09-30,0.271,5.438,113,6.81,6.81,769.5,450000000,750000,807900.0
2026-09-30,99066OAB6,NEVN,Nevostrin Water,Utilities,B-,11.0,2037-03-13,96.616,2026-09-30,0.519,11.564,720,6.008,6.008,4325.8,1700000000,1250000,1214187.5
2026-09-30,99066OAD2,NEVN,Nevostrin Water,Utilities,B-,10.625,2037-12-21,94.053,2026-09-30,2.922,11.579,719,6.12,6.12,4400.3,1450000000,4250000,4121437.5
2026-09-30,99026AAD1,NEVR,Nevovar Energy,Energy,BBB-,5.125,2027-10-24,100.23,2026-09-30,2.221,4.898,120,1.005,1.005,120.6,1500000000,2750000,2817402.5
2026-09-30,99054CAF7,NEVX,Nevulex Health,Health Care,BBB-,4.625,2031-03-03,97.127,2026-09-30,0.347,5.362,132,3.927,3.927,518.4,1150000000,1500000,1462110.0
2026-09-30,99054CAB6,NEVX,Nevulex Health,Health Care,BBB-,6.25,2032-10-04,104.079,2026-09-30,3.056,5.445,129,4.846,4.846,625.1,1350000000,2000000,2142700.0
2026-09-30,99054CAC4,NEVX,Nevulex Health,Health Care,BBB-,6.25,2034-12-07,103.654,2026-09-30,1.962,5.684,141,6.267,6.267,883.6,2350000000,250000,264040.0
2026-09-30,99054CAD2,NEVX,Nevulex Health,Health Care,BBB-,6.125,2034-12-14,102.186,2026-09-30,1.803,5.785,151,6.297,6.297,950.8,1500000000,1500000,1559835.0
2026-09-30,99054CAG5,NEVX,Nevulex Health,Health Care,BBB-,3.875,2048-01-06,73.873,2026-09-30,0.904,6.08,153,12.898,12.898,1973.4,1600000000,1000000,747770.0
2026-09-30,99054CAH3,NEVX,Nevulex Health,Health Care,BBB-,5.25,2051-11-24,91.15,2026-09-30,1.837,5.931,136,13.055,13.055,1775.5,1550000000,3500000,3254545.0
2026-09-30,99008IAA2,OSMC,Osmere Chemicals,Materials,BBB-,4.625,2034-11-22,94.802,2026-09-30,1.644,5.422,115,6.544,6.544,752.6,1700000000,4000000,3857840.0
2026-09-30,99005FAA1,OSTV,Ostrevale Telecom,Telecom,BBB-,6.5,2033-04-01,103.775,2026-09-30,3.232,5.795,161,5.117,5.117,823.8,1150000000,4000000,4280280.0
2026-09-30,99143NAA7,PLEA,Plevundra Finance,Financials,AA,5.625,2029-03-01,103.412,2026-09-30,0.453,4.127,27,2.243,2.243,60.6,2000000000,2500000,2596625.0
2026-09-30,99143NAC3,PLEA,Plevundra Finance,Financials,AA,3.25,2029-04-14,97.995,2026-09-30,1.499,4.089,22,2.371,2.371,52.2,1150000000,3750000,3731025.0
2026-09-30,99143NAD1,PLEA,Plevundra Finance,Financials,AA,7.25,2036-02-22,119.131,2026-09-30,0.765,0.04706,38,6.994,6.994,265.8,2150000000,1000000,1198960.0
2026-09-30,99131BAB5,PLER,Plevazor Energy,Energy,BBB-,4.375,2029-06-14,98.264,2026-08-26,1.288,5.067,118,2.485,2.485,293.2,1200000000,5000000,4977600.0
2026-09-30,99003DAG5,PLWK,Pellwick Paper,Materials,A-,5.125,2027-10-28,100.459,2026-09-30,2.164,4.68,98,1.017,1.017,99.7,450000000,1000000,1026230.0
2026-09-30,99003DAA8,PLWK,Pellwick Paper,Materials,A-,5.25,2034-08-24,97.225,2026-09-30,0.525,5.69,143,6.331,6.331,905.3,2200000000,1250000,1221875.0
2026-09-30,99003DAE0,PLWK,Pellwick Paper,Materials,A-,5.125,2035-06-11,95.78,2026-09-30,1.552,5.747,145,6.779,6.779,983.0,850000000,1500000,1459980.0
2026-09-30,99003DAC4,PLWK,Pellwick Paper,Materials,A-,5.75,2038-02-14,102.06,2026-09-30,0.735,5.503,111,8.249,8.249,915.6,1450000000,3750000,3854812.5
2026-09-30,99015PAE9,PRAE,Praxane Paper,Materials,BB-,7.25,2034-12-03,100.394,2026-09-30,2.356,7.183,291,5.957,5.957,1733.5,1850000000,2000000,2055000.0
2026-09-30,99015PAD1,PRAE,Praxane Paper,Materials,BB-,5.875,2035-01-08,94.765,2026-09-30,1.338,6.708,243,6.316,6.316,1534.8,1600000000,1750000,1681802.5
2026-09-30,99038MAH2,PRAN,Praxiskan Finance,Financials,CCC+,11.0,2029-10-17,100.01,2026-09-30,4.981,10.991,707,2.412,2.412,1705.3,850000000,1750000,1837342.5
2026-09-30,99038MAE9,PRAN,Praxiskan Finance,Financials,CCC+,10.875,2035-01-20,89.407,2026-09-30,2.115,12.989,871,5.058,5.058,4405.5,1000000000,4250000,3889685.0
2026-09-30,99145PAA0,PRAR,Praximer Energy,Energy,B-,7.25,2033-04-12,92.105,2026-09-30,3.383,8.867,468,4.857,4.857,2273.1,2100000000,4750000,4535680.0
2026-09-30,99106CAH1,QUEX,Quelellix Water,Utilities,A,4.125,2029-07-05,99.125,2026-09-30,0.974,4.463,57,2.558,2.558,145.8,550000000,3750000,3753712.5
2026-09-30,99106CAF5,QUEX,Quelellix Water,Utilities,A,5.375,2031-12-01,103.532,2026-09-30,1.777,4.598,50,4.416,4.416,220.8,900000000,2000000,2106180.0
2026-09-30,99001BAA4,QVNE,Quorvane Energy,Energy,BBB,4.875,2034-01-14,98.882,2026-09-30,1.029,5.059,83,6.0,6.0,498.0,2400000000,2750000,2747552.5
2026-09-30,99001BAF3,QVNE,Quorvane Energy,Energy,BBB,5.25,2045-02-05,91.884,2026-08-26,0.802,5.984,146,11.257,11.257,1643.5,2250000000,500000,463430.0
2026-09-30,99092OAD0,RULE,Rulvane Aerospace,Industrials,BBB-,6.5,2037-01-17,100.741,2026-09-30,1.318,6.399,204,7.344,7.344,1498.2,1050000000,3750000,3827212.5
2026-09-30,99065NAB9,RULL,Rulvizal Systems,Technology,A,5.75,2028-12-25,103.102,2026-09-30,1.517,4.277,44,2.059,2.059,90.6,1600000000,4500000,4707855.0
2026-09-30,99146QAF6,RULN,Rulviskan Pharma,Health Care,A+,3.75,2033-03-07,95.142,2026-09-30,0.24,4.631,45,5.614,5.614,252.6,1250000000,1500000,1430730.0
2026-09-30,99146QAE9,RULN,Rulviskan Pharma,Health Care,A+,5.125,2034-01-10,102.469,2026-09-30,1.139,4.719,49,5.975,5.975,292.8,1300000000,2750000,2849220.0
2026-09-30,99079BAC7,RULR,Rulvazor Utilities,Utilities,A+,3.75,2036-06-08,91.375,2026-09-30,1.167,4.877,54,7.837,7.837,423.2,1900000000,5000000,4627100.0
2026-09-30,99046UAF8,SKEN,Skeliskan Machinery,Industrials,B+,7.625,2033-08-21,100.502,2026-09-30,0.826,7.528,332,5.25,5.25,1743.0,2200000000,2500000,2533200.0
2026-09-30,99046UAA9,SKEN,Skeliskan Machinery,Industrials,B+,9.5,2035-08-07,109.275,2026-09-30,1.399,8.014,371,5.99,5.99,2222.3,1200000000,4500000,4980330.0
2026-09-30,99117NAC5,SKEY,Skelolvey Industrial,Industrials,BBB,6.0,2047-05-02,96.615,2026-09-30,2.467,6.295,175,11.281,11.281,1974.2,2450000000,3000000,2972460.0
2026-09-30,99117NAA9,SKEY,Skelolvey Industrial,Industrials,BBB,7.875,2053-03-09,117.164,2026-09-30,0.459,6.506,193,12.065,12.065,2328.5,2500000000,2000000,2352460.0
2026-09-30,99095RAA6,SYLR,Sylvazor Power,Utilities,AA-,3.5,2036-12-22,89.614,2026-09-30,0.953,4.796,44,8.291,8.291,364.8,700000000,250000,226417.5
2026-09-30,99053BAG8,SYLX,Sylvellix Logistics,Transportation,A+,4.25,2038-04-19,93.66,2026-09-30,1.901,4.978,58,8.756,8.756,507.8,400000000,2500000,2389025.0
2026-09-30,99053BAA1,SYLX,Sylvellix Logistics,Transportation,A+,5.75,2049-09-18,110.013,2026-09-30,0.192,5.011,45,13.149,13.149,591.7,2200000000,1750000,1928587.5
2026-09-30,99053BAB9,SYLX,Sylvellix Logistics,Transportation,,3.625,2055-09-03,76.903,2026-09-30,0.272,5.173,59,16.042,16.042,946.5,2250000000,4500000,3472875.0
2026-09-30,99109FAC2, thaa ,Thalundra Aerospace,Industrials,BB,7.25,2029-10-18,102.898,2026-09-30,3.263,6.191,227,2.629,2.629,596.8,1250000000,1750000,1857817.5
2026-09-30,99109FAA6,THAA,Thalundra Aerospace,Industrials,BB,7.0,2049-03-25,96.623,2026-09-30,0.097,0.07308,275,11.042,11.042,3036.5,1750000000,2750000,2659800.0
2026-09-30,99124UAE6,THAL,Thaloquil Chemicals,Materials,BB-,8.0,2056-03-15,107.478,2026-09-30,0.333,7.374,279,11.766,11.766,3282.7,350000000,1000000,1078110.0
2026-09-30,99010KAH8,THAN,Thalostrin Finance,Financials,BBB+,4.25,2033-11-19,94.9,2026-09-30,1.547,5.111,89,5.95,5.95,529.6,1300000000,5000000,4822350.0
2026-09-30,99010KAF2,THAN,Thalostrin Finance,Financials,BBB+,4.375,2040-10-19,88.734,2026-09-30,1.957,5.539,108,9.898,9.898,1069.0,1000000000,4000000,3627640.0
2026-09-30,99096SAB1,THAX,Thalulex Retail,Consumer,BBB+,5.875,2037-06-17,103.053,2026-09-30,1.681,5.493,112,7.802,7.802,873.8,2250000000,2500000,2618350.0
2026-09-30,99096SAD7,THAX,Thalulex Retail,Consumer,BBB+,5.625,2038-06-16,98.493,2026-09-30,1.625,5.803,140,8.326,8.326,1165.6,850000000,1500000,1501770.0
2026-09-30,99113JAA2,TOVE,Tovithe Insurance,Financials,BB-,5.25,2036-03-24,83.372,2026-09-30,0.087,7.759,343,7.091,7.091,2432.2,1400000000,2250000,1877827.5
2026-09-30,99051ZAA0,TOVR,Tovovar Water,Utilities,BBB-,4.75,2035-04-09,96.938,2026-09-30,2.256,5.199,91,6.746,6.746,613.9,1000000000,2750000,2727835.0
2026-09-30,99028CAB9,TOVX,Tovellix Bancorp,Financials,BB+,5.0,2033-12-11,96.054,2026-09-30,1.514,5.674,145,5.848,5.848,848.0,1550000000,3250000,3170960.0
2026-09-30,99028CAC7,TOVX,Tovellix Bancorp,Financials,BB+,6.375,2034-06-15,99.173,2026-09-30,1.859,6.511,226,5.897,5.897,1332.7,2400000000,1500000,1515480.0
2026-09-30,99050YAE6,TOVY,Tovolvey Devices,Technology,A-,4.875,2033-11-20,99.423,2026-09-30,1.76,4.971,75,5.86,5.86,439.5,750000000,3750000,3794362.5
2026-09-30,99050YAA4,TOVY,Tovolvey Devices,Technology,A-,5.125,2035-06-01,100.333,2026-09-30,1.694,5.076,78,6.821,6.821,532.0,1600000000,3250000,3315877.5
2026-09-30,99007HAA5,TRNW,Tarnwick Utilities,Utilities,A,5.75,2036-06-21,104.474,2026-09-30,1.581,5.158,82,7.336,7.336,601.6,2350000000,4000000,4242200.0
2026-09-30,99093PAA2,TROE,Tromithe Medical,Health Care,BB+,4.375,2027-12-26,99.287,2026-09-30,1.142,4.97,125,1.178,1.178,147.2,1800000000,3250000,3263942.5
2026-09-30,99093PAB0,TROE,Tromithe Medical,Health Care,BB+,6.375,2030-06-01,101.051,2026-09-30,2.107,6.048,207,3.17,3.17,656.2,450000000,2750000,2836845.0
2026-09-30,99085HAA0,TROR,Tromazor Resources,Energy,BBB-,6.125,2035-10-14,99.409,2026-09-30,2.824,6.211,190,6.665,6.665,1266.4,1150000000,1500000,1533495.0
2026-09-30,99105BAB7,VRAL,Vraxizal Telecom,Telecom,BB+,6.25,2029-07-22,101.771,2026-09-30,1.181,5.557,166,2.525,2.525,419.2,2100000000,1500000,1544280.0
2026-09-30,99091NAD3,VRAN,Vraxorin Bancorp,Financials,A-,5.75,2033-08-03,104.44,2026-09-30,0.91,4.975,77,5.593,5.593,430.7,500000000,2250000,2370375.0
2026-09-30,99091NAA9,VRAN,Vraxorin Bancorp,Financials,A-,4.125,2035-09-03,92.283,2026-09-30,0.309,5.217,91,7.274,7.274,661.9,1550000000,4750000,4398120.0
2026-09-30,99091NAC5,VRAN,Vraxorin Bancorp,Financials,A-,5.0,2038-04-16,99.495,2026-09-30,2.278,5.058,66,8.487,8.487,560.1,1250000000,3750000,3816487.5
2026-09-30,99063LAE9,VRAR,Vraxentor Retail,Consumer,BBB+,6.0,2028-08-16,102.527,2026-09-30,0.733,4.577,78,1.753,1.753,136.7,450000000,750000,774450.0
2026-09-30,99063LAC3,VRAR,Vraxentor Retail,Consumer,BBB+,5.125,2033-01-12,99.637,2026-09-30,1.11,5.192,102,5.254,5.254,535.9,900000000,1500000,1511205.0
2026-09-30,99063LAD1,VRAR,Vraxentor Retail,Consumer,BBB+,5.125,2045-08-11,95.523,2026-09-30,0.698,5.509,98,11.733,11.733,1149.8,1700000000,250000,240552.5
2026-09-30,99024YAC3,VYRE,Vyrerone Metals,Materials,BB+,7.375,2029-11-26,105.469,2026-09-30,2.54,5.461,153,2.741,2.741,419.4,600000000,1500000,1620135.0
2026-09-30,99024YAE9,VYRE,Vyrerone Metals,Materials,BB+,7.625,2035-12-06,109.8,2026-09-30,2.415,6.207,189,6.544,6.544,1236.8,2450000000,4000000,4488600.0
2026-09-30,99006GAC4,VYRH,Veyrholt Health,Health Care,BB,7.25,2027-10-02,101.347,2026-09-30,3.585,5.851,216,0.927,0.927,200.2,2200000000,3000000,3147960.0
2026-09-30,99006GAA8,VYRH,Veyrholt Health,Health Care,BB,6.625,2032-01-06,99.811,2026-09-30,1.546,6.665,256,4.32,4.32,1105.9,1350000000,2250000,2280532.5
2026-09-30,99057FAC4,VYRN,Vyrebran Wireless,Telecom,BB+,5.875,2035-04-04,96.158,2026-09-30,2.872,6.469,218,6.375,6.375,1389.8,1450000000,4500000,4456350.0
2026-09-30,99057FAE0,VYRN,Vyrebran Wireless,Telecom,BB+,7.375,2037-12-12,110.757,2026-09-30,2.212,6.038,165,7.617,7.617,1256.8,950000000,3750000,4236337.5
2026-09-30,99042QAA2,VYRR,Vyrovar Medical,Health Care,AA-,4.875,2029-06-27,101.053,2026-09-30,1.259,4.46,57,2.514,2.514,143.3,1250000000,1750000,1790460.0
2026-09-30,99019TAA5,VYRX,Vyrellix Telecom,Telecom,BB+,7.5,2031-03-13,102.669,2026-09-30,0.354,6.794,275,3.737,3.737,1027.7,1300000000,2750000,2833132.5
2026-09-30,99074WAB8,WYXA,Wyxundra Energy,Energy,B+,10.625,2036-08-01,105.999,2026-09-30,1.741,9.662,532,6.047,6.047,3217.0,700000000,2000000,2154800.0
2026-09-30,99074WAD4,WYXA,Wyxundra Energy,Energy,B+,6.75,2056-02-23,86.884,2026-09-30,0.694,7.904,332,11.558,11.558,3837.3,2250000000,750000,656835.0
2026-09-30,99122SAB9,WYXE,Wyxane Wireless,Telecom,BBB+,4.25,2029-04-06,99.02,2026-09-30,2.054,4.667,80,2.31,2.31,184.8,900000000,3250000,3284905.0
2026-09-30,99118OAF5,WYXR ,Wyximer Wireless,Telecom,BB+,5.625,2031-01-22,99.546,2026-09-30,1.062,5.743,171,3.74,3.74,639.5,600000000,2000000,2012160.0
2026-09-30,99118OAC2,WYXR,Wyximer Wireless,Telecom,BB+,6.625,2054-04-14,103.037,2026-08-04,3.055,6.389,181,12.427,12.427,2249.3,2300000000,2250000,2387070.0
2026-09-30,99111HAA8,XANE,Xanane Foods,Consumer,BBB,5.375,2028-01-03,101.036,2026-08-25,1.299,4.513,79,1.193,1.193,94.2,1300000000,3500000,3581725.0
2026-09-30,99111HAB6, XANE,Xanane Foods,Consumer,BBB,5.75,2056-08-23,102.822,2026-09-30,0.591,5.555,97,14.326,14.326,1389.6,1950000000,2750000,2843857.5
2026-09-30,99108EAE2,XANH,Xanamyth Systems,Technology,BBB+,4.625,2036-07-27,93.621,2026-09-30,0.809,5.472,113,7.657,7.657,865.2,450000000,4750000,4485425.0
2026-09-30,99036KAA3,XANL,Xanizal Industrial,Industrials,CCC,10.625,2036-01-24,104.98,2026-09-30,1.948,9.793,547,5.823,5.823,3185.2,1700000000,3250000,3475160.0
2026-09-30,99135FAF3,XANR,Xanazor Telecom,Telecom,A-,3.5,2031-06-12,94.089,2026-09-30,1.05,4.923,86,4.212,4.212,362.2,1400000000,3000000,2854170.0
2026-09-30,99104AAD6,YARN,Yarviskan Energy,Energy,A-,4.375,2030-04-05,98.121,2026-09-30,2.127,4.964,100,3.145,3.145,314.5,2350000000,1250000,1253100.0
2026-09-30,99129ZAB6,ZARL,Zarizal Industrial,Industrials,BB+,8.25,2037-04-23,101.481,2026-09-30,3.598,8.038,367,6.756,6.756,2479.5,2100000000,5000000,5253950.0
2026-09-30,99062KAB8,ZEPL,Zephizal Medical,Health Care,A-,6.25,2028-04-12,103.016,2026-09-30,2.917,4.197,44,1.416,1.416,62.3,2100000000,3500000,3707655.0
2026-09-30,99062KAE2,ZEPL,Zephizal Medical,Health Care,A-,4.75,2036-08-19,97.957,2026-09-30,0.541,5.014,67,7.743,7.743,518.8,1200000000,1750000,1723715.0
2026-09-30,99062KAA0,ZEPL,Zephizal Medical,Health Care,A-,4.125,2036-11-12,90.863,2026-09-30,1.581,5.303,95,7.919,7.919,752.3,1450000000,1250000,1155550.0
2026-09-30,99138IAD9,ZEPN,Zephiskan Resources,Energy,A-,7.25,2031-09-13,110.669,2026-09-30,0.342,4.803,72,4.177,4.177,300.7,2250000000,750000,832582.5
2026-09-30,99138IAF4,ZEPN,Zephiskan Resources,Energy,A-,5.0,2036-08-16,93.656,2026-09-30,0.611,5.854,151,7.565,7.565,1142.3,350000000,2500000,2356675.0
2026-09-30,99103ZAC4,CLAX,Clavulex Industrial,Industrials,BB-,5.75,2028-04-15,99.593,2026-09-30,2.635,6.028,227,1.416,1.416,321.4,1250000000,1750000,1788990.0
2026-09-30,99009JAC5,CLDB,Calderby Retail,Consumer,B,9.25,2050-06-22,95.248,2026-09-30,2.518,9.765,520,9.019,9.019,4689.9,2050000000,250000,244415.0
2026-09-30,99016QAE6,CORY,Corvolvey Systems,Technology,BB+,7.25,2049-06-05,105.044,2026-09-30,2.316,6.809,225,11.088,11.088,2494.8,2250000000,250000,268400.0
2026-09-30,99087JAC0,KRIX,Krilellix Networks,Telecom,BBB-,7.875,2032-08-26,108.642,2026-09-30,0.744,6.108,196,4.71,4.71,923.2,1450000000,4250000,4648905.0
