ticker,issuer,sector,country,rating
QVNE,Quorvane Energy,Energy,US,BBB
DNMR,Dunmarrow Rail,Transportation,US,BB+
PLWK,Pellwick Paper,Materials,US,A-
HLVF,Halvering Foods,Consumer,US,B+
OSTV,Ostrevale Telecom,Telecom,US,BBB-
VYRH,Veyrholt Health,Health Care,US,BB
TRNW,Tarnwick Utilities,Utilities,US,A
OSMC,Osmere Chemicals,Materials,US,BBB-
CLDB,Calderby Retail,Consumer,US,B
THAN,Thalostrin Finance,Financials,US,BBB+
GALN,Galvostrin Resources,Energy,US,BBB+
HULR,Hulvimer Pipeline,Energy,US,BBB
KEZE,Kezerone Paper,Materials,US,A-
ELVN,Elvorin Medical,Health Care,US,BB-
PRAE,Praxane Paper,Materials,US,BB-
CORY,Corvolvey Systems,Technology,US,BB+
RULY,Rulvolvey Industrial,Industrials,US,BBB-
THAR,Thalentor Chemicals,Materials,US,A
VYRX,Vyrellix Telecom,Telecom,US,BB+
MORE,Morvithe Logistics,Transportation,US,B
FESA,Feskundra Systems,Technology,US,A+
KRIN,Krilorin Logistics,Transportation,US,BBB-
DRAA,Dralundra Brands,Consumer,US,A+
VYRE,Vyrerone Metals,Materials,US,BB+
KEZR,Kezazor Logistics,Transportation,US,A
NEVR,Nevovar Energy,Energy,US,BBB-
KEZA,Kezundra Rail,Transportation,US,A-
TOVX,Tovellix Bancorp,Financials,US,BB+
YARE,Yarverone Rail,Transportation,US,A
DRAE,Dralane Networks,Telecom,US,AAA
LORL,Lorvizal Wireless,Telecom,US,B-
QUEL,Queloquil Health,Health Care,US,BBB-
CLAE,Clavane Foods,Consumer,US,BBB-
BEZN,Bezorin Finance,Financials,US,BBB-
HESN,Heskorin Aerospace,Industrials,US,A+
XANL,Xanizal Industrial,Industrials,US,CCC
GRON,Grovostrin Freight,Transportation,US,A
PRAN,Praxiskan Finance,Financials,US,CCC+
BEZL,Bezoquil Freight,Transportation,US,BB
ELVL,Elvizal Retail,Consumer,US,BBB-
DRAN,Dralostrin Industrial,Industrials,US,A
VYRR,Vyrovar Medical,Health Care,US,AA-
GALR,Galventor Power,Utilities,US,AA+
CLAN,Clavebran Software,Technology,US,A+
JAXR,Jaximer Networks,Telecom,US,BB+
SKEN,Skeliskan Machinery,Industrials,US,B+
QUEA,Quelundra Power,Utilities,US,A
LORR,Lorvovar Energy,Energy,US,A
BEZH,Bezamyth Machinery,Industrials,US,B
TOVY,Tovolvey Devices,Technology,US,A-
TOVR,Tovovar Water,Utilities,US,BBB-
HULE,Hulvane Industrial,Industrials,US,A+
SYLX,Sylvellix Logistics,Transportation,US,A+
NEVX,Nevulex Health,Health Care,US,BBB-
MULN,Mulvebran Logistics,Transportation,US,BB
BEZY,Bezolvey Chemicals,Materials,US,BBB
VYRN,Vyrebran Wireless,Telecom,US,BB+
DELR,Delvazor Paper,Materials,US,A+
LORH,Lorvamyth Paper,Materials,US,BBB
ELVR,Elventor Networks,Telecom,US,A-
MORN,Morvostrin Finance,Financials,US,BBB+
ZEPL,Zephizal Medical,Health Care,US,A-
VRAR,Vraxentor Retail,Consumer,US,BBB+
HESR,Heskentor Resources,Energy,US,BBB-
RULL,Rulvizal Systems,Technology,US,A
NEVN,Nevostrin Water,Utilities,US,B-
DELE,Delverone Pharma,Health Care,US,A
CORR,Corvovar Health,Health Care,US,A
FESR,Feskovar Devices,Technology,US,CCC+
DRAR,Dralazor Utilities,Utilities,US,BBB+
CORL,Corvoquil Metals,Materials,US,A-
ZEPE,Zephane Utilities,Utilities,US,B
ZEPR,Zephentor Utilities,Utilities,US,AA-
WYXA,Wyxundra Energy,Energy,US,B+
CORA,Corvundra Brands,Consumer,US,BB
LORN,Lorvebran Paper,Materials,US,BB
MORX,Morvellix Networks,Telecom,US,BB-
HESA,Heskundra Retail,Consumer,US,A-
RULR,Rulvazor Utilities,Utilities,US,A+
BEZE,Bezane Finance,Financials,US,BBB-
KRIL,Krilizal Power,Utilities,US,B+
WYXY,Wyxolvey Retail,Consumer,US,BB-
KEZX,Kezellix Chemicals,Materials,US,BB+
MULA,Mulvundra Machinery,Industrials,US,A-
TROR,Tromazor Resources,Energy,US,BBB-
YARA,Yarvundra Pipeline,Energy,US,BBB-
KRIX,Krilellix Networks,Telecom,US,BBB-
GALX,Galvellix Paper,Materials,US,B-
ELVE,Elverone Industrial,Industrials,US,BBB-
JAXN,Jaxostrin Industrial,Industrials,US,A+
VRAN,Vraxorin Bancorp,Financials,US,A-
RULE,Rulvane Aerospace,Industrials,US,BBB-
TROE,Tromithe Medical,Health Care,US,BB+
NEVE,Nevane Machinery,Industrials,US,A-
SYLR,Sylvazor Power,Utilities,US,AA-
THAX,Thalulex Retail,Consumer,US,BBB+
CORX,Corvulex Logistics,Transportation,US,BBB
ELVA,Elvundra Foods,Consumer,US,B
KEZN,Keziskan Paper,Materials,US,BBB
FESH,Feskamyth Insurance,Financials,US,BBB
DRAL,Dralizal Rail,Transportation,US,BBB
KEZL,Kezoquil Resources,Energy,US,B
CLAX,Clavulex Industrial,Industrials,US,BB-
YARN,Yarviskan Energy,Energy,US,A-
VRAL,Vraxizal Telecom,Telecom,US,BB+
QUEX,Quelellix Water,Utilities,US,A
GALY,Galvolvey Resources,Energy,US,A+
XANH,Xanamyth Systems,Technology,US,BBB+
THAA,Thalundra Aerospace,Industrials,US,BB
BRUN,Bruxiskan Pipeline,Energy,US,BBB
XANE,Xanane Foods,Consumer,US,BBB
CORH,Corvamyth Wireless,Telecom,US,BB
TOVE,Tovithe Insurance,Financials,US,BB-
LORE,Lorvane Systems,Technology,US,BB-
TOVA,Tovundra Machinery,Industrials,US,A+
GROR,Groventor Bancorp,Financials,US,BBB+
SKEY,Skelolvey Industrial,Industrials,US,BBB
WYXR,Wyximer Wireless,Telecom,US,BB+
FESN,Feskebran Foods,Consumer,US,AA-
CLAL,Clavoquil Bancorp,Financials,US,BBB+
QUEE,Quelithe Chemicals,Materials,US,BBB+
WYXE,Wyxane Wireless,Telecom,US,BBB+
DRAH,Dralamyth Finance,Financials,US,BBB+
THAL,Thaloquil Chemicals,Materials,US,BB-
KRIE,Krilane Water,Utilities,US,A+
BEZR,Bezimer Power,Utilities,US,A
BRUL,Bruxizal Chemicals,Materials,US,A+
PLEE,Pleverone Utilities,Utilities,US,B
ZARL,Zarizal Industrial,Industrials,US,BB+
ELVX,Elvellix Wireless,Telecom,US,A+
PLER,Plevazor Energy,Energy,US,BBB-
CLAH,Clavamyth Health,Health Care,US,BB
FARX,Farvellix Paper,Materials,US,BB+
DELL,Delvoquil Power,Utilities,US,B+
XANR,Xanazor Telecom,Telecom,US,A-
HULN,Hulviskan Health,Health Care,US,BBB
ZEPY,Zepholvey Freight,Transportation,US,A+
ZEPN,Zephiskan Resources,Energy,US,A-
VRAA,Vraxundra Wireless,Telecom,US,A-
BRUH,Bruxamyth Brands,Consumer,US,BBB
CLAY,Clavolvey Bancorp,Financials,US,BB+
CORE,Corvithe Utilities,Utilities,US,A-
PLEA,Plevundra Finance,Financials,US,AA
LORX,Lorvellix Energy,Energy,US,BBB+
PRAR,Praximer Energy,Energy,US,B-
RULN,Rulviskan Pharma,Health Care,US,A+
GALL,Galvizal Devices,Technology,US,AAA
BRUR,Bruxazor Logistics,Transportation,US,BB+
CLAR,Clavazor Utilities,Utilities,US,A-
WYXN,Wyxebran Logistics,Transportation,US,B
