cusip,ticker,coupon,maturity,price,par_held
99080CAE8,BEZE,7.0,2032-06-18,106.727,5000000
99049XAE2,BEZH,8.125,2029-04-17,97.556,250000
99039NAC0,BEZL,5.125,2030-06-03,98.73,1500000
99039NAG1,BEZL,6.125,2053-04-09,92.261,500000
99034IAD4,BEZN,4.625,2036-04-05,92.883,2500000
99034IAA0,BEZN,4.625,2038-09-17,88.692,1750000
99126WAE0,BEZR,4.125,2029-07-16,98.979,1750000
99140KAG3,BRUH,6.5,2055-04-21,104.788,1000000
99127XAB3,BRUL,5.25,2029-06-26,101.673,3000000
99033HAF2,CLAE,7.0,2050-02-26,107.31,4250000
99120QAE9,CLAL,4.375,2029-04-13,98.927,1500000
99120QAC3,CLAL,4.0,2031-07-18,96.888,1500000
99120QAA7,CLAL,6.875,2034-06-08,109.897,1750000
99120QAD1,CLAL,5.125,2036-02-16,98.171,2250000
99044SAB4,CLAN,6.25,2030-02-02,105.4,1750000
99103ZAC4,CLAX,5.75,2028-04-15,99.593,1750000
99141LAA3,CLAY,6.375,2032-11-01,98.831,3000000
99009JAA9,CLDB,9.5,2034-12-06,62.045,3000000
99009JAC5,CLDB,9.25,2050-06-22,95.248,250000
99075XAG4,CORA,5.875,2029-11-24,99.835,4500000
99075XAH2,CORA,5.75,2031-12-28,95.573,1750000
99075XAE9,CORA,7.375,2035-11-12,99.857,2250000
99112IAB3,CORH,7.0,2035-08-21,101.942,500000
99112IAA5,CORH,4.75,2036-01-01,88.474,1250000
99112IAC1,CORH,6.375,2042-02-13,97.153,1250000
99071TAB8,CORL,5.0,2028-04-11,100.633,4250000
99071TAG7,CORL,4.0,2031-03-03,97.612,4750000
99071TAC6,CORL,4.75,2052-11-17,91.799,1750000
99068QAE3,CORR,5.5,2041-06-09,102.726,500000
99097TAB8,CORX,4.25,2038-02-20,86.646,3000000
99097TAH5,CORX,5.625,2049-05-11,101.237,3500000
99016QAE6,CORY,7.25,2049-06-05,105.044,250000
99067PAC0,DELE,3.5,2034-09-26,90.805,3750000
99058GAC1,DELR,5.5,2049-07-12,104.119,2250000
99002CAC7,DNMR,5.25,2028-10-28,99.704,2500000
99002CAA1,DNMR,5.875,2034-12-12,96.834,250000
99002CAB9,DNMR,5.25,2047-06-05,89.056,5000000
99023XAB8,DRAA,4.0,2033-08-16,95.996,1500000
99023XAD4,DRAA,5.5,2037-07-13,104.418,3250000
99030EAE5,DRAE,4.125,2031-07-10,99.25,4000000
99030EAB1,DRAE,5.875,2035-12-20,110.206,3750000
99123TAD2,DRAH,4.75,2030-07-13,98.636,1250000
99123TAH3,DRAH,5.125,2038-04-04,93.614,4500000
99101XAB3,DRAL,4.25,2038-08-08,85.779,4250000
99041PAA5,DRAN,4.75,2030-05-22,100.473,750000
99070SAF2,DRAR,4.375,2033-05-21,96.483,2750000
99070SAE5,DRAR,6.25,2049-12-17,104.098,750000
99098UAA6,ELVA,6.625,2030-09-08,100.898,750000
99098UAC2,ELVA,8.625,2038-11-07,103.8,3500000
99089LAA7,ELVE,3.375,2029-12-16,93.884,3500000
99089LAE9,ELVE,5.625,2030-08-02,102.491,3000000
99089LAF6,ELVE,5.375,2038-05-08,96.932,1750000
99089LAC3,ELVE,6.625,2049-05-06,101.843,3000000
99040OAC5,ELVL,4.375,2030-11-07,96.782,250000
99014OAA1,ELVN,9.0,2034-06-28,107.379,750000
99014OAC7,ELVN,8.5,2038-05-21,104.799,500000
99133DAD5,FARX,5.0,2027-12-22,99.723,1500000
99133DAB9,FARX,6.75,2030-10-02,103.0,4750000
99133DAC7,FARX,5.75,2033-07-13,98.821,3750000
99021VAC2,FESA,6.0,2037-06-01,106.471,5000000
99021VAA6,FESA,4.125,2037-12-05,91.627,500000
99100WAE0,FESH,4.375,2034-08-17,92.763,750000
99100WAF7,FESH,5.125,2051-04-16,95.134,2500000
99119PAE4,FESN,4.25,2032-09-10,98.855,1000000
99119PAC8,FESN,4.75,2033-09-22,100.696,1750000
99069RAC4,FESR,10.75,2028-08-08,87.116,2500000
99069RAD2,FESR,8.875,2040-11-21,87.473,1250000
99011LAC6,GALN,3.625,2036-12-06,86.621,2500000
99011LAD4,GALN,4.125,2039-07-12,89.089,1000000
99043RAD3,GALR,4.75,2045-10-22,97.898,750000
99088KAB8,GALX,7.0,2027-10-27,99.79,4750000
99088KAA0,GALX,6.5,2028-02-27,98.352,3750000
99088KAH5,GALX,9.25,2038-06-17,87.457,1500000
99107DAC9,GALY,4.25,2036-11-13,93.393,4250000
99037LAH5,GRON,5.0,2030-07-17,101.477,3000000
99037LAB8,GRON,6.875,2033-09-12,108.504,4500000
99037LAF9,GRON,7.25,2036-12-15,116.795,1750000
99116MAE4,GROR,6.5,2038-05-08,105.759,1000000
99078AAB2,HESA,4.5,2031-12-10,97.196,1500000
99078AAE6,HESA,7.125,2035-12-21,112.633,4250000
99078AAD8,HESA,5.125,2036-03-11,97.564,4750000
99035JAC3,HESN,4.125,2035-01-10,95.441,1750000
99064MAC0,HESR,7.625,2036-09-22,112.884,1250000
99004EAA5,HLVF,6.5,2037-08-16,96.683,1250000
99004EAB3,HLVF,7.625,2053-06-08,88.366,2750000
99052AAA4,HULE,3.875,2032-01-15,96.546,3250000
99012MAC3,HULR,5.125,2050-04-27,93.03,750000
99045TAE5,JAXR,6.875,2030-09-24,103.322,750000
99045TAA3,JAXR,6.25,2055-12-21,93.596,2500000
99027BAE6,KEZA,4.25,2030-10-27,97.18,2250000
99027BAA4,KEZA,7.75,2039-05-17,118.201,1000000
99027BAC0,KEZA,5.5,2052-03-25,100.519,1750000
99013NAC0,KEZE,4.125,2034-03-28,93.575,2500000
99099VAA3,KEZN,4.75,2028-03-08,100.155,500000
99025ZAC9,KEZR,5.25,2037-02-07,99.512,1500000
99087JAC0,KRIX,7.875,2032-08-26,108.642,4250000
99087JAG1,KRIX,6.625,2033-05-09,102.371,500000
99087JAD8,KRIX,4.75,2034-05-27,92.999,4500000
99114KAG5,LORE,7.25,2030-03-08,99.849,750000
99114KAB6,LORE,8.625,2032-06-09,105.239,1750000
99059HAD6,LORH,5.25,2052-10-04,90.746,2750000
99031FAF8,LORL,8.125,2036-02-28,100.372,2750000
99076YAD8,LORN,5.5,2029-09-04,100.642,2250000
99076YAC0,LORN,8.0,2035-06-27,109.248,4750000
99144OAF3,LORX,5.75,2037-09-28,104.801,5000000
99077ZAB8,MORX,6.125,2055-12-21,85.722,1750000
99084GAC9,MULA,7.0,2036-11-01,111.973,2500000
99055DAD9,MULN,8.125,2029-10-24,105.745,3500000
99055DAC1,MULN,3.875,2037-07-13,81.455,1500000
99094QAD3,NEVE,6.5,2035-09-15,107.449,750000
99066OAB6,NEVN,11.0,2037-03-13,96.616,1250000
99066OAD2,NEVN,10.625,2037-12-21,94.053,4250000
99026AAD1,NEVR,5.125,2027-10-24,100.23,2750000
99054CAF7,NEVX,4.625,2031-03-03,97.127,1500000
99054CAB6,NEVX,6.25,2032-10-04,104.079,2000000
99054CAC4,NEVX,6.25,2034-12-07,103.654,250000
99054CAD2,NEVX,6.125,2034-12-14,102.186,1500000
99054CAG5,NEVX,3.875,2048-01-06,73.873,1000000
99054CAH3,NEVX,5.25,2051-11-24,91.15,3500000
99008IAA2,OSMC,4.625,2034-11-22,94.802,4000000
99005FAA1,OSTV,6.5,2033-04-01,103.775,4000000
99143NAA7,PLEA,5.625,2029-03-01,103.412,2500000
99143NAC3,PLEA,3.25,2029-04-14,97.995,3750000
99143NAD1,PLEA,7.25,2036-02-22,119.131,1000000
99131BAB5,PLER,4.375,2029-06-14,98.264,5000000
99003DAG5,PLWK,5.125,2027-10-28,100.459,1000000
99003DAA8,PLWK,5.25,2034-08-24,97.225,1250000
99003DAE0,PLWK,5.125,2035-06-11,95.78,1500000
99003DAC4,PLWK,5.75,2038-02-14,102.06,3750000
99015PAE9,PRAE,7.25,2034-12-03,100.394,2000000
99015PAD1,PRAE,5.875,2035-01-08,94.765,1750000
99038MAH2,PRAN,11.0,2029-10-17,100.01,1750000
99038MAE9,PRAN,10.875,2035-01-20,89.407,4250000
99145PAA0,PRAR,7.25,2033-04-12,92.105,4750000
99106CAH1,QUEX,4.125,2029-07-05,99.125,3750000
99106CAF5,QUEX,5.375,2031-12-01,103.532,2000000
99001BAA4,QVNE,4.875,2034-01-14,98.882,2750000
99001BAF3,QVNE,5.25,2045-02-05,91.884,500000
99092OAD0,RULE,6.5,2037-01-17,100.741,3750000
99065NAB9,RULL,5.75,2028-12-25,103.102,4500000
99146QAF6,RULN,3.75,2033-03-07,95.142,1500000
99146QAE9,RULN,5.125,2034-01-10,102.469,2750000
99079BAC7,RULR,3.75,2036-06-08,91.375,5000000
99046UAF8,SKEN,7.625,2033-08-21,100.502,2500000
99046UAA9,SKEN,9.5,2035-08-07,109.275,4500000
99117NAC5,SKEY,6.0,2047-05-02,96.615,3000000
99117NAA9,SKEY,7.875,2053-03-09,117.164,2000000
99095RAA6,SYLR,3.5,2036-12-22,89.614,250000
99053BAG8,SYLX,4.25,2038-04-19,93.66,2500000
99053BAA1,SYLX,5.75,2049-09-18,110.013,1750000
99053BAB9,SYLX,3.625,2055-09-03,76.903,4500000
99109FAC2,THAA,7.25,2029-10-18,102.898,1750000
99109FAA6,THAA,7.0,2049-03-25,96.623,2750000
99124UAE6,THAL,8.0,2056-03-15,107.478,1000000
99010KAH8,THAN,4.25,2033-11-19,94.9,5000000
99010KAF2,THAN,4.375,2040-10-19,88.734,4000000
99096SAB1,THAX,5.875,2037-06-17,103.053,2500000
99096SAD7,THAX,5.625,2038-06-16,98.493,1500000
99113JAA2,TOVE,5.25,2036-03-24,83.372,2250000
99051ZAA0,TOVR,4.75,2035-04-09,96.938,2750000
99028CAB9,TOVX,5.0,2033-12-11,96.054,3250000
99028CAC7,TOVX,6.375,2034-06-15,99.173,1500000
99050YAE6,TOVY,4.875,2033-11-20,99.423,3750000
99050YAA4,TOVY,5.125,2035-06-01,100.333,3250000
99007HAA5,TRNW,5.75,2036-06-21,104.474,4000000
99093PAA2,TROE,4.375,2027-12-26,99.287,3250000
99093PAB0,TROE,6.375,2030-06-01,101.051,2750000
99085HAA0,TROR,6.125,2035-10-14,99.409,1500000
99105BAB7,VRAL,6.25,2029-07-22,101.771,1500000
99091NAD3,VRAN,5.75,2033-08-03,104.44,2250000
99091NAA9,VRAN,4.125,2035-09-03,92.283,4750000
99091NAC5,VRAN,5.0,2038-04-16,99.495,3750000
99063LAE9,VRAR,6.0,2028-08-16,102.527,750000
99063LAC3,VRAR,5.125,2033-01-12,99.637,1500000
99063LAD1,VRAR,5.125,2045-08-11,95.523,250000
99024YAC3,VYRE,7.375,2029-11-26,105.469,1500000
99024YAE9,VYRE,7.625,2035-12-06,109.8,4000000
99006GAC4,VYRH,7.25,2027-10-02,101.347,3000000
99006GAA8,VYRH,6.625,2032-01-06,99.811,2250000
99057FAC4,VYRN,5.875,2035-04-04,96.158,4500000
99057FAE0,VYRN,7.375,2037-12-12,110.757,3750000
99042QAA2,VYRR,4.875,2029-06-27,101.053,1750000
99019TAA5,VYRX,7.5,2031-03-13,102.669,2750000
99074WAB8,WYXA,10.625,2036-08-01,105.999,2000000
99074WAD4,WYXA,6.75,2056-02-23,86.884,750000
99122SAB9,WYXE,4.25,2029-04-06,99.02,3250000
99118OAF5,WYXR,5.625,2031-01-22,99.546,2000000
99118OAC2,WYXR,6.625,2054-04-14,103.037,2250000
99111HAA8,XANE,5.375,2028-01-03,101.036,3500000
99111HAB6,XANE,5.75,2056-08-23,102.822,2750000
99108EAE2,XANH,4.625,2036-07-27,93.621,4750000
99036KAA3,XANL,10.625,2036-01-24,104.98,3250000
99135FAF3,XANR,3.5,2031-06-12,94.089,3000000
99104AAD6,YARN,4.375,2030-04-05,98.121,1250000
99129ZAB6,ZARL,8.25,2037-04-23,101.481,5000000
99062KAB8,ZEPL,6.25,2028-04-12,103.016,3500000
99062KAE2,ZEPL,4.75,2036-08-19,97.957,1750000
99062KAA0,ZEPL,4.125,2036-11-12,90.863,1250000
99138IAD9,ZEPN,7.25,2031-09-13,110.669,750000
99138IAF4,ZEPN,5.0,2036-08-16,93.656,2500000
