trade_id,trade_date,trade_time,settle_date,cusip,ticker,side,quantity,price,principal,counterparty,trader
T0001,2026-09-01,08:04,2026-09-02,99087JAG1,KRIX,BUY,500000,103.053,515265.0,Ulverthorne Markets,Desk 4
T0002,2026-09-01,09:10,2026-09-02,99003DAE0,PLWK,SELL,245000,95.434,233813.3,Talvesham Partners,Desk 2
T0003,2026-09-01,09:10,2026-09-02,99051ZAA0,TOVR,BUY,25000,97.875,24468.75,Zembrook Securities,Desk 1
T0004,2026-09-01,09:17,2026-09-02,99140KAG3,BRUH,BUY,750000,102.5,768750.0,Talvesham Partners,Desk 3
T0005,2026-09-01,10:05,2026-09-02,99010KAH8,THAN,BUY,65000,94.233,61251.45,Orlinthe Capital,Desk 1
T0006,2026-09-01,10:19,2026-09-02,99003DAC4,PLWK,BUY,200000,103.203,206406.0,Talvesham Partners,Desk 2
T0007,2026-09-01,10:32,2026-09-02,99146QAF6,RULN,BUY,25000,96.186,24046.5,Kestermoor Securities,Desk 3
T0008,2026-09-01,10:34,2026-09-02,99007HAA5,TRNW,BUY,110000,104.558,115013.8,Kestermoor Securities,Desk 1
T0009,2026-09-01,10:41,2026-09-02,99108EAE2,XANH,BUY,500000,93.276,466380.0,Kestermoor Securities,Desk 4
T0010,2026-09-01,11:00,2026-09-02,99007HAA5,TRNW,SELL,150000,104.528,156792.0,Kestermoor Securities,Desk 1
T0011,2026-09-01,11:03,2026-09-02,99129ZAB6,ZARL,BUY,400000,100.845,403380.0,Talvesham Partners,Desk 2
T0012,2026-09-01,11:06,2026-09-02,99119PAE4,FESN,BUY,250000,98.354,245885.0,Pendraleth Capital,Desk 3
T0013,2026-09-01,11:13,2026-09-02,99111HAA8,XANE,SELL,200000,100.92,201840.0,Zembrook Securities,Desk 3
T0014,2026-09-01,11:14,2026-09-02,99078AAD8,HESA,BUY,400000,97.938,391752.0,Zembrook Securities,Desk 3
T0015,2026-09-01,11:18,2026-09-02,99096SAD7,THAX,SELL,150000,98.478,147717.0,Kestermoor Securities,Desk 3
T0016,2026-09-01,11:40,2026-09-02,99007HAA5,TRNW,BUY,760000,104.577,794785.2,Ulverthorne Markets,Desk 1
T0017,2026-09-01,11:54,2026-09-02,99075XAE9,CORA,SELL,200000,99.229,198458.0,Ulverthorne Markets,Desk 3
T0018,2026-09-01,14:20,2026-09-02,99077ZAB8,MORX,SELL,300000,86.392,259176.0,Pendraleth Capital,Desk 4
T0019,2026-09-01,14:42,2026-09-02,99033HAF2,CLAE,BUY,250000,106.592,266480.0,Zembrook Securities,Desk 3
T0020,2026-09-01,15:05,2026-09-02,99010KAH8,THAN,SELL,750000,94.234,706755.0,Talvesham Partners,Desk 1
T0021,2026-09-01,16:15,2026-09-02,99042QAA2,VYRR,BUY,750000,100.908,756810.0,Pendraleth Capital,Desk 3
T0022,2026-09-01,16:33,2026-09-02,99133DAB9,FARX,SELL,150000,103.708,155562.0,Kestermoor Securities,Desk 2
T0023,2026-09-02,08:22,2026-09-03,99010KAH8,THAN,SELL,300000,94.226,282678.0,Orlinthe Capital,Desk 1
T0024,2026-09-02,08:39,2026-09-03,99087JAC0,KRIX,SELL,250000,109.407,273517.5,Ulverthorne Markets,Desk 4
T0025,2026-09-02,09:41,2026-09-03,99144OAF3,LORX,BUY,250000,104.394,260985.0,Pendraleth Capital,Desk 2
T0026,2026-09-02,10:22,2026-09-03,99015PAD1,PRAE,BUY,315000,95.253,300046.95,Kestermoor Securities,Desk 2
T0027,2026-09-02,10:28,2026-09-03,99114KAB6,LORE,BUY,200000,104.655,209310.0,Talvesham Partners,Desk 4
T0028,2026-09-02,11:05,2026-09-03,99075XAE9,CORA,SELL,400000,99.598,398392.0,Zembrook Securities,Desk 3
T0029,2026-09-02,11:32,2026-09-03,99120QAC3,CLAL,SELL,750000,96.786,725895.0,Zembrook Securities,Desk 1
T0030,2026-09-02,11:37,2026-09-03,99052AAA4,HULE,SELL,490000,96.346,472095.4,Orlinthe Capital,Desk 2
T0031,2026-09-02,14:27,2026-09-03,99039NAG1,BEZL,SELL,100000,93.116,93116.0,Zembrook Securities,Desk 3
T0032,2026-09-02,14:36,2026-09-03,99058GAC1,DELR,BUY,55000,102.435,56339.25,Zembrook Securities,Desk 2
T0033,2026-09-02,14:39,2026-09-03,99088KAH5,GALX,BUY,115000,88.513,101789.95,Talvesham Partners,Desk 2
T0034,2026-09-02,14:42,2026-09-03,99006GAC4,VYRH,BUY,300000,101.466,304398.0,Kestermoor Securities,Desk 3
T0035,2026-09-02,15:17,2026-09-03,99095RAA6,SYLR,BUY,250000,90.744,226860.0,Talvesham Partners,Desk 1
T0036,2026-09-02,15:30,2026-09-03,99114KAB6,LORE,SELL,500000,104.674,523370.0,Orlinthe Capital,Desk 4
T0037,2026-09-02,15:42,2026-09-03,99050YAA4,TOVY,BUY,25000,98.674,24668.5,Kestermoor Securities,Desk 4
T0038,2026-09-02,16:49,2026-09-03,99030EAE5,DRAE,BUY,400000,99.166,396664.0,Ulverthorne Markets,Desk 4
T0039,2026-09-03,08:44,2026-09-04,99002CAA1,DNMR,SELL,200000,97.556,195112.0,Kestermoor Securities,Desk 3
T0040,2026-09-03,09:01,2026-09-04,99131BAB5,PLER,SELL,400000,98.283,393132.0,Wendlecroft Securities,Desk 2
T0041,2026-09-03,09:24,2026-09-04,99087JAG1,KRIX,SELL,400000,102.944,411776.0,Pendraleth Capital,Desk 4
T0042,2026-09-03,09:52,2026-09-04,99138IAD9,ZEPN,BUY,500000,110.811,554055.0,Wendlecroft Securities,Desk 2
T0043,2026-09-03,09:56,2026-09-04,99087JAC0,KRIX,SELL,150000,109.245,163867.5,Zembrook Securities,Desk 4
T0044,2026-09-03,10:31,2026-09-04,99097TAB8,CORX,SELL,500000,88.524,442620.0,Zembrook Securities,Desk 3
T0045,2026-09-03,11:14,2026-09-04,99054CAH3,NEVX,SELL,250000,90.042,225105.0,Ulverthorne Markets,Desk 3
T0046,2026-09-03,11:59,2026-09-04,99003DAE0,PLWK,SELL,750000,95.469,716017.5,Talvesham Partners,Desk 2
T0047,2026-09-03,12:18,2026-09-04,99057FAC4,VYRN,SELL,25000,96.697,24174.25,Kestermoor Securities,Desk 4
T0048,2026-09-03,13:12,2026-09-04,99114KAB6,LORE,BUY,250000,104.442,261105.0,Talvesham Partners,Desk 4
T0049,2026-09-03,13:26,2026-09-04,99077ZAB8,MORX,BUY,300000,86.23,258690.0,Talvesham Partners,Desk 4
T0050,2026-09-03,14:20,2026-09-04,99033HAF2,CLAE,BUY,25000,106.218,26554.5,Kestermoor Securities,Desk 3
T0051,2026-09-03,14:37,2026-09-04,99065NAB9,RULL,SELL,4000000,103.059,4122360.0,Talvesham Partners,Desk 4
T0052,2026-09-03,15:12,2026-09-04,99106CAH1,QUEX,BUY,150000,98.522,147783.0,Kestermoor Securities,Desk 1
T0053,2026-09-03,16:22,2026-09-04,99114KAB6,LORE,BUY,25000,104.512,26128.0,Pendraleth Capital,Desk 4
T0054,2026-09-03,16:56,2026-09-04,99003DAE0,PLWK,SELL,500000,95.447,477235.0,Kestermoor Securities,Desk 2
T0055,2026-09-04,09:24,2026-09-08,99024YAE9,VYRE,SELL,50000,111.72,55860.0,Orlinthe Capital,Desk 2
T0056,2026-09-04,09:46,2026-09-08,99140KAG3,BRUH,SELL,245000,103.348,253202.6,Kestermoor Securities,Desk 3
T0057,2026-09-04,10:00,2026-09-08,99097TAH5,CORX,BUY,400000,103.513,414052.0,Kestermoor Securities,Desk 3
T0058,2026-09-04,10:15,2026-09-08,99002CAA1,DNMR,BUY,150000,97.79,146685.0,Orlinthe Capital,Desk 3
T0059,2026-09-04,10:39,2026-09-08,99003DAE0,PLWK,SELL,400000,95.657,382628.0,Talvesham Partners,Desk 2
T0060,2026-09-04,10:43,2026-09-08,99052AAA4,HULE,BUY,750000,95.953,719647.5,Wendlecroft Securities,Desk 2
T0061,2026-09-04,10:52,2026-09-08,99114KAB6,LORE,BUY,150000,104.404,156606.0,Kestermoor Securities,Desk 4
T0062,2026-09-04,11:26,2026-09-08,99135FAF3,XANR,SELL,200000,93.493,186986.0,Kestermoor Securities,Desk 4
T0063,2026-09-04,11:31,2026-09-08,99031FAF8,LORL,BUY,50000,100.348,50174.0,Wendlecroft Securities,Desk 4
T0064,2026-09-04,13:04,2026-09-08,99117NAC5,SKEY,SELL,400000,96.398,385592.0,Orlinthe Capital,Desk 2
T0065,2026-09-04,14:33,2026-09-08,99037LAB8,GRON,BUY,750000,108.068,810510.0,Pendraleth Capital,Desk 3
T0066,2026-09-04,14:39,2026-09-08,99075XAE9,CORA,SELL,200000,99.885,199770.0,Orlinthe Capital,Desk 3
T0067,2026-09-04,14:47,2026-09-08,99034IAD4,BEZN,SELL,100000,93.637,93637.0,Wendlecroft Securities,Desk 1
T0068,2026-09-04,15:19,2026-09-08,99069RAC4,FESR,SELL,50000,87.259,43629.5,Zembrook Securities,Desk 4
T0069,2026-09-08,08:19,2026-09-09,99143NAA7,PLEA,BUY,250000,103.45,258625.0,Kestermoor Securities,Desk 1
T0070,2026-09-08,09:06,2026-09-09,99087JAG1,KRIX,SELL,765000,102.576,784706.4,Talvesham Partners,Desk 4
T0071,2026-09-08,09:17,2026-09-09,99045TAE5,JAXR,BUY,100000,103.543,103543.0,Ulverthorne Markets,Desk 4
T0072,2026-09-08,09:18,2026-09-09,99054CAB6,NEVX,BUY,40000,103.355,41342.0,Kestermoor Securities,Desk 3
T0073,2026-09-08,09:57,2026-09-09,99005FAA1,OSTV,BUY,50000,104.189,52094.5,Kestermoor Securities,Desk 4
T0074,2026-09-08,10:26,2026-09-09,99129ZAB6,ZARL,BUY,50000,100.831,50415.5,Orlinthe Capital,Desk 2
T0075,2026-09-08,10:28,2026-09-09,99087JAC0,KRIX,SELL,185000,109.41,202408.5,Kestermoor Securities,Desk 4
T0076,2026-09-08,10:30,2026-09-09,99039NAG1,BEZL,BUY,150000,93.33,139995.0,Zembrook Securities,Desk 3
T0077,2026-09-08,10:53,2026-09-09,99120QAC3,CLAL,SELL,150000,96.603,144904.5,Wendlecroft Securities,Desk 1
T0078,2026-09-08,11:34,2026-09-09,99011LAD4,GALN,SELL,250000,88.148,220370.0,Orlinthe Capital,Desk 2
T0079,2026-09-08,11:35,2026-09-09,99019TAA5,VYRX,SELL,150000,103.678,155517.0,Wendlecroft Securities,Desk 4
T0080,2026-09-08,11:38,2026-09-09,99039NAG1,BEZL,BUY,100000,93.338,93338.0,Zembrook Securities,Desk 3
T0081,2026-09-08,11:46,2026-09-09,99140KAG3,BRUH,BUY,115000,102.983,118430.45,Orlinthe Capital,Desk 3
T0082,2026-09-08,12:24,2026-09-09,99001BAA4,QVNE,BUY,150000,99.715,149572.5,Zembrook Securities,Desk 2
T0083,2026-09-08,12:51,2026-09-09,99100WAE0,FESH,SELL,250000,92.899,232247.5,Kestermoor Securities,Desk 1
T0084,2026-09-08,13:17,2026-09-09,99006GAC4,VYRH,BUY,150000,101.478,152217.0,Pendraleth Capital,Desk 3
T0085,2026-09-08,14:01,2026-09-09,99094QAD3,NEVE,SELL,250000,106.711,266777.5,Orlinthe Capital,Desk 2
T0086,2026-09-08,14:08,2026-09-09,99010KAF2,THAN,SELL,750000,89.306,669795.0,Talvesham Partners,Desk 1
T0087,2026-09-08,14:18,2026-09-09,99119PAE4,FESN,SELL,250000,98.85,247125.0,Kestermoor Securities,Desk 3
T0088,2026-09-08,15:03,2026-09-09,99002CAB9,DNMR,BUY,100000,90.224,90224.0,Orlinthe Capital,Desk 3
T0089,2026-09-08,15:39,2026-09-09,99075XAE9,CORA,SELL,100000,99.839,99839.0,Zembrook Securities,Desk 3
T0090,2026-09-08,16:40,2026-09-09,99039NAG1,BEZL,SELL,50000,93.337,46668.5,Kestermoor Securities,Desk 3
T0091,2026-09-08,16:41,2026-09-09,99075XAE9,CORA,BUY,200000,99.851,199702.0,Talvesham Partners,Desk 3
T0092,2026-09-08,16:53,2026-09-09,99039NAG1,BEZL,BUY,250000,93.395,233487.5,Talvesham Partners,Desk 3
T0093,2026-09-09,09:00,2026-09-10,99091NAC5,VRAN,SELL,515000,101.049,520402.35,Kestermoor Securities,Desk 1
T0094,2026-09-09,09:13,2026-09-10,99075XAE9,CORA,BUY,100000,100.014,100014.0,Kestermoor Securities,Desk 3
T0095,2026-09-09,10:30,2026-09-10,99054CAC4,NEVX,SELL,400000,104.185,416740.0,Kestermoor Securities,Desk 3
T0096,2026-09-09,10:31,2026-09-10,99117NAA9,SKEY,BUY,495000,116.055,574472.25,Zembrook Securities,Desk 2
T0097,2026-09-09,10:47,2026-09-10,99010KAF2,THAN,SELL,250000,89.542,223855.0,Zembrook Securities,Desk 1
T0098,2026-09-09,10:50,2026-09-10,99055DAD9,MULN,SELL,150000,106.051,159076.5,Pendraleth Capital,Desk 3
T0099,2026-09-09,11:13,2026-09-10,99120QAC3,CLAL,SELL,255000,96.433,245904.15,Wendlecroft Securities,Desk 1
T0100,2026-09-09,11:40,2026-09-10,99057FAE0,VYRN,SELL,500000,110.921,554605.0,Wendlecroft Securities,Desk 4
T0101,2026-09-09,13:36,2026-09-10,99075XAE9,CORA,BUY,100000,100.06,100060.0,Pendraleth Capital,Desk 3
T0102,2026-09-09,14:13,2026-09-10,99019TAA5,VYRX,SELL,100000,103.932,103932.0,Wendlecroft Securities,Desk 4
T0103,2026-09-09,14:16,2026-09-10,99117NAC5,SKEY,BUY,400000,97.026,388104.0,Kestermoor Securities,Desk 2
T0104,2026-09-09,14:32,2026-09-10,99114KAB6,LORE,BUY,50000,104.619,52309.5,Wendlecroft Securities,Desk 4
T0105,2026-09-09,15:00,2026-09-10,99087JAC0,KRIX,SELL,750000,109.349,820117.5,Zembrook Securities,Desk 4
T0106,2026-09-09,15:25,2026-09-10,99006GAC4,VYRH,SELL,50000,101.299,50649.5,Pendraleth Capital,Desk 3
T0107,2026-09-09,15:48,2026-09-10,99070SAF2,DRAR,BUY,250000,95.796,239490.0,Wendlecroft Securities,Desk 1
T0108,2026-09-09,16:46,2026-09-10,99057FAC4,VYRN,SELL,400000,96.72,386880.0,Kestermoor Securities,Desk 4
T0109,2026-09-09,16:53,2026-09-10,99003DAE0,PLWK,BUY,50000,95.695,47847.5,Kestermoor Securities,Desk 2
T0110,2026-09-09,16:59,2026-09-10,99096SAB1,THAX,SELL,750000,104.073,780547.5,Zembrook Securities,Desk 3
T0111,2026-09-10,08:27,2026-09-11,99050YAA4,TOVY,SELL,100000,99.159,99159.0,Talvesham Partners,Desk 4
T0112,2026-09-10,09:17,2026-09-11,99058GAC1,DELR,SELL,150000,103.021,154531.5,Orlinthe Capital,Desk 2
T0113,2026-09-10,09:30,2026-09-11,99103ZAC4,CLAX,SELL,150000,99.438,149157.0,Zembrook Securities,Desk 2
T0114,2026-09-10,10:11,2026-09-11,99117NAC5,SKEY,BUY,500000,97.098,485490.0,Wendlecroft Securities,Desk 2
T0115,2026-09-10,10:13,2026-09-11,99030EAE5,DRAE,SELL,500000,98.963,494815.0,Kestermoor Securities,Desk 4
T0116,2026-09-10,10:16,2026-09-11,99145PAA0,PRAR,SELL,400000,92.066,368264.0,Talvesham Partners,Desk 2
T0117,2026-09-10,10:19,2026-09-11,99058GAC1,DELR,BUY,200000,103.064,206128.0,Wendlecroft Securities,Desk 2
T0118,2026-09-10,10:32,2026-09-11,99078AAD8,HESA,SELL,500000,97.718,488590.0,Zembrook Securities,Desk 3
T0119,2026-09-10,11:06,2026-09-11,99037LAF9,GRON,BUY,750000,116.857,876427.5,Talvesham Partners,Desk 3
T0120,2026-09-10,11:09,2026-09-11,99063LAE9,VRAR,SELL,250000,102.442,256105.0,Talvesham Partners,Desk 3
T0121,2026-09-10,11:24,2026-09-11,99054CAB6,NEVX,SELL,50000,103.429,51714.5,Kestermoor Securities,Desk 3
T0122,2026-09-10,11:41,2026-09-11,99111HAA8,XANE,SELL,25000,100.907,25226.75,Kestermoor Securities,Desk 3
T0123,2026-09-10,11:43,2026-09-11,99140KAG3,BRUH,SELL,300000,103.439,310317.0,Zembrook Securities,Desk 3
T0124,2026-09-10,13:10,2026-09-11,99111HAA8,XANE,BUY,100000,100.851,100851.0,Ulverthorne Markets,Desk 3
T0125,2026-09-10,13:32,2026-09-11,99075XAE9,CORA,SELL,250000,100.014,250035.0,Wendlecroft Securities,Desk 3
T0126,2026-09-10,14:05,2026-09-11,99013NAC0,KEZE,SELL,750000,93.842,703815.0,Ulverthorne Markets,Desk 2
T0127,2026-09-10,14:12,2026-09-11,99004EAB3,HLVF,SELL,100000,88.678,88678.0,Pendraleth Capital,Desk 3
T0128,2026-09-10,14:33,2026-09-11,99111HAA8,XANE,SELL,750000,100.886,756645.0,Zembrook Securities,Desk 3
T0129,2026-09-10,14:39,2026-09-11,99114KAB6,LORE,SELL,150000,104.679,157018.5,Talvesham Partners,Desk 4
T0130,2026-09-10,14:59,2026-09-11,99117NAA9,SKEY,SELL,30000,116.46,34938.0,Orlinthe Capital,Desk 2
T0131,2026-09-10,15:00,2026-09-11,99117NAA9,SKEY,BUY,100000,116.448,116448.0,Orlinthe Capital,Desk 2
T0132,2026-09-10,16:39,2026-09-11,99075XAG4,CORA,BUY,400000,99.328,397312.0,Talvesham Partners,Desk 3
T0133,2026-09-10,16:58,2026-09-11,99054CAD2,NEVX,SELL,500000,102.994,514970.0,Orlinthe Capital,Desk 3
T0134,2026-09-11,09:46,2026-09-14,99120QAC3,CLAL,SELL,150000,96.858,145287.0,Wendlecroft Securities,Desk 1
T0135,2026-09-11,09:59,2026-09-14,99114KAB6,LORE,BUY,25000,104.487,26121.75,Kestermoor Securities,Desk 4
T0136,2026-09-11,10:09,2026-09-14,99087JAC0,KRIX,BUY,415000,108.919,452013.85,Kestermoor Securities,Desk 4
T0137,2026-09-11,10:30,2026-09-14,99112IAA5,CORH,BUY,100000,89.738,89738.0,Kestermoor Securities,Desk 4
T0138,2026-09-11,10:30,2026-09-14,99010KAH8,THAN,SELL,2000000,94.181,1883620.0,Zembrook Securities,Desk 1
T0139,2026-09-11,10:44,2026-09-14,99052AAA4,HULE,SELL,200000,96.229,192458.0,Orlinthe Capital,Desk 2
T0140,2026-09-11,11:32,2026-09-14,99114KAB6,LORE,BUY,250000,104.528,261320.0,Orlinthe Capital,Desk 4
T0141,2026-09-11,13:03,2026-09-14,99087JAG1,KRIX,SELL,160000,102.799,164478.4,Talvesham Partners,Desk 4
T0142,2026-09-11,13:18,2026-09-14,99058GAC1,DELR,SELL,150000,103.162,154743.0,Wendlecroft Securities,Desk 2
T0143,2026-09-11,14:48,2026-09-14,99003DAE0,PLWK,BUY,300000,95.684,287052.0,Kestermoor Securities,Desk 2
T0144,2026-09-11,14:56,2026-09-14,99143NAA7,PLEA,SELL,750000,103.431,775732.5,Pendraleth Capital,Desk 1
T0145,2026-09-11,15:04,2026-09-14,99094QAD3,NEVE,SELL,200000,106.79,213580.0,Talvesham Partners,Desk 2
T0146,2026-09-11,15:59,2026-09-14,99058GAC1,DELR,SELL,100000,103.064,103064.0,Orlinthe Capital,Desk 2
T0147,2026-09-11,16:19,2026-09-14,99039NAC0,BEZL,SELL,100000,99.07,99070.0,Ulverthorne Markets,Desk 3
T0148,2026-09-14,08:55,2026-09-15,99014OAC7,ELVN,SELL,65000,104.64,68016.0,Pendraleth Capital,Desk 3
T0149,2026-09-14,09:01,2026-09-15,99109FAA6,THAA,BUY,150000,97.934,146901.0,Talvesham Partners,Desk 2
T0150,2026-09-14,10:10,2026-09-15,99126WAE0,BEZR,SELL,250000,98.519,246297.5,Orlinthe Capital,Desk 1
T0151,2026-09-14,11:04,2026-09-15,99123TAH3,DRAH,BUY,2500000,94.101,2352525.0,Talvesham Partners,Desk 1
T0152,2026-09-14,12:42,2026-09-15,99007HAA5,TRNW,SELL,500000,105.02,525100.0,Wendlecroft Securities,Desk 1
T0153,2026-09-14,13:11,2026-09-15,99117NAA9,SKEY,SELL,500000,116.037,580185.0,Wendlecroft Securities,Desk 2
T0154,2026-09-14,15:34,2026-09-15,99003DAE0,PLWK,SELL,500000,96.057,480285.0,Wendlecroft Securities,Desk 2
T0155,2026-09-14,16:05,2026-09-15,99075XAE9,CORA,BUY,150000,99.953,149929.5,Zembrook Securities,Desk 3
T0156,2026-09-14,16:25,2026-09-15,99058GAC1,DELR,BUY,100000,102.796,102796.0,Wendlecroft Securities,Desk 2
T0157,2026-09-14,16:28,2026-09-15,99112IAB3,CORH,SELL,50000,101.897,50948.5,Zembrook Securities,Desk 4
T0158,2026-09-14,16:35,2026-09-15,99042QAA2,VYRR,SELL,150000,100.896,151344.0,Orlinthe Capital,Desk 3
T0159,2026-09-15,08:05,2026-09-16,99138IAF4,ZEPN,BUY,250000,94.024,235060.0,Kestermoor Securities,Desk 2
T0160,2026-09-15,09:15,2026-09-16,99033HAF2,CLAE,SELL,5000000,106.702,5335100.0,Talvesham Partners,Desk 3
T0161,2026-09-15,09:58,2026-09-16,99117NAC5,SKEY,SELL,100000,97.555,97555.0,Orlinthe Capital,Desk 2
T0162,2026-09-15,10:07,2026-09-16,99059HAD6,LORH,BUY,110000,92.816,102097.6,Orlinthe Capital,Desk 2
T0163,2026-09-15,10:39,2026-09-16,99036KAA3,XANL,BUY,100000,105.297,105297.0,Zembrook Securities,Desk 2
T0164,2026-09-15,10:41,2026-09-16,99079BAC7,RULR,SELL,200000,91.948,183896.0,Talvesham Partners,Desk 1
T0165,2026-09-15,11:00,2026-09-16,99144OAF3,LORX,BUY,150000,104.448,156672.0,Wendlecroft Securities,Desk 2
T0166,2026-09-15,11:06,2026-09-16,99024YAE9,VYRE,BUY,35000,110.668,38733.8,Zembrook Securities,Desk 2
T0167,2026-09-15,11:44,2026-09-16,99015PAE9,PRAE,BUY,205000,100.722,206480.1,Zembrook Securities,Desk 2
T0168,2026-09-15,12:26,2026-09-16,99075XAE9,CORA,SELL,200000,99.951,199902.0,Zembrook Securities,Desk 3
T0169,2026-09-15,12:43,2026-09-16,99144OAF3,LORX,BUY,200000,104.432,208864.0,Pendraleth Capital,Desk 2
T0170,2026-09-15,12:52,2026-09-16,99058GAC1,DELR,SELL,500000,102.824,514120.0,Talvesham Partners,Desk 2
T0171,2026-09-15,13:24,2026-09-16,99046UAA9,SKEN,SELL,150000,108.31,162465.0,Talvesham Partners,Desk 2
T0172,2026-09-15,14:09,2026-09-16,99123TAH3,DRAH,BUY,400000,94.249,376996.0,Orlinthe Capital,Desk 1
T0173,2026-09-15,14:25,2026-09-16,99076YAD8,LORN,BUY,400000,100.584,402336.0,Talvesham Partners,Desk 2
T0174,2026-09-15,15:14,2026-09-16,99109FAA6,THAA,SELL,25000,98.22,24555.0,Zembrook Securities,Desk 2
T0175,2026-09-15,15:19,2026-09-16,99146QAF6,RULN,BUY,500000,96.166,480830.0,Pendraleth Capital,Desk 3
T0176,2026-09-15,15:26,2026-09-16,99114KAB6,LORE,SELL,50000,104.695,52347.5,Kestermoor Securities,Desk 4
T0177,2026-09-15,15:58,2026-09-16,99011LAC6,GALN,BUY,765000,87.553,669780.45,Talvesham Partners,Desk 2
T0178,2026-09-15,16:50,2026-09-16,99091NAC5,VRAN,BUY,250000,100.711,251777.5,Wendlecroft Securities,Desk 1
T0179,2026-09-15,16:59,2026-09-16,99085HAA0,TROR,SELL,265000,99.641,264048.65,Ulverthorne Markets,Desk 2
T0180,2026-09-16,08:04,2026-09-17,99144OAF3,LORX,SELL,200000,104.352,208704.0,Wendlecroft Securities,Desk 2
T0181,2026-09-16,08:16,2026-09-17,99114KAB6,LORE,SELL,200000,104.624,209248.0,Zembrook Securities,Desk 4
T0182,2026-09-16,08:40,2026-09-17,99120QAC3,CLAL,BUY,100000,97.214,97214.0,Orlinthe Capital,Desk 1
T0183,2026-09-16,08:41,2026-09-17,99144OAF3,LORX,SELL,150000,104.391,156586.5,Kestermoor Securities,Desk 2
T0184,2026-09-16,09:40,2026-09-17,99066OAD2,NEVN,SELL,100000,93.713,93713.0,Wendlecroft Securities,Desk 1
T0185,2026-09-16,09:52,2026-09-17,99071TAG7,CORL,SELL,250000,97.589,243972.5,Wendlecroft Securities,Desk 2
T0186,2026-09-16,10:02,2026-09-17,99143NAA7,PLEA,BUY,150000,103.344,155016.0,Kestermoor Securities,Desk 1
T0187,2026-09-16,10:05,2026-09-17,99144OAF3,LORX,SELL,750000,104.356,782670.0,Pendraleth Capital,Desk 2
T0188,2026-09-16,10:33,2026-09-17,99117NAA9,SKEY,BUY,750000,116.08,870600.0,Ulverthorne Markets,Desk 2
T0189,2026-09-16,10:37,2026-09-17,99135FAF3,XANR,SELL,250000,93.806,234515.0,Orlinthe Capital,Desk 4
T0190,2026-09-16,11:01,2026-09-17,99117NAC5,SKEY,BUY,400000,97.665,390660.0,Orlinthe Capital,Desk 2
T0191,2026-09-16,11:06,2026-09-17,99064MAC0,HESR,BUY,750000,113.677,852577.5,Talvesham Partners,Desk 2
T0192,2026-09-16,12:30,2026-09-17,99069RAD2,FESR,BUY,40000,86.92,34768.0,Wendlecroft Securities,Desk 4
T0193,2026-09-16,14:26,2026-09-17,99117NAA9,SKEY,BUY,150000,116.147,174220.5,Zembrook Securities,Desk 2
T0194,2026-09-16,15:09,2026-09-17,99046UAA9,SKEN,BUY,405000,108.594,439805.7,Talvesham Partners,Desk 2
T0195,2026-09-16,15:39,2026-09-17,99057FAC4,VYRN,BUY,500000,96.716,483580.0,Ulverthorne Markets,Desk 4
T0196,2026-09-16,15:56,2026-09-17,99144OAF3,LORX,BUY,50000,104.313,52156.5,Wendlecroft Securities,Desk 2
T0197,2026-09-16,16:20,2026-09-17,99087JAC0,KRIX,BUY,250000,109.168,272920.0,Zembrook Securities,Desk 4
T0198,2026-09-16,16:33,2026-09-17,99117NAA9,SKEY,BUY,500000,116.114,580570.0,Orlinthe Capital,Desk 2
T0199,2026-09-17,08:44,2026-09-18,99010KAH8,THAN,BUY,300000,94.497,283491.0,Orlinthe Capital,Desk 1
T0200,2026-09-17,09:28,2026-09-18,99123TAH3,DRAH,SELL,300000,94.331,282993.0,Wendlecroft Securities,Desk 1
T0201,2026-09-17,09:32,2026-09-18,99055DAD9,MULN,SELL,400000,105.623,422492.0,Orlinthe Capital,Desk 3
T0202,2026-09-17,10:11,2026-09-18,99089LAC3,ELVE,BUY,200000,101.465,202930.0,Ulverthorne Markets,Desk 2
T0203,2026-09-17,10:14,2026-09-18,99059HAD6,LORH,BUY,265000,92.765,245827.25,Talvesham Partners,Desk 2
T0204,2026-09-17,10:15,2026-09-18,99039NAG1,BEZL,BUY,150000,92.189,138283.5,Orlinthe Capital,Desk 3
T0205,2026-09-17,10:54,2026-09-18,99007HAA5,TRNW,BUY,740000,105.223,778650.2,Talvesham Partners,Desk 1
T0206,2026-09-17,11:12,2026-09-18,99054CAB6,NEVX,BUY,250000,103.307,258267.5,Pendraleth Capital,Desk 3
T0207,2026-09-17,11:15,2026-09-18,99091NAC5,VRAN,SELL,150000,100.792,151188.0,Kestermoor Securities,Desk 1
T0208,2026-09-17,11:18,2026-09-18,99024YAC3,VYRE,SELL,25000,105.536,26384.0,Kestermoor Securities,Desk 2
T0209,2026-09-17,11:31,2026-09-18,99088KAB8,GALX,BUY,200000,100.012,200024.0,Kestermoor Securities,Desk 2
T0210,2026-09-17,13:48,2026-09-18,99008IAA2,OSMC,BUY,200000,94.442,188884.0,Orlinthe Capital,Desk 2
T0211,2026-09-17,14:35,2026-09-18,99065NAB9,RULL,SELL,300000,103.217,309651.0,Orlinthe Capital,Desk 4
T0212,2026-09-17,14:42,2026-09-18,99013NAC0,KEZE,SELL,300000,94.394,283182.0,Orlinthe Capital,Desk 2
T0213,2026-09-17,15:07,2026-09-18,99075XAE9,CORA,SELL,200000,99.742,199484.0,Kestermoor Securities,Desk 3
T0214,2026-09-17,15:37,2026-09-18,99002CAB9,DNMR,BUY,150000,89.376,134064.0,Talvesham Partners,Desk 3
T0215,2026-09-17,15:42,2026-09-18,99091NAC5,VRAN,SELL,55000,100.73,55401.5,Zembrook Securities,Desk 1
T0216,2026-09-17,16:35,2026-09-18,99114KAB6,LORE,SELL,250000,104.798,261995.0,Zembrook Securities,Desk 4
T0217,2026-09-17,16:40,2026-09-18,99003DAE0,PLWK,BUY,300000,96.06,288180.0,Zembrook Securities,Desk 2
T0218,2026-09-18,09:18,2026-09-21,99144OAF3,LORX,BUY,750000,104.474,783555.0,Orlinthe Capital,Desk 2
T0219,2026-09-18,09:58,2026-09-21,99063LAD1,VRAR,SELL,750000,95.721,717907.5,Pendraleth Capital,Desk 3
T0220,2026-09-18,10:40,2026-09-21,99007HAA5,TRNW,BUY,400000,104.975,419900.0,Talvesham Partners,Desk 1
T0221,2026-09-18,10:45,2026-09-21,99054CAB6,NEVX,BUY,400000,103.509,414036.0,Wendlecroft Securities,Desk 3
T0222,2026-09-18,10:48,2026-09-21,99145PAA0,PRAR,BUY,50000,92.366,46183.0,Zembrook Securities,Desk 2
T0223,2026-09-18,11:57,2026-09-21,99140KAG3,BRUH,BUY,250000,105.05,262625.0,Kestermoor Securities,Desk 3
T0224,2026-09-18,13:11,2026-09-21,99118OAC2,WYXR,BUY,140000,103.808,145331.2,Kestermoor Securities,Desk 4
T0225,2026-09-18,14:15,2026-09-21,99019TAA5,VYRX,SELL,250000,103.618,259045.0,Talvesham Partners,Desk 4
T0226,2026-09-18,14:53,2026-09-21,99117NAC5,SKEY,BUY,500000,97.235,486175.0,Zembrook Securities,Desk 2
T0227,2026-09-18,15:24,2026-09-21,99066OAD2,NEVN,BUY,315000,94.238,296849.7,Talvesham Partners,Desk 1
T0228,2026-09-18,15:47,2026-09-21,99024YAE9,VYRE,SELL,25000,109.59,27397.5,Zembrook Securities,Desk 2
T0229,2026-09-18,15:53,2026-09-21,99063LAD1,VRAR,SELL,245000,95.808,234729.6,Kestermoor Securities,Desk 3
T0230,2026-09-18,16:06,2026-09-21,99087JAC0,KRIX,SELL,200000,108.927,217854.0,Kestermoor Securities,Desk 4
T0231,2026-09-21,08:49,2026-09-22,99027BAA4,KEZA,SELL,500000,118.243,591215.0,Wendlecroft Securities,Desk 3
T0232,2026-09-21,09:04,2026-09-22,99045TAE5,JAXR,SELL,200000,103.796,207592.0,Zembrook Securities,Desk 4
T0233,2026-09-21,09:06,2026-09-22,99015PAD1,PRAE,BUY,500000,95.294,476470.0,Talvesham Partners,Desk 2
T0234,2026-09-21,10:29,2026-09-22,99112IAB3,CORH,SELL,200000,102.042,204084.0,Zembrook Securities,Desk 4
T0235,2026-09-21,10:35,2026-09-22,99075XAE9,CORA,SELL,50000,99.771,49885.5,Ulverthorne Markets,Desk 3
T0236,2026-09-21,11:44,2026-09-22,99039NAG1,BEZL,SELL,25000,92.335,23083.75,Wendlecroft Securities,Desk 3
T0237,2026-09-21,11:56,2026-09-22,99131BAB5,PLER,BUY,3000000,98.307,2949210.0,Talvesham Partners,Desk 2
T0238,2026-09-21,13:03,2026-09-22,99019TAA5,VYRX,BUY,25000,103.401,25850.25,Kestermoor Securities,Desk 4
T0239,2026-09-21,16:59,2026-09-22,99054CAB6,NEVX,BUY,500000,103.617,518085.0,Zembrook Securities,Desk 3
T0240,2026-09-22,08:44,2026-09-23,99091NAC5,VRAN,BUY,200000,100.635,201270.0,Talvesham Partners,Desk 1
T0241,2026-09-22,09:43,2026-09-23,99146QAE9,RULN,BUY,250000,102.655,256637.5,Wendlecroft Securities,Desk 3
T0242,2026-09-22,09:57,2026-09-23,99144OAF3,LORX,BUY,100000,104.962,104962.0,Kestermoor Securities,Desk 2
T0243,2026-09-22,11:36,2026-09-23,99106CAH1,QUEX,BUY,300000,98.85,296550.0,Talvesham Partners,Desk 1
T0244,2026-09-22,12:26,2026-09-23,99111HAA8,XANE,SELL,55000,100.887,55487.85,Orlinthe Capital,Desk 3
T0245,2026-09-22,12:44,2026-09-23,99023XAD4,DRAA,SELL,50000,104.91,52455.0,Kestermoor Securities,Desk 3
T0246,2026-09-22,12:56,2026-09-23,99027BAA4,KEZA,BUY,100000,117.867,117867.0,Wendlecroft Securities,Desk 3
T0247,2026-09-22,14:23,2026-09-23,99075XAE9,CORA,BUY,200000,99.52,199040.0,Zembrook Securities,Desk 3
T0248,2026-09-22,14:23,2026-09-23,99058GAC1,DELR,SELL,100000,102.627,102627.0,Kestermoor Securities,Desk 2
T0249,2026-09-22,14:27,2026-09-23,99007HAA5,TRNW,SELL,200000,105.154,210308.0,Zembrook Securities,Desk 1
T0250,2026-09-22,14:36,2026-09-23,99078AAD8,HESA,BUY,25000,97.536,24384.0,Kestermoor Securities,Desk 3
T0251,2026-09-22,14:36,2026-09-23,99057FAC4,VYRN,SELL,240000,96.353,231247.2,Wendlecroft Securities,Desk 4
T0252,2026-09-22,14:52,2026-09-23,99007HAA5,TRNW,BUY,200000,105.125,210250.0,Ulverthorne Markets,Desk 1
T0253,2026-09-22,15:10,2026-09-23,99105BAB7,VRAL,SELL,250000,101.651,254127.5,Ulverthorne Markets,Desk 4
T0254,2026-09-22,15:32,2026-09-23,99058GAC1,DELR,SELL,300000,102.601,307803.0,Orlinthe Capital,Desk 2
T0255,2026-09-22,16:28,2026-09-23,99066OAB6,NEVN,SELL,250000,96.088,240220.0,Wendlecroft Securities,Desk 1
T0256,2026-09-23,08:25,2026-09-24,99002CAB9,DNMR,SELL,150000,89.865,134797.5,Zembrook Securities,Desk 3
T0257,2026-09-23,09:05,2026-09-24,99112IAB3,CORH,BUY,50000,101.907,50953.5,Orlinthe Capital,Desk 4
T0258,2026-09-23,09:13,2026-09-24,99078AAE6,HESA,BUY,210000,112.755,236785.5,Orlinthe Capital,Desk 3
T0259,2026-09-23,09:18,2026-09-24,99119PAE4,FESN,SELL,400000,99.437,397748.0,Zembrook Securities,Desk 3
T0260,2026-09-23,09:22,2026-09-24,99007HAA5,TRNW,BUY,300000,104.985,314955.0,Kestermoor Securities,Desk 1
T0261,2026-09-23,09:27,2026-09-24,99144OAF3,LORX,BUY,400000,104.816,419264.0,Pendraleth Capital,Desk 2
T0262,2026-09-23,09:48,2026-09-24,99069RAD2,FESR,BUY,150000,87.189,130783.5,Orlinthe Capital,Desk 4
T0263,2026-09-23,10:11,2026-09-24,99114KAB6,LORE,BUY,100000,105.033,105033.0,Ulverthorne Markets,Desk 4
T0264,2026-09-23,10:18,2026-09-24,99039NAG1,BEZL,BUY,25000,91.999,22999.75,Zembrook Securities,Desk 3
T0265,2026-09-23,10:48,2026-09-24,99140KAG3,BRUH,SELL,385000,104.887,403814.95,Zembrook Securities,Desk 3
T0266,2026-09-23,10:50,2026-09-24,99062KAA0,ZEPL,BUY,400000,89.889,359556.0,Ulverthorne Markets,Desk 3
T0267,2026-09-23,10:52,2026-09-24,99069RAD2,FESR,BUY,215000,87.18,187437.0,Orlinthe Capital,Desk 4
T0268,2026-09-23,11:00,2026-09-24,99009JAA9,CLDB,BUY,300000,62.429,187287.0,Pendraleth Capital,Desk 3
T0269,2026-09-23,11:05,2026-09-24,99052AAA4,HULE,SELL,755000,96.251,726695.05,Talvesham Partners,Desk 2
T0270,2026-09-23,11:19,2026-09-24,99052AAA4,HULE,BUY,100000,96.254,96254.0,Orlinthe Capital,Desk 2
T0271,2026-09-23,11:30,2026-09-24,99033HAF2,CLAE,BUY,765000,107.051,818940.15,Orlinthe Capital,Desk 3
T0272,2026-09-23,12:26,2026-09-24,99078AAD8,HESA,BUY,500000,97.241,486205.0,Kestermoor Securities,Desk 3
T0273,2026-09-23,12:42,2026-09-24,99054CAD2,NEVX,SELL,750000,103.093,773197.5,Talvesham Partners,Desk 3
T0274,2026-09-23,13:10,2026-09-24,99114KAB6,LORE,BUY,250000,104.994,262485.0,Zembrook Securities,Desk 4
T0275,2026-09-23,13:27,2026-09-24,99069RAD2,FESR,SELL,160000,87.192,139507.2,Orlinthe Capital,Desk 4
T0276,2026-09-23,14:41,2026-09-24,99054CAG5,NEVX,BUY,100000,73.178,73178.0,Kestermoor Securities,Desk 3
T0277,2026-09-23,15:17,2026-09-24,99112IAB3,CORH,BUY,50000,101.98,50990.0,Zembrook Securities,Desk 4
T0278,2026-09-23,15:19,2026-09-24,99117NAA9,SKEY,BUY,150000,116.101,174151.5,Orlinthe Capital,Desk 2
T0279,2026-09-23,16:15,2026-09-24,99039NAG1,BEZL,SELL,300000,92.027,276081.0,Wendlecroft Securities,Desk 3
T0280,2026-09-23,16:30,2026-09-24,99145PAA0,PRAR,BUY,200000,92.03,184060.0,Talvesham Partners,Desk 2
T0281,2026-09-23,16:37,2026-09-24,99006GAC4,VYRH,BUY,50000,101.337,50668.5,Wendlecroft Securities,Desk 3
T0282,2026-09-24,08:10,2026-09-25,99003DAE0,PLWK,SELL,150000,95.866,143799.0,Zembrook Securities,Desk 2
T0283,2026-09-24,08:41,2026-09-25,99054CAB6,NEVX,BUY,150000,103.882,155823.0,Zembrook Securities,Desk 3
T0284,2026-09-24,08:44,2026-09-25,99100WAE0,FESH,SELL,485000,93.143,451743.55,Zembrook Securities,Desk 1
T0285,2026-09-24,09:16,2026-09-25,99091NAA9,VRAN,BUY,10000,91.675,9167.5,Pendraleth Capital,Desk 1
T0286,2026-09-24,09:18,2026-09-25,99023XAD4,DRAA,BUY,200000,105.025,210050.0,Kestermoor Securities,Desk 3
T0287,2026-09-24,09:30,2026-09-25,99003DAE0,PLWK,BUY,300000,95.757,287271.0,Zembrook Securities,Desk 2
T0288,2026-09-24,10:02,2026-09-25,99075XAE9,CORA,BUY,260000,99.377,258380.2,Zembrook Securities,Desk 3
T0289,2026-09-24,10:06,2026-09-25,99112IAA5,CORH,BUY,295000,88.965,262446.75,Kestermoor Securities,Desk 4
T0290,2026-09-24,10:07,2026-09-25,99007HAA5,TRNW,SELL,745000,104.817,780886.65,Talvesham Partners,Desk 1
T0291,2026-09-24,10:34,2026-09-25,99141LAA3,CLAY,SELL,25000,98.522,24630.5,Kestermoor Securities,Desk 1
T0292,2026-09-24,10:58,2026-09-25,99024YAE9,VYRE,BUY,200000,109.901,219802.0,Orlinthe Capital,Desk 2
T0293,2026-09-24,11:29,2026-09-25,99078AAE6,HESA,BUY,250000,113.006,282515.0,Zembrook Securities,Desk 3
T0294,2026-09-24,11:44,2026-09-25,99054CAG5,NEVX,SELL,500000,73.615,368075.0,Pendraleth Capital,Desk 3
T0295,2026-09-24,12:05,2026-09-25,99014OAC7,ELVN,SELL,105000,104.691,109925.55,Orlinthe Capital,Desk 3
T0296,2026-09-24,12:38,2026-09-25,99008IAA2,OSMC,BUY,500000,95.236,476180.0,Kestermoor Securities,Desk 2
T0297,2026-09-24,13:46,2026-09-25,99089LAF6,ELVE,SELL,405000,96.566,391092.3,Kestermoor Securities,Desk 2
T0298,2026-09-24,14:17,2026-09-25,99002CAB9,DNMR,SELL,25000,90.011,22502.75,Orlinthe Capital,Desk 3
T0299,2026-09-24,14:29,2026-09-25,99075XAE9,CORA,SELL,250000,99.401,248502.5,Talvesham Partners,Desk 3
T0300,2026-09-24,14:29,2026-09-25,99111HAA8,XANE,BUY,150000,101.048,151572.0,Orlinthe Capital,Desk 3
T0301,2026-09-24,15:54,2026-09-25,99002CAB9,DNMR,SELL,100000,89.962,89962.0,Kestermoor Securities,Desk 3
T0302,2026-09-24,15:58,2026-09-25,99093PAB0,TROE,BUY,115000,100.771,115886.65,Kestermoor Securities,Desk 3
T0303,2026-09-24,16:02,2026-09-25,99104AAD6,YARN,SELL,150000,98.27,147405.0,Orlinthe Capital,Desk 2
T0304,2026-09-25,09:10,2026-09-28,99063LAC3,VRAR,SELL,100000,100.049,100049.0,Kestermoor Securities,Desk 3
T0305,2026-09-25,09:46,2026-09-28,99031FAF8,LORL,BUY,150000,100.103,150154.5,Kestermoor Securities,Desk 4
T0306,2026-09-25,10:34,2026-09-28,99140KAG3,BRUH,SELL,100000,105.402,105402.0,Wendlecroft Securities,Desk 3
T0307,2026-09-25,10:53,2026-09-28,99093PAA2,TROE,SELL,40000,99.336,39734.4,Kestermoor Securities,Desk 3
T0308,2026-09-25,11:52,2026-09-28,99140KAG3,BRUH,BUY,50000,105.35,52675.0,Zembrook Securities,Desk 3
T0309,2026-09-25,11:57,2026-09-28,99003DAE0,PLWK,SELL,200000,95.62,191240.0,Orlinthe Capital,Desk 2
T0310,2026-09-25,13:24,2026-09-28,99133DAB9,FARX,BUY,25000,103.022,25755.5,Wendlecroft Securities,Desk 2
T0311,2026-09-25,13:26,2026-09-28,99026AAD1,NEVR,BUY,750000,100.337,752527.5,Ulverthorne Markets,Desk 2
T0312,2026-09-25,13:29,2026-09-28,99104AAD6,YARN,BUY,400000,98.266,393064.0,Zembrook Securities,Desk 2
T0313,2026-09-25,14:30,2026-09-28,99120QAE9,CLAL,SELL,250000,98.83,247075.0,Kestermoor Securities,Desk 1
T0314,2026-09-25,14:52,2026-09-28,99070SAF2,DRAR,BUY,25000,96.608,24152.0,Kestermoor Securities,Desk 1
T0315,2026-09-25,15:24,2026-09-28,99039NAG1,BEZL,SELL,95000,91.919,87323.05,Kestermoor Securities,Desk 3
T0316,2026-09-25,15:27,2026-09-28,99144OAF3,LORX,BUY,150000,104.882,157323.0,Kestermoor Securities,Desk 2
T0317,2026-09-25,16:18,2026-09-28,99054CAB6,NEVX,BUY,710000,104.062,738840.2,Zembrook Securities,Desk 3
T0318,2026-09-28,10:26,2026-09-29,99042QAA2,VYRR,BUY,750000,101.043,757822.5,Zembrook Securities,Desk 3
T0319,2026-09-28,10:53,2026-09-29,99114KAB6,LORE,BUY,100000,105.013,105013.0,Ulverthorne Markets,Desk 4
T0320,2026-09-28,11:55,2026-09-29,99112IAB3,CORH,SELL,50000,101.834,50917.0,Zembrook Securities,Desk 4
T0321,2026-09-28,11:56,2026-09-29,99143NAA7,PLEA,SELL,750000,103.353,775147.5,Orlinthe Capital,Desk 1
T0322,2026-09-28,16:18,2026-09-29,99146QAF6,RULN,BUY,150000,95.274,142911.0,Pendraleth Capital,Desk 3
T0323,2026-09-28,16:26,2026-09-29,99024YAE9,VYRE,BUY,300000,109.773,329319.0,Kestermoor Securities,Desk 2
T0324,2026-09-28,16:44,2026-09-29,99007HAA5,TRNW,BUY,250000,104.571,261427.5,Zembrook Securities,Desk 1
T0325,2026-09-29,08:23,2026-09-30,99055DAD9,MULN,BUY,115000,105.706,121561.9,Zembrook Securities,Desk 3
T0326,2026-09-29,09:22,2026-09-30,99075XAE9,CORA,SELL,250000,99.908,249770.0,Pendraleth Capital,Desk 3
T0327,2026-09-29,09:25,2026-09-30,99062KAA0,ZEPL,BUY,300000,90.3,270900.0,Kestermoor Securities,Desk 3
T0328,2026-09-29,09:26,2026-09-30,99075XAE9,CORA,BUY,160000,99.811,159697.6,Orlinthe Capital,Desk 3
T0329,2026-09-29,09:27,2026-09-30,99107DAC9,GALY,SELL,25000,93.342,23335.5,Kestermoor Securities,Desk 2
T0330,2026-09-29,09:31,2026-09-30,99027BAA4,KEZA,SELL,400000,118.135,472540.0,Wendlecroft Securities,Desk 3
T0331,2026-09-29,09:43,2026-09-30,99030EAE5,DRAE,SELL,195000,99.4,193830.0,Orlinthe Capital,Desk 4
T0332,2026-09-29,10:20,2026-09-30,99024YAE9,VYRE,BUY,760000,109.973,835794.8,Talvesham Partners,Desk 2
T0333,2026-09-29,10:34,2026-09-30,99143NAA7,PLEA,SELL,25000,103.317,25829.25,Wendlecroft Securities,Desk 1
T0334,2026-09-29,10:59,2026-09-30,99089LAA7,ELVE,SELL,200000,93.909,187818.0,Wendlecroft Securities,Desk 2
T0335,2026-09-29,11:07,2026-09-30,99003DAE0,PLWK,SELL,250000,95.936,239840.0,Kestermoor Securities,Desk 2
T0336,2026-09-29,11:33,2026-09-30,99098UAC2,ELVA,BUY,200000,103.993,207986.0,Ulverthorne Markets,Desk 3
T0337,2026-09-29,11:33,2026-09-30,99006GAC4,VYRH,SELL,50000,101.346,50673.0,Kestermoor Securities,Desk 3
T0338,2026-09-29,11:47,2026-09-30,99087JAC0,KRIX,SELL,100000,108.806,108806.0,Kestermoor Securities,Desk 4
T0339,2026-09-29,11:52,2026-09-30,99100WAE0,FESH,BUY,185000,92.492,171110.2,Talvesham Partners,Desk 1
T0340,2026-09-29,12:09,2026-09-30,99039NAG1,BEZL,BUY,395000,92.351,364786.45,Orlinthe Capital,Desk 3
T0341,2026-09-29,12:20,2026-09-30,99007HAA5,TRNW,BUY,250000,104.464,261160.0,Wendlecroft Securities,Desk 1
T0342,2026-09-29,12:47,2026-09-30,99054CAB6,NEVX,SELL,400000,104.275,417100.0,Wendlecroft Securities,Desk 3
T0343,2026-09-29,13:10,2026-09-30,99004EAB3,HLVF,BUY,100000,88.424,88424.0,Zembrook Securities,Desk 3
T0344,2026-09-29,13:21,2026-09-30,99055DAD9,MULN,BUY,150000,105.698,158547.0,Kestermoor Securities,Desk 3
T0345,2026-09-29,14:27,2026-09-30,99114KAB6,LORE,BUY,25000,105.135,26283.75,Ulverthorne Markets,Desk 4
T0346,2026-09-29,14:39,2026-09-30,99007HAA5,TRNW,BUY,500000,104.469,522345.0,Orlinthe Capital,Desk 1
T0347,2026-09-29,14:43,2026-09-30,99069RAD2,FESR,SELL,100000,87.537,87537.0,Orlinthe Capital,Desk 4
T0348,2026-09-29,15:09,2026-09-30,99057FAC4,VYRN,BUY,400000,95.82,383280.0,Ulverthorne Markets,Desk 4
T0349,2026-09-29,15:40,2026-09-30,99075XAE9,CORA,SELL,40000,99.876,39950.4,Orlinthe Capital,Desk 3
T0350,2026-09-29,15:49,2026-09-30,99041PAA5,DRAN,BUY,300000,100.516,301548.0,Pendraleth Capital,Desk 2
T0351,2026-09-29,15:54,2026-09-30,99066OAD2,NEVN,BUY,200000,94.237,188474.0,Talvesham Partners,Desk 1
T0352,2026-09-29,16:09,2026-09-30,99053BAA1,SYLX,BUY,50000,109.774,54887.0,Kestermoor Securities,Desk 3
T0353,2026-09-29,16:48,2026-09-30,99117NAA9,SKEY,BUY,385000,116.33,447870.5,Wendlecroft Securities,Desk 2
T0354,2026-09-30,08:12,2026-10-01,99014OAC7,ELVN,BUY,200000,104.791,209582.0,Talvesham Partners,Desk 3
T0355,2026-09-30,08:45,2026-10-01,99008IAA2,OSMC,BUY,500000,94.705,473525.0,Orlinthe Capital,Desk 2
T0356,2026-09-30,08:46,2026-10-01,99117NAC5,SKEY,BUY,150000,96.646,144969.0,Ulverthorne Markets,Desk 2
T0357,2026-09-30,09:17,2026-10-01,99010KAH8,THAN,BUY,300000,94.816,284448.0,Talvesham Partners,Desk 1
T0358,2026-09-30,09:57,2026-10-01,99075XAE9,CORA,BUY,50000,99.883,49941.5,Zembrook Securities,Desk 3
T0359,2026-09-30,10:05,2026-10-01,99091NAD3,VRAN,SELL,150000,104.467,156700.5,Kestermoor Securities,Desk 1
T0360,2026-09-30,10:51,2026-10-01,99088KAA0,GALX,BUY,165000,98.319,162226.35,Ulverthorne Markets,Desk 2
T0361,2026-09-30,10:51,2026-10-01,99113JAA2,TOVE,BUY,50000,83.301,41650.5,Orlinthe Capital,Desk 1
T0362,2026-09-30,11:26,2026-10-01,99044SAB4,CLAN,BUY,300000,105.443,316329.0,Pendraleth Capital,Desk 4
T0363,2026-09-30,12:10,2026-10-01,99144OAF3,LORX,BUY,300000,104.804,314412.0,Kestermoor Securities,Desk 2
T0364,2026-09-30,12:22,2026-10-01,99024YAE9,VYRE,SELL,200000,109.755,219510.0,Orlinthe Capital,Desk 2
T0365,2026-09-30,14:04,2026-10-01,99075XAE9,CORA,BUY,500000,99.856,499280.0,Talvesham Partners,Desk 3
T0366,2026-09-30,14:05,2026-10-01,99087JAG1,KRIX,BUY,500000,102.321,511605.0,Talvesham Partners,Desk 4
T0367,2026-09-30,14:08,2026-10-01,99091NAA9,VRAN,SELL,3000000,92.203,2766090.0,Orlinthe Capital,Desk 1
T0368,2026-09-30,14:35,2026-10-01,99026AAD1,NEVR,SELL,400000,100.269,401076.0,Kestermoor Securities,Desk 2
T0369,2026-09-30,14:54,2026-10-01,99054CAB6,NEVX,SELL,750000,104.07,780525.0,Talvesham Partners,Desk 3
T0370,2026-09-30,15:15,2026-10-01,99007HAA5,TRNW,SELL,195000,104.494,203763.3,Ulverthorne Markets,Desk 1
T0371,2026-09-30,15:23,2026-10-01,99101XAB3,DRAL,SELL,200000,85.766,171532.0,Kestermoor Securities,Desk 3
T0372,2026-09-30,15:54,2026-10-01,99145PAA0,PRAR,BUY,50000,92.09,46045.0,Kestermoor Securities,Desk 2
T0373,2026-09-30,15:58,2026-10-01,99051ZAA0,TOVR,BUY,85000,96.898,82363.3,Kestermoor Securities,Desk 1
T0374,2026-09-30,16:43,2026-10-01,99070SAF2,DRAR,SELL,495000,96.543,477887.85,Wendlecroft Securities,Desk 1
